trial_id,simulated_return
1,0.0044369094661486
2,-0.014458227030306572
3,0.010700164865673172
4,0.013371554583094131
5,-0.027259907237576243
6,-0.01814247891845117
7,0.0019515179293807514
8,-0.004288536666632811
9,-8.092025124565205e-05
10,-0.011831427686800667
11,0.01251206703131726
12,0.01108434464662486
13,0.001082995735456847
14,0.015994648700110494
15,0.006724393148393814
16,-0.011919229295670042
17,0.005336682290218268
18,-0.01331862513898794
19,0.012498750748582622
20,-0.0005463743944946205
21,-0.002442440759278444
22,-0.009412953756038641
23,0.0173337633045069
24,-0.0020162167462428517
25,-0.005863507923246593
26,-0.00479286027413369
27,0.0076349314128641545
28,0.005290217751415288
29,0.005954695156486439
30,0.006208865100180041
31,0.030248631276530685
32,-0.005555599028306068
33,-0.0070426424675126215
34,-0.011279606449958653
35,0.008810627965890164
36,0.016018973138824465
37,-0.0014459763845997699
38,-0.011650339024930423
39,-0.01143007730104457
40,0.009296999412421975
41,0.010599035511688332
42,0.0077873216398125075
43,-0.009196281137556397
44,0.003417388593782037
45,0.0017947785891544716
46,0.0032280759005371023
47,0.01240008745917327
48,0.003297026184548253
49,0.009694950213354172
50,0.0011047527616463194
51,0.0042177378644497115
52,0.009025740386601378
53,-0.020320136392263884
54,-0.004336714149785929
55,-0.006454303001242457
56,-0.008822062227766438
57,-0.003711013151711486
58,0.021161405249620922
59,-0.012011107505219299
60,0.013760974167207885
61,-0.023491767362832688
62,-0.0045504918188588855
63,0.002442094958417675
64,0.008392494698719818
65,0.010148998196589225
66,0.011302920725442268
67,-0.004744965870338385
68,-0.006341597459771234
69,0.01221105340320807
70,-0.0025329603037118355
71,-0.017770208614734048
72,-0.015769280352105102
73,-0.012764568082653567
74,0.007141041315428911
75,0.002156464469864246
76,0.009857551817824165
77,-0.005848400035923839
78,0.0023828905208784306
79,0.008945677014856384
80,-0.004191636435591214
81,0.006573562335210373
82,-0.009145923665842869
83,-0.004946307364909451
84,-0.005208847199212068
85,-0.016648238997567896
86,0.0069978804205631205
87,-0.006440668583895847
88,0.0003307237993952299
89,0.006910397970600084
90,0.006429617388291652
91,0.009504854458660868
92,-0.001228711689565187
93,-0.005792835508290988
94,-0.0009650023985429607
95,-0.023554502790781695
96,-0.020179011789566745
97,-0.018430818215116333
98,-0.013857702005281235
99,0.005772609758265194
100,-0.01256822252795459
101,-0.005158608129559276
102,0.01841133397597759
103,-0.004850899087017288
104,0.010518399246076544
105,-0.012963613830586192
106,-0.002731554139419188
107,-0.01319412073138772
108,-0.004608778295118282
109,0.011962794210639699
110,-0.024116367934054566
111,0.006259487785295267
112,0.0034957158598609693
113,-0.008193565991079855
114,-0.020164192771093683
115,0.0011686934737354748
116,-0.0072850314308820635
117,0.0034246235725142737
118,0.00046221858461954464
119,0.02266263889149663
120,-0.003208155604164687
121,-0.01422656454801475
122,0.0026742626815254213
123,0.0032464565543645083
124,0.01925385478545462
125,0.011889769827169591
126,0.005169753736509069
127,0.020716836396005942
128,-0.01654880191868607
129,-0.008834338849647426
130,-0.012864666485638962
131,-0.005322270037613111
132,-0.01918941273576886
133,0.009080017605099307
134,-0.0029674113694028127
135,-0.02051194672483637
136,-0.014115298590888352
137,0.004560517690838374
138,0.011932139775960093
139,0.028212326832787533
140,0.041099447378516264
141,0.005978257100845492
142,-0.01374938271229912
143,-0.029803393722007118
144,0.003916923167786372
145,-0.011267920717817084
146,-0.005681251417738154
147,-0.008445746965229694
148,-0.0018231681769207734
149,0.01513383700537097
150,0.0023619379220101754
151,-0.0020739033485380714
152,-0.014397378851022932
153,-0.023376729751818606
154,-0.006678218037028811
155,-0.0006005661634939662
156,0.02499731835583124
157,0.0019857210654468595
158,0.013964175835739964
159,-0.006860715210219517
160,-0.016495135002161078
161,-0.013406224772188611
162,-0.010035388541495665
163,0.030063461793964172
164,-0.011386594265896362
165,0.011937235371772588
166,-0.012532364695821786
167,0.013245207207886684
168,0.005564319964511242
169,-0.002045843254173221
170,-0.0004176146303707676
171,-0.009045620247458155
172,0.0064231680842971265
173,-0.00623806124774398
174,-0.017066499107549673
175,-0.017801842181380662
176,0.0025802898857058463
177,0.022343842445951674
178,0.002403292283027228
179,-0.0015118903591447561
180,0.004171462468381436
181,0.018506511364654567
182,0.003237826336490788
183,-0.005619002637082056
184,0.015700233633667304
185,0.006179854767391023
186,0.021734914793660628
187,0.0027298899911090396
188,-0.017050526259896306
189,-0.019069595891769705
190,0.02335325911727081
191,0.024375337819554647
192,-0.0023673612140341
193,-0.005229213897697176
194,0.020690720198790424
195,-0.015400546143030028
196,-0.01241713974644983
197,0.009194900943624271
198,-0.005389651714145813
199,8.319189191892844e-05
200,-0.0021414640668628495
201,0.004898607848651746
202,0.019932464380550883
203,0.0014280204456927979
204,0.009203500472629533
205,-0.02865293455897188
206,-0.0005294070201262442
207,-0.01169353058685037
208,-0.01697105109412157
209,-0.012184240188024048
210,-0.0045397903086323126
211,0.013025012801508902
212,-0.01848271207159181
213,0.0005855820225219815
214,-0.0066481691373789726
215,-0.0044491529419136795
216,0.014245464187916806
217,0.00771651824779375
218,0.018947678980368303
219,-0.002015882279733242
220,-0.009623910627491118
221,-0.0029904013889865263
222,0.0035626179462305823
223,0.0026362915070372328
224,-0.01508217159669622
225,0.0014266837881120793
226,0.003362123945409123
227,0.03552957539533748
228,0.026527738720577752
229,-0.011834229888929947
230,-0.0038830197304373943
231,-0.02040846699523798
232,-0.008145187321768233
233,0.004589901676749125
234,0.017099274996873224
235,-0.010089596236182021
236,-0.009036609615421392
237,-0.030017577978014822
238,-0.0021305463216178253
239,-0.014773407600342216
240,-0.007284282740420695
241,-0.012166091363442329
242,-0.001169372972198423
243,-0.024543647031468965
244,-0.02045909815366311
245,0.03007438518250194
246,-0.017935121234704938
247,-0.015256375780277191
248,0.02596664509558109
249,0.040975859822657244
250,-0.016307165478999176
251,-0.00501930671807378
252,0.004954547100911796
253,0.024446044147974116
254,-0.0137117099210643
255,-0.003291371955500321
256,0.011077960193074004
257,0.0062642994706390304
258,-0.005130413935225103
259,-0.0017252580711107396
260,-0.019164255694447765
261,-0.0031915483086130893
262,-0.003587995183165217
263,0.003417508967225168
264,-0.00764804634693019
265,0.006781009378378395
266,0.014385389421690308
267,0.0023391850926654367
268,0.0050978849636803885
269,0.0009020771061667236
270,0.00015634791408845018
271,-0.009983847019106882
272,0.0046023971315261765
273,-0.0012118654811567242
274,0.02956742206217462
275,0.022263237779482786
276,0.0055769043426656
277,-0.010566974784626622
278,-0.015475943810840715
279,0.01689256730677967
280,0.0038471960416888297
281,0.00690192129533303
282,-0.0243589758738288
283,0.013187110632692482
284,0.006540472348389701
285,-0.01544811067447153
286,-0.006470492539406008
287,0.003860797650341724
288,0.0008924019220718406
289,-0.003950296084284434
290,-0.0012990085548818132
291,-0.003385510770817629
292,0.002298901889234181
293,0.020831905691329148
294,-0.03591036839825984
295,-0.00317295137019917
296,0.0026354352465682365
297,0.004314336526368558
298,-0.005070814425973542
299,-0.024529502616079606
300,0.004764007132766857
301,0.02442711066401797
302,-0.021397968787187884
303,0.012293284937187766
304,-0.0044611266721506105
305,-0.0007065400762385676
306,-0.01463969443559248
307,-0.004544465704255233
308,0.018422804213195632
309,0.008342371562611315
310,0.024496825903193263
311,0.01669962456728904
312,0.006325010662036079
313,0.024660145960090907
314,0.006323696558354334
315,0.011789679662417014
316,-0.004012119642334866
317,0.0010902339461862575
318,-0.009644723947366513
319,0.014060350598561299
320,-0.016401830693845557
321,0.011148397332199314
322,-0.002523780884242763
323,0.016612999632430316
324,0.010706035504015441
325,0.025738063316569776
326,0.010423679468513079
327,-0.021934440832775917
328,-0.0007856338235320858
329,-0.016313356083013146
330,-0.007127473269282329
331,0.02139026456597266
332,0.009113500539877105
333,-0.009665894087379364
334,-0.014089138611995643
335,0.0006158012907861639
336,-0.01693939420104691
337,-0.009275399377243726
338,0.004539378877064196
339,0.01638908737069981
340,0.008709204572701938
341,-0.03204100796524351
342,0.004431986495288011
343,0.0011673454455359011
344,0.005970962267913887
345,0.02286541386922586
346,-0.028836534586474238
347,-0.008150757514114758
348,0.008458312040458549
349,-0.02206869136598077
350,0.020894534506204463
351,0.005331143571177606
352,0.01205097961057816
353,-0.007867481578735796
354,0.011589803568709216
355,0.01516884398701692
356,0.0034274592987935115
357,0.0034488580193542287
358,0.003953903714087342
359,-0.011976177445238496
360,-0.0019178446264656926
361,-0.00198801599254444
362,0.005542440270750062
363,0.014204242863238256
364,-0.014718911052524819
365,-0.001601408630471085
366,0.020971909362973065
367,-0.010293405418400528
368,-0.011398725504247538
369,0.0029978777123385383
370,0.012020083126770848
371,0.00031571585596659355
372,0.018829118784857705
373,0.012194445894181553
374,0.011984039163273619
375,0.007941358009643457
376,0.032862296928266414
377,-0.002727677752237862
378,-0.02799743241686157
379,0.02269742308573825
380,-0.00627622456472644
381,0.001671049561853562
382,0.018556379518268
383,-0.02235906864489707
384,-0.01743242185964046
385,-0.022345275587654104
386,-0.01100368404847512
387,0.006332737990224728
388,0.00752081395597787
389,0.004037242617112247
390,-0.019696388969541956
391,-0.03230537282336191
392,0.0009189142051880435
393,-0.006474022656855515
394,0.0066102443875358146
395,0.010018698822062572
396,0.0020976685111258717
397,0.010836210424986037
398,0.003375937237391817
399,0.007603392989684294
400,-0.009746589812896445
401,-0.002368656774693868
402,0.002920171301245972
403,0.011684859292464857
404,-0.0053775118682492865
405,0.0074783700243573
406,-0.0035802851242454766
407,-0.0014964876287696272
408,0.011811190692319696
409,-0.02785042620640941
410,-0.01806228420803989
411,-0.02067184076337885
412,-0.032635762476754766
413,-0.009375504909349009
414,0.010685870278544923
415,-0.0038479007584236065
416,0.0029344193665879455
417,0.015460356618795319
418,0.018811210671651063
419,-0.0008163331144831853
420,0.01917514241688761
421,0.0014496844450638375
422,-0.011611581291969635
423,-0.008197084450148445
424,-0.02064867137440415
425,-0.01232449555299321
426,-0.004875527478473529
427,0.011446777465878034
428,0.02433464608062581
429,-0.019266631173703173
430,0.005674997031554499
431,-0.014466093550759465
432,0.006825392126587762
433,-0.0016868086194246487
434,-0.025571903440823513
435,0.0131991740293766
436,-0.008346035951585042
437,-0.007346964051145409
438,-0.01487651786921624
439,-0.009038532382081365
440,0.006167686156120525
441,-0.002504014335469502
442,0.004773372752027081
443,0.005240725233942898
444,0.01871250588266756
445,-0.004661514817151077
446,-0.02059697999607509
447,0.015151291641533638
448,-0.004502760699015215
449,0.01581691397780054
450,0.005542204890826044
451,-0.001687523555503009
452,0.005056004116013716
453,0.027569913392301932
454,0.029339958657268655
455,0.0011300745778769106
456,0.002406088256924782
457,0.01527800488226253
458,-0.011727686568286277
459,0.0048353171900099665
460,-0.00020825105136428163
461,0.0045660591165662115
462,-0.011554961723547972
463,-0.02218072569617905
464,-0.028973469182001707
465,-0.01554581712659176
466,-0.006289936826150856
467,-0.003964634298195516
468,0.027376263387895953
469,0.015696083646626162
470,-0.013363709756443118
471,0.005041004906631012
472,-0.005564918297084717
473,-0.003840590743646455
474,0.0027592747646559912
475,0.008855476220631917
476,-0.004611945626759759
477,0.015103925497375385
478,-0.01589084048524093
479,0.00024423571462276226
480,0.03665650536876267
481,0.003289778308439965
482,0.020294047942965958
483,0.0014411624571073443
484,0.008315980690177215
485,-0.0006427298579306615
486,-0.002239328656038549
487,-0.010797774128121176
488,0.006201563295613489
489,-0.011810255676395178
490,0.009507666558075596
491,0.015405127108613642
492,0.005305496604606338
493,-0.0038670764479945214
494,0.0065340822807039975
495,-0.004182172938774837
496,0.013301049651278206
497,-0.025578932846491934
498,-0.00456064178954334
499,-0.027818833038694424
500,-0.0208527605561519
501,0.019319540929825938
502,0.012733898957472409
503,-0.009954650704046514
504,-0.02095734098792842
505,-0.04150106433563093
506,-0.007481792465017114
507,0.034165745609135025
508,0.006265960321700656
509,-0.007707696123097433
510,0.0066902600670890894
511,-0.021778722918967812
512,-0.004022692157613917
513,0.0015529747866851636
514,-0.0010546855887705602
515,0.011267214140870487
516,0.004997961829066299
517,0.009546178791614708
518,-0.00951753576177325
519,0.012770860527168216
520,0.023044251688577166
521,-0.013476942816745078
522,-0.012318338191439978
523,0.018925002994096066
524,-0.0025335176136826697
525,0.019881029112413608
526,-0.006063150801942247
527,0.020600808318781253
528,0.002002741642869364
529,0.0037836773875958127
530,0.02214187621349314
531,-0.004928274039017194
532,-0.013069062509087
533,-0.0061478605192739925
534,0.0065111553682655095
535,-0.021846180466597514
536,0.00911261658147939
537,-0.007415410266678338
538,0.016283709519628268
539,-0.0334879072998659
540,-0.010897306576457254
541,-0.02354233017542029
542,-0.011454642933495091
543,0.0036352519536711663
544,-0.00236324990135259
545,-0.003405185621595083
546,-0.002081632183811078
547,0.0030130821754357617
548,-0.01401633296965042
549,0.010087495419097522
550,0.009466646345739602
551,0.005565542049633325
552,0.007975319783936475
553,0.004320294540016001
554,0.028751097154206092
555,-0.001068646074331095
556,-0.004159833261054871
557,-0.010433068717638681
558,-0.014349728887883514
559,-0.01733159599241766
560,-0.012333818187561602
561,-0.0008380068852119993
562,0.004852526908985635
563,0.000873787273939517
564,-0.0106017954783145
565,0.012804150836634345
566,0.010545056496224078
567,-0.0020881441787147337
568,-0.009019322057550277
569,0.007861424634087441
570,0.0027964823999295793
571,-0.020193271120135962
572,-0.0008000659332893679
573,0.0038371714819364455
574,-0.01248694458233162
575,0.002822756064073933
576,-0.020287349423546985
577,0.018930648396864765
578,0.017690794179947907
579,-0.0033930979911188917
580,0.005262259008854372
581,-0.033707977917440665
582,-0.01609331537514591
583,-0.003972887244523416
584,-0.014909969132556487
585,0.010193540246097784
586,0.02822027493849762
587,-0.01637809897857643
588,-0.011612497175646634
589,0.0034635766757048865
590,0.022793841831400045
591,-0.017021092207743047
592,0.0036545056859026647
593,0.025747234667496007
594,-0.02305461486944193
595,-0.017845846473676832
596,-0.005797167522827019
597,-0.007159912263876987
598,0.01157347001542692
599,0.003550855794551821
600,-0.024785806790068542
601,0.007397477316616457
602,-0.007960154726981333
603,0.01806312136936325
604,-0.008663415842315348
605,-0.008790269679638585
606,0.007758900165987199
607,0.010875461983189573
608,0.00645165285970305
609,-0.023530093609691403
610,0.007715380113302138
611,-0.014378469663462005
612,0.0034611562016975566
613,-0.019850514123922653
614,0.006426680213971894
615,-0.011178803101252532
616,-0.017867843380726597
617,0.010185441689144025
618,0.0035506422370641033
619,-0.008472163912777107
620,0.020546474805925318
621,-0.006036687653046714
622,0.0006063246595429941
623,0.003933812925305489
624,-0.00855210504818131
625,0.006775357435269588
626,-0.007340670485247982
627,-0.005628994573486367
628,0.019302403799317386
629,-0.014466685308688602
630,-0.03374814237913914
631,0.022791324447136788
632,0.03597717228862576
633,-0.005539499451285832
634,-0.02706041529635531
635,-0.004207619181563582
636,-0.003866714146823218
637,-0.002513562365176948
638,-0.015489666132555873
639,0.008298894667367081
640,0.0075253038826331164
641,-0.020843553834078564
642,0.009979960179660184
643,0.028998568552433244
644,0.002571471339438562
645,-0.004584779457817478
646,-0.0018402032647972225
647,0.00880047353420291
648,-0.024163457241272748
649,0.002465106309527561
650,-0.005331461807419626
651,0.02611996837193388
652,-0.0022922348881576106
653,0.023591568900044456
654,-0.015354105990087715
655,0.008407063844217423
656,0.0046432309667670335
657,-0.01205629914854109
658,0.002647852507017998
659,0.017192931614670497
660,-0.00439461339362314
661,-0.023619536390120693
662,-9.162288121490443e-05
663,-0.01252528154399994
664,-0.004655258895474283
665,-0.0009912725979597627
666,-0.023811896028694587
667,-0.022547342534056294
668,0.006928948498915877
669,-0.0071898460472472
670,-0.0358834723381227
671,0.01118343760181472
672,0.003982379405705379
673,-0.009875886013445846
674,-0.01834834402694837
675,0.011899558845377387
676,0.005064079942700031
677,0.0336344181336751
678,0.006059463335457789
679,0.005602992292444948
680,-0.0021904341638338052
681,0.011632129328953715
682,0.008938578273897874
683,0.017743839113024205
684,-0.007170233208894724
685,-0.005962987993052969
686,-0.006576980295590204
687,0.011267152306867072
688,0.021209646035691764
689,-0.006292258257640756
690,-0.0058135673870574715
691,0.004568434002996175
692,-0.0032981680450552757
693,0.013532991956933253
694,-0.031485800042645076
695,-0.011461325577607026
696,-0.010839000495082197
697,-0.032449437408356915
698,-0.013385452114212116
699,-0.0127042002311568
700,-0.002670670129607787
701,0.015794058387497166
702,-0.003288320032502931
703,-0.014329368889612894
704,-0.0006451375464206228
705,0.014897678086982074
706,-0.013558572438827136
707,-0.01263982681984693
708,0.008003640915953635
709,-0.0029577638367026975
710,0.009253325829139607
711,-3.6596522485761646e-05
712,0.010014624179728213
713,-0.014389290233617269
714,-1.4646019383698987e-05
715,-0.002805359296623122
716,-0.016929990548333995
717,-0.021814127133346795
718,0.009790999195562398
719,-0.0047762630286458975
720,-0.014209460846650932
721,-0.001196301119894633
722,0.016005575893641405
723,-0.0318927407375503
724,-0.02087493193092503
725,-0.012812823297296463
726,0.020686990558690697
727,0.00412594729497281
728,0.010937158942295026
729,-0.01586586656611565
730,-0.015576052722744519
731,0.006447639073484224
732,0.0009740067588448957
733,0.007865793233488015
734,-0.0024819063285259502
735,0.004063512652791268
736,0.00237698035205691
737,0.011083999732434532
738,0.011494879612376434
739,-0.022606550920682613
740,-0.031422445321614784
741,0.014231238009716556
742,0.016844541077139823
743,-0.014186173744238645
744,-0.025978408902236738
745,0.001546754839674736
746,0.013234882318010815
747,0.02541415210243326
748,0.007409943419358193
749,-0.0050680338386366874
750,-0.012394707888323205
751,0.00031607046243824904
752,-0.004049971011167652
753,-0.014108115782882562
754,0.02894335535866288
755,0.02523954584580895
756,0.016118407401330827
757,-0.012784213721190563
758,0.01216950919405721
759,0.009142904794588106
760,0.006373614205913115
761,0.017714896551211997
762,0.009083111700951217
763,0.010553509403140315
764,0.009104682805221382
765,0.004943809707895179
766,-0.024907339634153876
767,0.0013301678445763001
768,-0.007660197285051637
769,-0.01782858766804984
770,0.02378729306061419
771,0.024450227245070184
772,0.01925431883868209
773,0.0037413062516317196
774,0.019133539027428013
775,0.0003245279350936103
776,0.003004778218905463
777,-0.015209806019611324
778,0.005733505386349388
779,0.0010036779773990386
780,-0.018149119821297317
781,-0.0005642367370387639
782,-0.0009651619250978993
783,0.0254136834018733
784,0.012720245719925957
785,0.0003159882246267763
786,0.0036510094844348626
787,0.0007764145198252173
788,-0.0026960940251927745
789,-0.015054618264970086
790,-0.0019673510118535776
791,-0.010328675201114858
792,-0.01741370975868178
793,0.0073386211562390434
794,0.005653037151576671
795,-0.0249508485970408
796,-0.0015687473075342154
797,0.014146310273932747
798,0.015038897818990109
799,0.014569760166779596
800,0.0007019529485581852
801,-0.011719034961279007
802,-0.015072486637588556
803,0.0049973952496776
804,0.005484634581305955
805,0.01824416006466181
806,0.015611581563026037
807,-0.001702855572098143
808,-0.017327859562351174
809,-0.004328780372579552
810,0.003207597144017187
811,-0.0026844208485528255
812,-0.007965146128861962
813,0.003708585784854664
814,-0.006926225545779312
815,-0.008670140173660875
816,0.0045315572607186345
817,-0.005493456942344397
818,0.0035852071864454224
819,0.003994102158628365
820,-0.015855581982958382
821,-0.00660702184928171
822,0.020358157204600998
823,-0.01617385678903505
824,-0.02958711462217484
825,-0.02600664895925194
826,0.0005642019419580462
827,0.0005895977510133877
828,-0.001497452803026805
829,0.017216411644348676
830,-0.0374023057042014
831,0.00571864685444749
832,0.022095789659317716
833,-0.01569190620485124
834,-0.005181708284756375
835,-0.010424136665143508
836,-0.012411786486846986
837,-0.004429324948940002
838,0.020213543478293055
839,0.02597329354683665
840,-0.004565304893803507
841,0.02692421168532516
842,0.0006550667199394804
843,0.024797239919123772
844,-0.001155828618137768
845,0.001996727709141507
846,0.005290645034877001
847,0.0448229847702809
848,0.012117044225420955
849,-0.009783001132909539
850,0.013771084478115054
851,-0.0049291460731792445
852,-0.006726587321233621
853,0.012922419868091596
854,0.000591962763787148
855,0.004069585565061732
856,0.00035167611029431913
857,0.004884676829725846
858,0.006126591789104463
859,-0.027062226429987898
860,0.009521541512757142
861,-0.013643733317426791
862,-0.02011137694400417
863,-0.0006656064770660262
864,0.001335225361557452
865,-0.009589674768275288
866,0.011832448097595457
867,-0.018704479944070387
868,-0.005563028538106712
869,-0.008063226328057355
870,-0.0004994613171559035
871,0.0040736376125554445
872,-0.014007296525506158
873,0.01033245661101604
874,0.0010404430146835001
875,-0.026429616084162985
876,-0.02736608428982864
877,-1.794310525602433e-05
878,-0.002949771343715293
879,-0.0012980508786115093
880,-0.00023803483811670896
881,0.0033246275148307905
882,0.013471108320629827
883,-0.015457584461649338
884,-0.01631285585211816
885,-0.015207733239233759
886,0.0042148891722595325
887,0.01764860290458547
888,-0.005905825798348678
889,-0.034997599401398835
890,-0.023788579540680328
891,-0.011550295440378961
892,-0.007681793515393092
893,-0.0055833313209299055
894,0.0006972866546095483
895,-0.0042253572212285545
896,0.01490001049121654
897,-0.009343929186020502
898,-0.011961742213540983
899,0.006884105828187666
900,-0.021422989891332424
901,0.005630934700541967
902,0.0015961932907694323
903,-0.0019166335188089652
904,0.022472903839082896
905,-0.008587817220440068
906,0.029105545655492514
907,-0.0030124993116894443
908,-0.017788898885896944
909,0.0011376405770485367
910,-0.014967751621535979
911,-0.010408173128491854
912,0.005734095488468451
913,0.007961951783830063
914,-0.008587258741000647
915,0.014029735227396442
916,0.016419940667858807
917,0.020337428591355334
918,0.007594241236322806
919,0.01931344933361595
920,-0.02627297185450722
921,-0.0043119178322437324
922,-0.012027606001468431
923,0.0018304702576797693
924,-0.00787458544788856
925,-0.0021796132312526515
926,0.026602637263019844
927,-0.0022296642140419735
928,0.005969585663059565
929,-0.0031085821369636474
930,0.0012190511424646838
931,0.0002397057487367166
932,0.00645481027170174
933,0.016529539634924137
934,0.023303601856713926
935,0.004505804248068195
936,0.008439209846332774
937,-0.016016268601363074
938,-0.0010796424152863925
939,0.013367686872660323
940,0.01232336403332733
941,0.003128606887149496
942,0.0126103714630432
943,0.00705119520948427
944,0.017021325951270892
945,0.004221106839825579
946,-0.00484295075038144
947,0.004874252410629037
948,-0.04102423253248266
949,0.005535300284988584
950,-0.051110694656284275
951,-0.024062170882306513
952,0.006503211328428483
953,0.006865189613414712
954,-0.016178764537590734
955,-0.009850975675599663
956,0.019413387845758964
957,-0.006646211731663964
958,0.03167166988741534
959,0.0001281851466303235
960,0.005888702967362505
961,0.02287475417151304
962,0.001996296188097974
963,-0.013929324908844572
964,-0.0013866787581296109
965,-0.0003452239942709714
966,-0.019021574057213546
967,-0.0034396751856900806
968,-0.010273787559671737
969,0.013143821678908936
970,0.0006415125550820594
971,-0.0038185566635315377
972,-0.0013368586900737297
973,0.0032903723487061223
974,0.008822357878589576
975,-0.01389234471265864
976,-0.014480759062073925
977,0.01567761773836071
978,-0.005638810283861414
979,-0.019753666021620053
980,0.006391418717175669
981,0.00666622624654868
982,-0.02135376053476564
983,0.0033797359524777113
984,0.010491244961609551
985,0.005415872157906895
986,0.009035481735248959
987,-0.019576995955558767
988,0.004806789484757784
989,-0.00409711474383898
990,-0.006628788190687375
991,0.01238781808758235
992,0.02094126241184388
993,0.02536884333013085
994,0.018630251141410998
995,-0.0013867733241630506
996,0.005111427210402972
997,0.010930212295911087
998,0.0018579001230272037
999,0.001992601638091956
1000,0.011730170715238256
1001,-0.0006778510285433189
1002,-0.010092450086819667
1003,-0.005668827116346882
1004,0.009062585686129854
1005,0.00019722244248749054
1006,0.0049356396990112295
1007,0.009570814308347848
1008,-0.005111941649976548
1009,0.010781621251246811
1010,0.005478487998870211
1011,-0.017195876272818166
1012,0.02042178053495069
1013,-0.006881077947293016
1014,-0.023101493581732902
1015,-0.014529322301756195
1016,-0.01419210548209701
1017,0.0008882780772921812
1018,-0.003692862122170536
1019,-0.004577849311453537
1020,0.008862935465187355
1021,0.00493093782997831
1022,0.004596124645480945
1023,0.005913887286411784
1024,0.00881280940482939
1025,-0.02946485057586031
1026,-0.004965760411377228
1027,-0.030480169557244394
1028,0.0006618599393581755
1029,9.006161756899772e-05
1030,0.014846511520959236
1031,0.016843266593918667
1032,0.0030044658719739913
1033,-0.006875686840096035
1034,0.006972427888436533
1035,-0.007262899230941054
1036,0.00013559314835583723
1037,0.01401190622559421
1038,-0.007682390123064644
1039,0.011476196070927301
1040,0.009673701537805165
1041,-0.01326114328565162
1042,0.013839884493383024
1043,0.009971102274461713
1044,0.0015873788044369844
1045,-0.010556664436090425
1046,-0.011918014619123502
1047,-0.007399830740637892
1048,0.0077794555114513225
1049,-0.013272853148984751
1050,0.0063028874751779925
1051,-0.017293428346059257
1052,-0.0027123179402797487
1053,0.0016958830106477325
1054,0.03451303154363508
1055,-0.01919825829865701
1056,0.02083924894019393
1057,0.0022606802934584547
1058,0.005932764991977884
1059,0.0018181337307684544
1060,0.006404263363226159
1061,-0.002004351930333992
1062,0.020586821478388632
1063,-0.006258965231796868
1064,0.016064813223073078
1065,-0.008899195009542447
1066,-0.0006914697964714468
1067,-0.014907573776890268
1068,0.006548950802848033
1069,0.02046142228755497
1070,-0.0009318121996831146
1071,-0.0026113872593123617
1072,-0.015506934379985396
1073,-0.0030667552188801913
1074,-0.022226066767074563
1075,-0.01267218898489525
1076,0.003341857618664573
1077,0.01868934249498405
1078,0.03962893007887764
1079,-0.008087267830162769
1080,0.020323354559622676
1081,0.003580262325341444
1082,-0.001970101871784515
1083,0.00623378480423784
1084,0.0010251846517219565
1085,0.0017063931633936114
1086,-0.0055825519597233015
1087,-0.0194904462979255
1088,-0.02153516528140498
1089,0.00933426546541174
1090,-0.0037329032029640758
1091,-0.008220811159860017
1092,0.00027467930294829086
1093,0.011325192681769378
1094,0.002689555097229791
1095,-0.009063426951219603
1096,0.017386479339535212
1097,0.022345166756397472
1098,0.007104449831363971
1099,0.013836643968763147
1100,0.01760662555818126
1101,0.016034809568924002
1102,0.00878420760199235
1103,0.008562865752760022
1104,0.0074571988008695755
1105,-0.01526413358634874
1106,0.010001408819803423
1107,-0.018896126296576412
1108,-0.011010192236219038
1109,0.018472272318542676
1110,0.011961558028820136
1111,0.0210554141021157
1112,-0.0036622842361792615
1113,-0.016035720613521674
1114,-0.0032233533338793595
1115,0.0015888599765093412
1116,0.0012650759894931951
1117,0.01608513045222901
1118,-0.0049212475269405295
1119,0.005101792185613926
1120,-0.013736582163033067
1121,0.006482817991583027
1122,0.0001988420099345694
1123,-0.010380877857930583
1124,-0.0031586061095813496
1125,-0.00243279272547101
1126,-0.00364093635709745
1127,0.02504525281284042
1128,-0.001228156903420039
1129,-0.0032719564257534025
1130,-0.02931727579534687
1131,-0.012409837619737156
1132,-0.0035414274240029545
1133,-0.009482131390299743
1134,0.019570295955463134
1135,-0.0021624694045768796
1136,0.018259801375347842
1137,0.0010222078359731948
1138,0.0006782708803067716
1139,-0.001092565700624473
1140,0.000208505281324531
1141,0.024306896683808255
1142,-0.032438964989690636
1143,-0.02796965885823854
1144,-0.007477230251520915
1145,0.0003593013256534122
1146,0.009852199170511193
1147,0.006802770669981484
1148,-0.005244088752955898
1149,0.014474305882146567
1150,0.014631004696077277
1151,0.002741459954102098
1152,0.013681993464141564
1153,0.0039862507224733106
1154,-0.007734544992826144
1155,0.009960570547902711
1156,0.0017094479278259953
1157,0.00017398898451792457
1158,0.020852443426111453
1159,-0.034283391193332034
1160,-0.019765498516938308
1161,-0.016525017871748836
1162,-0.0049492132396374965
1163,-0.0034224774710194905
1164,-0.021025100258121706
1165,-0.013687835688902824
1166,-0.011940998177330436
1167,0.034685780559836815
1168,0.025472429858272992
1169,-0.005630555637061067
1170,-0.004953746870333645
1171,-0.015992935833333083
1172,-0.026657028622969564
1173,-0.0014871857705097524
1174,-0.013866205380296115
1175,-0.001037119462341862
1176,-0.022330211088022932
1177,-0.010551760448969664
1178,0.0022436031817041663
1179,0.005300974682852165
1180,0.006021290331801907
1181,-0.01839975546157141
1182,0.012164821678878586
1183,-0.011089052930222706
1184,0.009047796947457939
1185,5.6721595533465235e-06
1186,-0.0191852162616214
1187,-0.004287905923976901
1188,0.005289089098563719
1189,0.008768276001382625
1190,-0.0018259364873117864
1191,0.021679030352938566
1192,0.014312250443745329
1193,-0.0034512261932718997
1194,0.010695536514437992
1195,0.02732795869285872
1196,0.027703010249040715
1197,-0.017100140164030154
1198,-0.012864064654245016
1199,0.021020573241402867
1200,-0.014715327469595078
1201,-0.01842859133857813
1202,-0.006676619274467409
1203,0.006059998850577496
1204,-0.0012836704240771814
1205,-0.008986265444341147
1206,-0.009318568330185132
1207,-0.009854278106579554
1208,-0.012203311819640418
1209,0.032215641444087575
1210,0.0043356538735146105
1211,0.01261550161154539
1212,-0.006717134635561257
1213,-0.002457817562562312
1214,-0.009871377676550233
1215,-0.037105451270683626
1216,-0.019208004753703267
1217,-0.02528683758807095
1218,-0.0314577880989129
1219,-0.01664148482069442
1220,0.01877284357529048
1221,-0.00046923499005123003
1222,0.01828958381914526
1223,0.005930104455755237
1224,0.011151326845762984
1225,-0.012503837480120116
1226,0.007517485303591847
1227,0.010394726852214011
1228,-0.00794762643318311
1229,0.00801757178239835
1230,0.008110977889369963
1231,-0.007566904296427887
1232,-0.015621475160377927
1233,-0.016483676882917773
1234,0.0013706990430465364
1235,0.0047501577149698755
1236,-0.010981054594684911
1237,0.0005287273240235766
1238,0.008172091982286732
1239,0.008841700048153173
1240,0.021961483792788165
1241,0.018098722591854473
1242,-0.013914534978491284
1243,0.02381215854703073
1244,-0.007305881058029351
1245,0.014837245052714358
1246,0.0011104795632234652
1247,-0.005636175706013851
1248,-0.025245781484175677
1249,-0.0022555853029312912
1250,-0.021756590073367266
1251,0.01374721603075663
1252,0.021468450538049036
1253,-0.011042672875147718
1254,0.004398319170055974
1255,-0.0100377134755067
1256,-0.00867602280481331
1257,0.011038013431107928
1258,-0.0003863602685544344
1259,0.024599914210771862
1260,-0.006620951921751521
1261,0.01419738690894956
1262,0.0015239715427391018
1263,0.011337076876478027
1264,-0.006128096301236264
1265,-0.0005412164436245289
1266,-0.001467776264032741
1267,-0.01159273663151325
1268,0.00945843411658421
1269,0.009292168738858773
1270,0.008495525774688005
1271,0.021751912419127342
1272,0.020520703591030143
1273,-0.005113392148689204
1274,0.005397125516985438
1275,-0.008607394458221425
1276,0.0004833404619498711
1277,-0.008272247555149973
1278,0.02291966167092919
1279,0.005265684952542471
1280,-0.002908485223296277
1281,0.01692735358867821
1282,-0.030345349783179477
1283,-0.02814610207495277
1284,0.011337929039434503
1285,0.0010048375070240536
1286,0.0036743208725026383
1287,-0.01848275964422557
1288,-0.00017130759882944498
1289,0.028307575530115082
1290,0.011736444562747467
1291,0.0025398021336683007
1292,-0.006014226088623918
1293,-0.005389198256700415
1294,-0.02976336940482822
1295,0.0037754094215914453
1296,0.012035510576841156
1297,-0.021984732336610153
1298,-0.009138770741534765
1299,-0.01610901056305797
1300,-0.013409518913352665
1301,0.0009066618354107895
1302,-0.0291339198875663
1303,0.008786614088001255
1304,0.010747994574548664
1305,-0.0033732186126492958
1306,-0.03470263861114119
1307,-0.013846064488764992
1308,0.017479345733412366
1309,-0.03887996460383466
1310,-0.00472808068350543
1311,-0.016425678357827083
1312,0.011460622208463401
1313,-0.009331235668247862
1314,0.005831342344515334
1315,0.008100757643047702
1316,0.025956982004676665
1317,-0.002696486890801905
1318,0.005439168475078015
1319,-0.0207121698608405
1320,0.016882318249307665
1321,-0.010531166352821829
1322,-0.0077243033419261194
1323,-0.00015745395044280483
1324,-0.021805786097491495
1325,0.0033697356532623153
1326,0.013749563160737428
1327,0.004271336446900735
1328,-0.022171312153236762
1329,-0.0015845504797344669
1330,0.010581818593478206
1331,-0.02623349174717496
1332,-0.014946966757856058
1333,0.012471958696405357
1334,0.0039504216684523984
1335,0.005944001512538789
1336,0.02628394707993245
1337,0.00673905504551489
1338,0.009399508600630383
1339,0.03824533947474378
1340,-0.0028491234648004627
1341,-0.011056327811014132
1342,0.006166364713925146
1343,0.006323666637693854
1344,-0.007246005819409834
1345,-0.014351616699306019
1346,0.03261205738808207
1347,0.00474781955944659
1348,-0.01013458288827703
1349,0.01302540287147444
1350,-0.0013784965384597743
1351,-0.0033982143294493377
1352,0.008055967662127144
1353,-0.01799778675078692
1354,0.005110120990794733
1355,0.027035142966178444
1356,0.006705680978979608
1357,-0.00513120127947311
1358,-0.006970453348941441
1359,-0.00561075075887911
1360,-0.003413407311603647
1361,-0.005153605478581925
1362,0.01303075846246374
1363,-0.024199113018135036
1364,0.01226759921893286
1365,-0.005180022286333275
1366,0.0054518628715623015
1367,-0.015680765367197865
1368,0.01882448846755713
1369,0.017658264491048473
1370,0.013638896702321313
1371,-0.021129491024976705
1372,0.01180559858334282
1373,0.005844003731481524
1374,-0.022401387784599897
1375,-0.000186253852486983
1376,0.005277436807805978
1377,0.007968881800148491
1378,0.0026459590930867395
1379,0.004247414994047432
1380,0.020861686817892314
1381,0.01738283934528637
1382,-0.04013140514047673
1383,-0.004305341793902732
1384,-0.002158440152676839
1385,-0.024464539351215817
1386,0.0014785800504838467
1387,0.017702144844629127
1388,-0.015112800988621325
1389,0.004882116807046898
1390,-0.012713577694217904
1391,-0.00928624360904154
1392,0.02091483318083711
1393,-0.007468616497337609
1394,0.006649964148077073
1395,-0.026138353618752375
1396,0.0263236111468383
1397,0.008623363287082436
1398,-0.002409243677836367
1399,0.008242482856759503
1400,-0.019654986709368553
1401,0.016771552385079002
1402,-0.0043973263434600686
1403,-0.002712331016787252
1404,-0.006753361595930618
1405,-0.008003890393873461
1406,0.009916361175400965
1407,0.003751050063874308
1408,0.009313233921465134
1409,3.1583037695998326e-05
1410,0.007366415074178909
1411,-0.005730312177578853
1412,0.03148635142246869
1413,-0.021876691219775656
1414,0.017873286421574604
1415,0.01937638255530624
1416,-0.01181899035591032
1417,0.03147991256853195
1418,0.014143343950125186
1419,0.013801170766232806
1420,0.0005489172338001218
1421,-0.002897202251471959
1422,-0.00278735662836633
1423,0.005642722419707065
1424,0.019844001632602606
1425,0.0027029079319739586
1426,-0.012652033952728283
1427,0.011739640483752988
1428,0.013098758205102494
1429,0.009354143423276711
1430,0.010630577523207818
1431,-0.0036517982170938155
1432,-0.01289857604855641
1433,-0.012044301692780228
1434,-0.0228256322130901
1435,0.0034846574191575645
1436,-0.0010174227235446223
1437,-0.006027347348052736
1438,-0.04137586483186267
1439,-0.017371582237789143
1440,0.015904710970962282
1441,-0.009183863680931959
1442,0.005222034195007558
1443,-0.019386124358331105
1444,0.020371204665539974
1445,-0.0018686498648530913
1446,0.004230679311369909
1447,0.032835974039952295
1448,0.021463496571917817
1449,-0.004152560220051492
1450,-0.00818050126944587
1451,-0.004419250078584448
1452,0.007320023000876297
1453,-0.001323400166077718
1454,-0.005398630966011331
1455,0.020771333359866233
1456,-0.001449663990906908
1457,0.03246795411496377
1458,0.0014302357688734822
1459,0.025241653468101713
1460,0.005176053939688471
1461,0.013686251094630486
1462,-0.010026746655072288
1463,-0.011841478690742918
1464,0.006614743459292205
1465,0.014045867776149693
1466,0.0007208283273523985
1467,-0.017920658729980943
1468,-0.018958576939231753
1469,-0.019898317031713377
1470,-0.024682669158995134
1471,0.0016936011073360585
1472,0.015963773435522417
1473,-3.335054590399261e-05
1474,-0.03160716984162734
1475,-0.002525318163614521
1476,-0.002132416246972011
1477,0.029607194150701278
1478,-0.020319884772048512
1479,-0.005334463965235018
1480,0.024125036986750163
1481,0.006478055405496855
1482,0.008070584107369426
1483,0.001765251052932104
1484,0.0047913803249948934
1485,0.011081781571459469
1486,-0.011219375752843154
1487,0.012493246441546764
1488,-0.019137659039495453
1489,0.004769241182376212
1490,0.002666749715603736
1491,-0.008504711333491727
1492,-0.00016360122940922914
1493,-0.008592492274831914
1494,-0.014903903154614638
1495,-0.00481367330589386
1496,-0.015357589897626363
1497,0.004690966898051246
1498,-0.01600532223235673
1499,0.010159543087015766
1500,-0.01644645061671135
1501,-0.007802159490822604
1502,-0.008621484214188617
1503,0.018775528116874395
1504,0.004796247879844983
1505,-0.0028200261388653075
1506,0.007162943425116854
1507,-0.02945415742401875
1508,-0.00045093174873452925
1509,0.028223333217086595
1510,0.002014835666128907
1511,0.0011094473801468165
1512,0.00785721561599106
1513,0.012739804280912622
1514,-0.0279123418597903
1515,-0.023484133298474576
1516,0.0031100807370190325
1517,-0.009889961983493975
1518,0.018591151166767787
1519,-0.004273526765945028
1520,-0.02702799408515089
1521,-0.017662399408146835
1522,-0.03848204913059663
1523,-0.0031346647282286966
1524,-0.002491926999696871
1525,-0.0058091971017959106
1526,0.015315085259566312
1527,0.016996223956107396
1528,-0.0022390594591324524
1529,-0.02984059361030721
1530,0.008828925303494554
1531,0.007958834304867927
1532,0.004502593303663412
1533,0.013946474230502498
1534,-0.016212478651817526
1535,0.028381289623271473
1536,-0.013326285374191347
1537,0.010682905787449036
1538,-0.02355468912073806
1539,-0.012916499084090477
1540,0.021462492534345144
1541,-0.00351088495358769
1542,0.011957376883747347
1543,0.0034847526489497505
1544,-0.0013196627592810422
1545,0.019319373647787397
1546,-0.0031702613433877394
1547,-0.024866969218584643
1548,-0.011131606580131476
1549,0.00790026041971277
1550,0.0057126782045245576
1551,-0.02186443593252307
1552,-0.010022973362599602
1553,-0.008018924800441316
1554,-0.004980252363365339
1555,-0.01917855708467423
1556,-0.008674426239309797
1557,-0.010082944899891996
1558,0.010996400550012752
1559,0.011524570946523148
1560,-0.001893700941294104
1561,-0.005353604892653163
1562,0.002121315583998703
1563,-0.011318984222653252
1564,-0.01595960674985804
1565,-0.013056403650006754
1566,-0.008764947111834238
1567,-0.0161934486839112
1568,0.0024323501233095815
1569,0.010408798632769016
1570,-0.022146029713151643
1571,0.0005082594126086208
1572,-0.002935276853029992
1573,0.0049538885693293
1574,-2.664769189284326e-05
1575,-0.020270161492249184
1576,-0.01758336480498854
1577,0.0005686089157771095
1578,0.01461112901118179
1579,-0.030957603392952525
1580,0.005013156523199371
1581,0.016871195632085407
1582,-0.0019950887526734335
1583,0.007886360166912862
1584,-0.009724048569054839
1585,-0.0015221181056401887
1586,-0.022621185946493046
1587,-0.03278649610767229
1588,0.013402483237588544
1589,-0.01368554381658574
1590,-0.006245710415240637
1591,-0.01932650114697696
1592,-0.019657098293966245
1593,-0.002287527145088928
1594,-0.010096528658393026
1595,0.005466240590762657
1596,0.00651402846540168
1597,0.004663597038492849
1598,0.003507873101030972
1599,0.02232525152141068
1600,-0.014846185598904152
1601,-0.0006167579812046204
1602,0.01607121016807478
1603,0.017923906932030824
1604,-0.01982282152433794
1605,-0.004233916172807434
1606,0.019238869096785127
1607,0.007294461217416592
1608,0.0028989103896407058
1609,-0.002903645382172382
1610,-0.005237835993266782
1611,0.004205086753388479
1612,-0.003391085678161595
1613,-0.0004431335795273973
1614,0.0012595957411580137
1615,-0.009372794201410978
1616,0.0076324047800926595
1617,0.04110481763388795
1618,-0.024814255273549145
1619,0.004708040376247189
1620,-0.010526687288308106
1621,0.008268563483065268
1622,0.0008093667435681523
1623,0.010860402820068905
1624,0.016672851973092286
1625,0.0028589770958718477
1626,0.016062251853559948
1627,-0.032785857961706896
1628,0.022503482693335818
1629,0.005425366793131122
1630,0.015300532303688372
1631,-0.016985983457785618
1632,-0.01151844280712504
1633,0.002205821356699142
1634,-8.424670053228177e-05
1635,0.004132714593180627
1636,0.015394281510543562
1637,-0.02464892017843961
1638,0.013838829833188659
1639,0.0002715357355449696
1640,-0.0027082890331761762
1641,-0.020516287809164084
1642,0.007223775780843602
1643,-0.033766796094761437
1644,0.009266103192391708
1645,-0.020811238298412645
1646,0.000906328614071949
1647,-0.001519344864266137
1648,0.016588986289132586
1649,-0.002355220052439017
1650,-0.009598560920602994
1651,-0.006963391258109922
1652,0.0180411384468115
1653,0.007690965955516126
1654,-0.005263537063253083
1655,-0.0031672767282163827
1656,-0.021866105823691525
1657,0.005613826875133456
1658,-0.024572977062218046
1659,0.01071906799529577
1660,0.0019624948505435474
1661,0.033695535589495985
1662,-0.015303448126638853
1663,-0.0012873994867658688
1664,0.025423892334908483
1665,0.016896033644440884
1666,-0.00962769667595667
1667,0.003302251669475391
1668,0.00018325611775730922
1669,0.004117079143359099
1670,-0.009662381303844737
1671,-0.0010999280805522834
1672,-0.02229995144284055
1673,0.0020538560553117293
1674,0.006478650236786512
1675,-0.0030404332798322766
1676,-0.02253880693752467
1677,0.014045567359427974
1678,0.005277304006034559
1679,-0.010046475680789068
1680,-0.003787709262472387
1681,-0.020931569696110878
1682,-0.014253440037318751
1683,-0.007401921182121339
1684,0.01741637902424598
1685,-0.00883085207176179
1686,0.009151156565187498
1687,-0.007409015198741444
1688,0.0036392097097464045
1689,-0.0018316639652910304
1690,0.01242296088409
1691,-0.0073597664165426695
1692,-0.021941297909971708
1693,-0.01926336441287011
1694,-0.007318541355816946
1695,-0.017396067078197262
1696,0.005919276875912641
1697,-0.006389602785855123
1698,0.03352206569320074
1699,-0.024262422165068718
1700,0.003016523935351828
1701,-0.015694326705448153
1702,-0.006777891744625927
1703,0.0021423249183913466
1704,-0.03251991102716504
1705,0.003482936177892109
1706,0.026893962185031418
1707,-0.006216349045374845
1708,0.003805865256172856
1709,0.014556900893799875
1710,-0.0021486388096125493
1711,-0.00800822931290877
1712,-0.031822462728098626
1713,0.009162075463876656
1714,-0.001435029553398948
1715,-0.014074616123143436
1716,0.0019340421160526618
1717,-0.008046451894534384
1718,-0.007270044357079576
1719,0.008674492801282175
1720,-0.01865118585534774
1721,0.01487156559389251
1722,-0.019484495512973283
1723,-0.009156820183537265
1724,0.027175537434891324
1725,0.01599624431934155
1726,0.0015266494807189205
1727,-0.013060745671478273
1728,-0.00728193443595592
1729,0.001184793836750866
1730,0.000682421650938678
1731,-0.0011217153877984961
1732,-0.00027808256549719966
1733,-0.0028571405995727545
1734,-0.02010687482838656
1735,-0.00710261466857172
1736,0.013007048057745656
1737,-0.01907205629443483
1738,-0.002508386764880739
1739,-0.011363651590597462
1740,0.0017198082317641953
1741,-0.005305736673021035
1742,0.020914833613689978
1743,0.007273440786410882
1744,-0.01827770624678709
1745,0.009586956299638908
1746,-0.01072989754531052
1747,-0.007952531536368584
1748,0.00456480583980981
1749,-0.006754651595208642
1750,0.012701170568954586
1751,-0.010727905109252265
1752,-0.008541996622249257
1753,-0.00906786663562653
1754,-0.0077929393239719435
1755,0.015600507609299378
1756,0.008990724875287152
1757,0.024182525722104904
1758,0.03201907889501573
1759,-0.014328010268546345
1760,0.0011446599775194444
1761,-0.01637227597694227
1762,-0.010771406829702809
1763,-0.008698474092691977
1764,-0.01469950294093755
1765,-0.014625484976595217
1766,-0.001872257157312402
1767,-0.016941618125952348
1768,0.011988351475159672
1769,-0.01274069803129645
1770,0.03963396206367169
1771,-0.006187489305047858
1772,0.0011671215858527527
1773,-0.018046389886605084
1774,0.024128396397459766
1775,0.015885882306529864
1776,0.004327290384397402
1777,-0.018769501841235006
1778,0.003115358311601489
1779,-0.01560268281002077
1780,0.020703520756963762
1781,0.01152560262347947
1782,0.0014962285203522876
1783,-0.03407969338055719
1784,-0.013663357134204092
1785,0.009819272268498479
1786,0.01719805839157018
1787,0.015740717575668202
1788,-0.022215088888213008
1789,0.004392439499636151
1790,0.014424725313112275
1791,-0.023147023730072918
1792,4.409136410588228e-05
1793,0.004003072323531197
1794,-0.004071046664101357
1795,-0.025870583611535297
1796,-0.004421401350635882
1797,-0.004443986691182459
1798,-0.0019254847959782868
1799,-0.0077624850765746906
1800,-0.006069845541577361
1801,-0.0004027727675359067
1802,0.006372335244553815
1803,-0.004122505943004862
1804,-0.005601040505550245
1805,0.0014528794840708511
1806,-0.026836684898721604
1807,0.006858245196121602
1808,0.00014724967270358477
1809,0.0007129176501010124
1810,0.013654968610561605
1811,-0.02728492379442029
1812,-0.027580264055727867
1813,0.004002530594320045
1814,5.5159211737633155e-05
1815,0.0025464119555665497
1816,-0.006338439830603504
1817,0.00949036120152132
1818,0.013260183773498547
1819,0.0069558636595400646
1820,-0.00350988217036602
1821,-0.029461141610633394
1822,0.010964123411915909
1823,0.01732234399652144
1824,0.009212207076125363
1825,-0.0122051778473877
1826,0.009623017946433415
1827,0.012246938627872447
1828,0.02205894714046059
1829,-0.01215554070146182
1830,-0.003026875949155262
1831,0.010655492954191992
1832,0.0009618625729545959
1833,-0.015545023060293263
1834,0.005981163688647184
1835,0.008286255176071745
1836,0.001391177131992073
1837,0.0032406707330490878
1838,-0.0034800569576407697
1839,0.02092727304013587
1840,-0.012500959559712754
1841,-0.008097605242347056
1842,0.0003095255573819095
1843,0.012505828885393571
1844,-0.020885252516354272
1845,-0.018256538766264773
1846,-0.028478082780533022
1847,0.0006145806660030421
1848,-0.01555876849985576
1849,-0.005248363194364783
1850,0.009448551033219026
1851,-0.008859507818581724
1852,0.0034050330609661115
1853,-0.004050999638987232
1854,0.009599410237701908
1855,0.006831448048111688
1856,-0.009567579149323062
1857,-0.0022146565537113625
1858,0.014821375024650849
1859,0.005682716981369028
1860,-0.019474320709905565
1861,0.009367612294158443
1862,-0.015085298772089811
1863,0.020003160662463014
1864,0.014545338529397477
1865,0.004228502437239947
1866,0.002364527285384263
1867,-0.0027820652218070075
1868,0.009689475565308043
1869,-0.0050548460774512485
1870,0.0034652839718188554
1871,0.01240719176246721
1872,-0.007739090904643567
1873,-0.008503301285681383
1874,-0.016627524695666005
1875,-0.014802330388042545
1876,-0.0255366268211014
1877,0.010410388077150674
1878,0.02557321592912415
1879,0.020183243555080048
1880,-0.02269384609657117
1881,0.010340494014943915
1882,0.020137961119418797
1883,-0.006263726410152023
1884,0.0015806557456820125
1885,-0.02805884835358467
1886,0.0039032187698247343
1887,-0.01478950108798075
1888,0.0029603435773621024
1889,-0.021782159495331285
1890,0.007783161765046518
1891,0.014551153560989379
1892,-0.010849729243800248
1893,-0.015820362900469433
1894,-0.03014030439928268
1895,-0.0035883611426745197
1896,-0.008017134423261404
1897,-0.021639065393489598
1898,0.006520777949642465
1899,-0.006167619441814747
1900,-0.01496059598649129
1901,-0.007637440051504168
1902,0.015208651789606707
1903,0.008627360917323643
1904,-0.0016719056969716828
1905,0.008854547434079272
1906,-0.01615745081216525
1907,0.0006100121623342441
1908,0.002225269213118678
1909,-0.006446769321591962
1910,0.006274026817871354
1911,-0.010811137966409786
1912,0.0073189334338158345
1913,0.007909633405656043
1914,-0.04083545704661866
1915,0.016880802652121222
1916,-0.04266880055170684
1917,-0.008501281875059916
1918,0.014562891647711462
1919,-0.00430320835283254
1920,-0.020447024177410084
1921,-0.015213539393669089
1922,0.014584779917281349
1923,-0.02684495570667905
1924,0.016019237423772696
1925,-0.0006191078618766434
1926,-0.016599841029670083
1927,-0.008038508770839675
1928,-0.014138417043221801
1929,0.012326969133404688
1930,0.010446908348188571
1931,-0.024001717268946746
1932,-0.0055159329366601525
1933,-0.011973934784138714
1934,0.018330982583203554
1935,-0.018815823751580297
1936,0.022697068188088514
1937,-0.00031268065027727167
1938,-0.016171817819784738
1939,-0.009361590275199736
1940,-0.011108825487408658
1941,-0.01775520266444213
1942,0.0014876264596855545
1943,-0.017098955194948497
1944,-0.03048236362602587
1945,-0.005179881007908882
1946,-0.02517776265901403
1947,-0.010413864291006802
1948,-0.012619143003436873
1949,-0.012086774490562288
1950,0.028271795943504596
1951,0.0009478320398936128
1952,0.0036030051614596797
1953,-0.024805988142456346
1954,-0.009034033875868153
1955,0.003180497817548384
1956,-0.014241057602225833
1957,0.012914852878115933
1958,-0.016744589639995002
1959,-0.0038687261324640513
1960,-0.008079772099516562
1961,0.0024641220884163506
1962,-0.008844716469117907
1963,-0.0036513133952294774
1964,-0.003162831826758444
1965,-0.01016412453046268
1966,0.0069714830052977515
1967,0.003504888325620912
1968,-0.0010900012581178677
1969,-0.0058934449101536454
1970,0.011347840656020966
1971,-0.0031586747041824404
1972,-0.004154410339059384
1973,0.001626219292323362
1974,0.023994835354778227
1975,-0.01867892075913253
1976,0.010972844998735971
1977,-0.026446827939631018
1978,0.0032081867951018308
1979,0.022287517806594354
1980,0.007021712463848215
1981,0.0025527089519958696
1982,-0.007720021900775009
1983,0.0005914233629507527
1984,-0.003386711295890415
1985,-0.010889027864230714
1986,-0.003918039762099646
1987,0.002942724938518531
1988,-0.010625427250742094
1989,-0.011174347584745304
1990,-0.01895836716789121
1991,0.0056454544594119836
1992,0.007817799363583212
1993,0.003410350469651987
1994,0.01371730388958664
1995,0.0013898385918351725
1996,0.005663523506536855
1997,0.0044245489619852895
1998,-0.0011311171367405857
1999,-0.007303707614431793
2000,0.03126743914841092
2001,-0.006195449914289874
2002,-0.009201452161947843
2003,0.00625367297136068
2004,0.0036941070718842315
2005,-0.019584337181317885
2006,0.01593053214439988
2007,-0.001168417763234286
2008,-0.01545514222206906
2009,0.016859421965394545
2010,0.0089468738926012
2011,-0.017613613480462545
2012,0.025127336321450977
2013,0.009412286489463514
2014,1.1890827656425867e-05
2015,0.02250020176459376
2016,0.0023935428994088463
2017,-0.0002394486850784691
2018,-0.009123078303275928
2019,0.008331062837177317
2020,0.006852172679468336
2021,0.0003614407859427053
2022,-0.010945371011370462
2023,0.0019808779554117777
2024,-0.0008256190961265892
2025,-0.018582219544925446
2026,-0.020526083382975697
2027,0.00809644324996189
2028,-0.036405402750271064
2029,0.003041498433896797
2030,-0.0065626461241282226
2031,0.01853805520078958
2032,-0.006778831354535013
2033,0.00942193773904785
2034,-0.005422092786811132
2035,0.0017534999726476425
2036,0.01050885771575659
2037,-0.00634446290335895
2038,0.014158303252511025
2039,-0.013807833748511205
2040,0.004294648236862663
2041,0.013119680631943416
2042,0.009429712146267914
2043,0.027084183846704905
2044,-0.010572343989051984
2045,-0.019224023162862085
2046,-0.01381678783748912
2047,0.009435404074649717
2048,0.007151751269662828
2049,0.0015920266677287667
2050,-0.01562412551935836
2051,0.010930836487487211
2052,-0.017053838855715354
2053,0.016440200535470923
2054,0.04030660209603534
2055,0.005304368817816898
2056,0.008348735420844534
2057,-0.006770281825576042
2058,-0.02528114166714518
2059,-0.008313979450177865
2060,-0.015201710508823282
2061,-0.020177495683370687
2062,0.0243569896031005
2063,0.003989303486346908
2064,0.0054903612379641675
2065,-0.004187081280926937
2066,-0.002273944668439727
2067,0.013708594591253415
2068,-0.00029922459303069503
2069,0.007612234680797112
2070,-0.0025990022107154373
2071,-0.004652616530481295
2072,-0.019614163255019308
2073,-0.027635278580606812
2074,-0.0035201881768987158
2075,0.0009490281756441281
2076,-0.01791695897959404
2077,-0.0003292632434749599
2078,0.0009104689086407948
2079,-0.03014009311327705
2080,-0.01270375822043838
2081,0.005877851191811364
2082,0.005593937306623606
2083,-0.016055759179995622
2084,0.0023816028286917416
2085,0.014521568723255917
2086,0.01107424191296464
2087,-0.001183750978922325
2088,-0.0064206306953327906
2089,-0.008688103684259551
2090,0.006728755320942415
2091,0.0028966753734024236
2092,0.008999264177999601
2093,0.0020081935926568885
2094,0.011660064979500848
2095,0.001484333805227753
2096,0.011181255108310768
2097,0.01239157211309449
2098,-0.011149684437525727
2099,-0.025252065156193555
2100,0.021843629728404337
2101,0.003761615152137705
2102,-0.023936022921189633
2103,-0.009875108585877089
2104,0.011001192586892987
2105,-0.003774731029835102
2106,-0.00704009478438747
2107,0.019839724133807034
2108,-0.01456084606699979
2109,-0.011060130078160554
2110,0.0031254697696669765
2111,0.005641659219464539
2112,0.007129551226178491
2113,0.01295946937573374
2114,0.002945499558435686
2115,0.007031765146350321
2116,-0.0034871299127420333
2117,0.0010361704286323524
2118,0.0016661840117371664
2119,0.0031776243580786162
2120,0.011010544107453684
2121,0.007955819593012968
2122,0.0007764795053791201
2123,-0.011214312502157358
2124,0.0011060481540382115
2125,-0.00023853125642567006
2126,0.0028696627666295028
2127,0.031160263636429625
2128,-0.0072046575388235255
2129,0.0060889774985887985
2130,0.015168710655441911
2131,0.0015322408961944878
2132,0.03300551059454331
2133,-0.005156876103026437
2134,0.004709118103887899
2135,-0.011069297128916682
2136,-0.00478430547462617
2137,0.003653069450093181
2138,0.012047046250906716
2139,0.004638939204991242
2140,0.01784767783309214
2141,-0.0011792477883349113
2142,-0.00451232078011776
2143,0.038150345093203836
2144,0.005694812263516996
2145,-0.009954669149429012
2146,-0.00960032019020434
2147,-0.013090952275758492
2148,0.013315413573153195
2149,-0.004964903837699801
2150,0.0019448023068721783
2151,-0.0007372332797978344
2152,0.010433764502337923
2153,-0.01174290524210879
2154,-0.014958296134076258
2155,0.003306886978176041
2156,0.008599571741421211
2157,0.00482775661953445
2158,-0.011218917815689816
2159,0.009674874468480085
2160,-0.010297237252070806
2161,-0.007173264495752746
2162,-0.013108848473550587
2163,0.018438454183007474
2164,0.009055716772509508
2165,0.008656256974156005
2166,0.017680416211840147
2167,0.03967724474725416
2168,-0.023862114694592658
2169,-0.01022017368473544
2170,-0.008503053194090495
2171,-0.011800172750291861
2172,-0.014986553260406425
2173,-0.004055428073673752
2174,-0.01694000636960306
2175,0.004863026776017536
2176,0.0008816036297871626
2177,0.006914360590125087
2178,0.007289533991231673
2179,0.008628343256595972
2180,-0.005091812437643191
2181,0.02996051550146506
2182,0.003449282710370169
2183,-0.02601563632221195
2184,-0.013929771257402945
2185,-0.02430160342237635
2186,0.0003987404756050753
2187,-0.0015563901852288515
2188,-0.006426945245342553
2189,0.028411791692105157
2190,0.00786922258761238
2191,0.010357969786124977
2192,-0.012927863987502492
2193,-0.013884372743451154
2194,0.000672336386101374
2195,0.002586180603788173
2196,-0.02592889349484583
2197,-0.0023784311598744516
2198,0.0003528966421295593
2199,-0.002868017287401685
2200,-0.011274234318801783
2201,-0.007426143744441112
2202,-0.0023299838129999576
2203,0.0014310431689627497
2204,0.008653421467841973
2205,0.015342867506168778
2206,-0.003980879813820204
2207,-0.006254539722562755
2208,0.006304902817592718
2209,0.00873848019370611
2210,-0.005946027214075677
2211,0.011261415842732584
2212,0.01391985485886251
2213,0.01830535954168348
2214,0.0251433279197089
2215,-0.012019327984917656
2216,0.0003504534493039609
2217,0.00031363118281486257
2218,-0.0012229236314523803
2219,-0.008967988581550249
2220,-0.02071928730981475
2221,0.001457451967817491
2222,-0.010641426219813484
2223,0.0013635037896512457
2224,-0.011002380790689213
2225,-0.015296742616059237
2226,0.003447417281266203
2227,0.0022758435016317804
2228,0.008294971879802956
2229,0.030869936955491152
2230,0.004051509885266446
2231,0.0069713129614022
2232,-0.014986245268177236
2233,-0.017927882708663405
2234,0.02239636981626439
2235,-0.012821160616645918
2236,-0.014513870681317174
2237,-0.00039423840199689735
2238,-0.00111218118253014
2239,-0.012526453607015335
2240,-0.004130184495016361
2241,0.017429796925185148
2242,-0.011170297761366767
2243,-0.019428097103671493
2244,0.013400063837066043
2245,0.007072696933286857
2246,-0.00856408661579856
2247,-0.02207673751802459
2248,-0.010307950566414235
2249,-0.0006135200915267601
2250,0.016534662188561308
2251,-0.014410421809860288
2252,-0.0010324733150847412
2253,0.009641991280386036
2254,-0.03330533600035246
2255,0.014681460508467392
2256,-0.016460101758038248
2257,0.004820213471293961
2258,0.003621442771457329
2259,0.015395282409980829
2260,0.007896503768510477
2261,-0.033249455114714804
2262,-0.010872203088941127
2263,0.0020971584018310316
2264,-0.0025846076377215514
2265,0.006866333304090295
2266,0.01124698600637195
2267,0.008704852304569214
2268,-0.002855733095806354
2269,-0.025788735518515737
2270,-0.006245055667109657
2271,0.00600578008147398
2272,-0.01516731247434313
2273,0.009025550750854188
2274,0.01291949626563145
2275,0.0019378397726297998
2276,-0.04289569516506738
2277,-0.017803960992074125
2278,0.02665904409762845
2279,-0.00752454128739037
2280,-0.027725126452858354
2281,0.017512303001435848
2282,0.00034282882809272947
2283,0.01568128903689138
2284,0.004046860845624908
2285,0.0065986288770774745
2286,0.0052560048025338075
2287,0.009955954233092234
2288,0.03215659080510002
2289,0.013799306534903745
2290,-0.02205105552349618
2291,0.0064314488568183266
2292,0.01619473661116552
2293,0.017054973067083073
2294,-0.005839299362734638
2295,0.016524437652441906
2296,0.013191381151690855
2297,0.03630302049704534
2298,-0.010383525141418095
2299,-0.00697460271517936
2300,-0.004146285179461347
2301,-0.006733219191257262
2302,-0.01235100936766956
2303,-0.03866471206398854
2304,-0.005953039506313862
2305,0.005345215454166777
2306,-0.006775369563317346
2307,0.02735026831612624
2308,0.00034311296691302834
2309,0.018296121905262867
2310,0.0038285241670284104
2311,0.011767466031432562
2312,0.004078938830948978
2313,0.01938870831090891
2314,0.0009411966583930917
2315,0.007126427197642626
2316,0.005302707742991666
2317,-0.003895695585976542
2318,0.005845791528351719
2319,0.0315517530259606
2320,-0.0036443342012602398
2321,0.006049294145922395
2322,0.01782890638846934
2323,0.016177488513478586
2324,0.0003197958944757397
2325,-0.03333514443716477
2326,0.0074156377616405676
2327,-0.03103189236027618
2328,0.020810059155017675
2329,0.002536532703937938
2330,0.014202131940437112
2331,-0.012520898069949401
2332,-0.02165997495696431
2333,0.003819165432740816
2334,-0.00031701837005920764
2335,-0.006751748635204445
2336,0.0013447843139911138
2337,0.03904192699347983
2338,0.011881539854534294
2339,0.014902244621968649
2340,0.012013783831731246
2341,0.020943898948901925
2342,-0.002515639632269182
2343,-0.028717420027458907
2344,-0.0024947654935577024
2345,0.011561307305941832
2346,-0.013472037075724625
2347,-0.0023230529829500676
2348,-0.009565275353058254
2349,0.021261001804361607
2350,0.010686195089671086
2351,0.009310317933058549
2352,0.008889624244268769
2353,-0.0003682476895237117
2354,0.0029311341223322565
2355,-0.016498518813840672
2356,-0.03056773761461206
2357,0.00226403462839211
2358,0.004707727477477279
2359,0.017147204098124737
2360,0.022234866485258575
2361,0.02221607491012994
2362,-0.013868616767561844
2363,-0.004794707834672664
2364,0.006904603630775204
2365,0.03573234826361937
2366,0.020952850627660776
2367,0.015884427706829927
2368,-0.005293859944056783
2369,-0.01225516207571499
2370,0.01124054094961869
2371,-0.015310835174370015
2372,-0.0031952383441898576
2373,-0.001457646075624827
2374,0.02253804657346699
2375,-0.0048288849712155866
2376,-0.03412007718970708
2377,0.007243391454141445
2378,-0.009667178743703306
2379,0.0007541940490708479
2380,-0.0010631734140380898
2381,-0.0036908034333359378
2382,0.01126067258342393
2383,-0.0213839660439506
2384,-0.007109689382423688
2385,0.009766955276317987
2386,-0.008473681114198774
2387,-0.02245106650903329
2388,0.009549401165501651
2389,0.015936382871034774
2390,-0.0004770903679283473
2391,-0.027397758705608222
2392,0.010075131541390692
2393,-0.023168836174309287
2394,0.00449427066437977
2395,-0.012315080606845552
2396,-0.016142378126882115
2397,-0.006054358819745515
2398,-0.002420452793183678
2399,-0.008896962642166288
2400,0.00842735584852053
2401,-0.00611280429582268
2402,0.013928363501428528
2403,0.00410608097025633
2404,-0.009646598189474056
2405,-0.012012635866207658
2406,-0.022994715229991473
2407,0.004240413963897734
2408,-0.004827342733347753
2409,-0.03317786297593704
2410,-0.007372462477827687
2411,-0.012505763019581215
2412,0.022295875170816205
2413,-0.02377151743552356
2414,-0.020098051355352035
2415,0.015751956449902828
2416,0.019219787956862508
2417,-0.010313003255046338
2418,-0.008726623740013477
2419,0.00881422479714217
2420,-0.03254419803701943
2421,-0.02599749481345646
2422,-0.003789577472482832
2423,0.021933527474564323
2424,-0.005967521237117673
2425,0.0015734804772299356
2426,0.016086659173896328
2427,0.029760159090288806
2428,-0.00795045333694568
2429,-8.142001190713727e-05
2430,0.02575786284612042
2431,-0.02123409778351601
2432,0.014594269269784802
2433,-0.014153749972209253
2434,0.0015950576919161311
2435,-0.0032540117137694518
2436,-0.013306386236788667
2437,-0.013658944230736818
2438,0.004039212432654911
2439,0.014144033111469164
2440,-0.0016678327383182132
2441,0.0011403606443970815
2442,0.008181043243585805
2443,-0.013497588104414525
2444,0.010548988627457012
2445,0.011668202888721462
2446,0.03674014823644002
2447,-0.00512968493136822
2448,-0.006281597466050203
2449,0.01096032476547402
2450,0.011664845577811849
2451,-0.0073636420471403004
2452,-0.005509898616521738
2453,0.007758889309949177
2454,-0.011473679613854306
2455,-0.005613476965792855
2456,0.0014140793470303703
2457,0.014149644691701298
2458,-0.008340385870531762
2459,-0.02573319607574681
2460,-0.026776003863159977
2461,-0.017541544128897378
2462,-0.018296880323937097
2463,-0.002017358807797582
2464,-0.016550447345047823
2465,-0.00971963468091333
2466,-0.010721944771340879
2467,-0.0060346563507782825
2468,0.018738398337293207
2469,0.009456551979539934
2470,0.00038180535208584435
2471,-0.00632297195991252
2472,-0.005932428451894763
2473,0.004760508103335995
2474,0.008363643240337434
2475,-0.012598271076326729
2476,0.0006677732366847618
2477,-0.02839224271523798
2478,0.0031300689702978396
2479,0.010864540550836752
2480,-0.0037802363675368614
2481,0.025680182711026633
2482,-0.012227604403830352
2483,0.0032105370163169117
2484,-0.000348231173260064
2485,-0.0012541756694075586
2486,-0.0014512416459687765
2487,0.001660153788259736
2488,0.01207029708657623
2489,0.019514492230948064
2490,0.00012354263623377061
2491,0.011611616945518597
2492,-0.009705751558651242
2493,0.01091802371329404
2494,-0.010552000245938241
2495,0.015480625128414076
2496,0.03121809377928815
2497,-0.0015603058453198702
2498,-0.03065347331883357
2499,-0.007546112387522527
2500,0.017464917604077264
2501,0.00792674841176501
2502,0.003652784038912881
2503,0.014328516307276723
2504,0.006962483981428088
2505,0.017266088912833915
2506,0.013074490197485947
2507,0.021537412675274217
2508,0.0051968033189118985
2509,0.012875460171204051
2510,-0.004160449488302037
2511,-0.00829629485074111
2512,0.02413789359154519
2513,0.003193172967742324
2514,0.011464981902598571
2515,0.0018939011100917542
2516,-0.008086292172690966
2517,0.00030948872903938324
2518,0.020333104384157304
2519,0.007957145951660473
2520,-0.023893689312717483
2521,-0.002869356270951764
2522,0.025199153127384164
2523,-0.002849015320688651
2524,-0.02514435503210971
2525,0.026755433895466172
2526,0.009743834808844824
2527,-0.0008286271543886097
2528,-0.005063832980050481
2529,0.015363884759164177
2530,-0.0074605450073602485
2531,0.016289945088785514
2532,0.007773846447737654
2533,0.003593322469813099
2534,0.0021998706823504514
2535,-0.0023034101270748173
2536,0.014848026916308632
2537,-0.012004246363722031
2538,-0.02263540061463221
2539,0.008788998418803751
2540,0.009025039245551491
2541,0.0069032948220220745
2542,0.005884377798087824
2543,-0.0043489272231626245
2544,0.01122051497509427
2545,-0.00048500025419875967
2546,-0.006689538693089322
2547,-0.004227394435141672
2548,0.028548282640684142
2549,-0.02422394181032232
2550,0.007177959800305442
2551,-0.02343894275123315
2552,-0.0013656841487797848
2553,-0.0059379764049023055
2554,-0.02914271814910456
2555,0.005621743372246448
2556,-0.005184961926905909
2557,-0.02934194167546979
2558,0.011952395407368473
2559,0.020319223703712412
2560,0.02109371936778538
2561,0.005199056579800307
2562,0.0008023503161484223
2563,0.01881782176632449
2564,0.023795259812493728
2565,0.016083559827801852
2566,-0.013074901016873643
2567,0.0029843694143144484
2568,0.006331045316215919
2569,-0.025272761994574306
2570,0.006750407027718611
2571,0.03209422127622873
2572,0.009147257350891835
2573,0.02085890024353066
2574,0.0027253976107736648
2575,-0.0008736689098149376
2576,0.005512616216523621
2577,-0.011308467206667405
2578,-0.013387373563480583
2579,0.017948704375137202
2580,0.019438699665836022
2581,-0.013771418291194014
2582,0.01375704605576323
2583,-0.0010667604202504555
2584,0.004929999373264845
2585,0.00662194747026344
2586,0.014127327784714028
2587,0.0013174810433118137
2588,0.019970124418382054
2589,0.004502892174561804
2590,0.00892591882775257
2591,-0.011553469246381638
2592,0.03048766795930106
2593,0.006756930650873711
2594,0.010173881322128405
2595,-0.022442341928668067
2596,-0.011405076886372541
2597,0.017549347098270277
2598,0.004186427070126504
2599,-0.026736410350244936
2600,0.014744745333808125
2601,-0.00748582942514555
2602,0.019986353826662355
2603,-0.0010790654050633099
2604,0.0030316083774400925
2605,0.01672130174816084
2606,-0.012456005658977797
2607,-0.013795874905728783
2608,-0.0026059453986771054
2609,0.011778222348930577
2610,-0.01854572673942172
2611,-0.023283310199528336
2612,0.011729718187412603
2613,-0.008317618092646644
2614,-0.005356221530911454
2615,-0.02593590289754371
2616,-0.009385550000159603
2617,4.8829810258257776e-05
2618,0.013228413423628925
2619,-0.010681817495415342
2620,0.023443866155999804
2621,-0.009463911419406652
2622,-0.009443336821812183
2623,0.021757419193349666
2624,0.00312650505018163
2625,-0.0076016412449345745
2626,-0.0020246989521649212
2627,0.019167943638611705
2628,0.020757584886179275
2629,-0.011322048469749442
2630,-0.0004410987609485902
2631,0.0014220052687559217
2632,-0.013703040565354806
2633,-0.0006272992638798598
2634,0.00022995650225341103
2635,0.016176873027361677
2636,0.017121355707485925
2637,-0.004470740394967629
2638,-0.0028512113252417907
2639,0.009489498827180145
2640,-0.008067642926987612
2641,0.00842646882363648
2642,-0.0010800603780011548
2643,-0.01346639091860526
2644,-0.013289877241341919
2645,0.02048858026850509
2646,-0.0020428022385037613
2647,0.023204680294947173
2648,-0.007062223747642285
2649,0.0042470466225942175
2650,0.033775979639846195
2651,-0.014702761081307397
2652,-0.026512074046889142
2653,0.018233748142375696
2654,-0.01146278776053026
2655,-0.0001357944586600022
2656,-0.008077897207834753
2657,0.0039232648940049
2658,-0.013201345367998671
2659,-0.0023732751547006553
2660,0.006475764794957998
2661,-0.014013141080319551
2662,-0.00968210397092311
2663,-0.004726105336291913
2664,-0.019921910035057794
2665,-0.005782474889233087
2666,0.001824437628853339
2667,-0.0054591200322138345
2668,-0.0036580984092118235
2669,-0.00012448727160351401
2670,-0.00905905025567644
2671,0.009865662538514472
2672,0.020332881063345316
2673,-0.0063701024283336636
2674,0.006972949466980128
2675,-0.0032118304775000917
2676,0.00529082591199361
2677,0.022156792068207802
2678,0.007302617268688479
2679,-0.024764061723086563
2680,0.006534504559839616
2681,0.01747880909354981
2682,-0.002958607692266809
2683,0.014145374724768652
2684,-0.009542031252375582
2685,-0.020718966320289113
2686,0.002138805644249042
2687,-0.024526059118795976
2688,-0.0032139924133398443
2689,0.01823729097886544
2690,-0.026679967673916546
2691,-0.0178237516622073
2692,-0.014346491053532048
2693,-0.0007345801401395987
2694,-0.004983725787637032
2695,0.01981519745303879
2696,0.013565235711736262
2697,0.007114514826883387
2698,0.0022014937630028156
2699,0.005680650092881453
2700,-0.011957026454739705
2701,0.012200296552136471
2702,-0.015470783833883941
2703,0.011893503998413468
2704,0.016822303217919866
2705,0.003118136645461303
2706,-0.002320904619946746
2707,0.00578013691507594
2708,-0.040053607555789274
2709,0.004402358653085502
2710,-0.001437637354094212
2711,-0.0005562414222870243
2712,0.010083039279003076
2713,-0.0008954572098829711
2714,-0.01586651205956271
2715,-0.0018317646963815404
2716,0.0011044213500960123
2717,0.0017701617122874084
2718,0.002430380211477178
2719,0.014759908585759315
2720,-0.015105307204661444
2721,0.0026240258765255027
2722,0.018280674241062674
2723,-0.024218818824296523
2724,0.0026794764506207244
2725,-0.008070313466943806
2726,-0.0050538935932621315
2727,-0.01255878617912967
2728,-0.00222728836778308
2729,0.026027658137362405
2730,-0.017612044895061147
2731,-0.016279671845264784
2732,-0.018139037178081432
2733,0.02442806718767597
2734,-0.006341427616668164
2735,-0.00020510648853570138
2736,-0.005504562739452396
2737,-0.013115443620458807
2738,-0.003149069103672586
2739,0.03469729599734837
2740,0.01971591677556204
2741,-0.011829936679860016
2742,0.009254582211313655
2743,-0.011529022093819728
2744,-0.02480555735710493
2745,0.014480871109675553
2746,0.01645626517094152
2747,0.014853817993561693
2748,-0.006447173173279642
2749,-0.002188295572570565
2750,0.010690530530465153
2751,0.0056562883629846334
2752,-0.005376054709438947
2753,-0.022595307231543203
2754,0.001755285090827236
2755,0.015316920394949262
2756,-0.016672810149079655
2757,0.009130721709444642
2758,0.00481383690128062
2759,0.010695908193338155
2760,0.012407769747694147
2761,-0.009603151292045548
2762,-0.022565624456091223
2763,-0.007341614447582057
2764,0.012648779380183394
2765,-0.007460833110510583
2766,-0.009597222689049768
2767,-0.02543763407682415
2768,0.024782577517608453
2769,0.01175771891398991
2770,0.010973394248821301
2771,0.013753204112124391
2772,0.00825880867228776
2773,-0.0032780371639647803
2774,-0.002145977503509572
2775,-0.005852780160704842
2776,0.037177354578576426
2777,0.007966587989598149
2778,-0.006361953219815811
2779,0.006696113446490512
2780,-0.014049113493136593
2781,0.02129581405322438
2782,-0.009133883661488425
2783,0.0071961892746811576
2784,0.015133800456662941
2785,0.005561756653975944
2786,0.0014826119122494268
2787,0.00030694810015821465
2788,-0.0006379228575870636
2789,-0.007948345826106809
2790,-0.006160777009907162
2791,0.020945700776382546
2792,-0.00136994590479796
2793,-0.010886493828025107
2794,-0.007099619646654393
2795,0.015617076145771683
2796,0.00964848272106992
2797,0.008028655752376742
2798,-0.0034634100468681523
2799,0.008211793711041694
2800,-0.008887869526485926
2801,-0.003492817587334364
2802,0.013782418699177552
2803,0.012440118934768147
2804,-0.013642193634535817
2805,-0.011866311016680344
2806,0.001682595839844365
2807,0.02440999813097173
2808,-0.0267614984048293
2809,0.004066171390426556
2810,-0.019180380174579487
2811,-0.008758171869509078
2812,-0.004965622225617134
2813,-0.005753632123773965
2814,-0.00734549849250346
2815,0.00025643243247050403
2816,-0.007366008514466098
2817,-0.020394631600072533
2818,0.011113539231036857
2819,0.010734183266523504
2820,0.01200306837891387
2821,-0.02149454637671081
2822,0.004355425548712786
2823,0.009653713026292612
2824,-0.014334825783476812
2825,0.0002840604195314316
2826,-0.001478564566842628
2827,0.0260402348952306
2828,0.027197315131168874
2829,-0.02323162569466113
2830,0.03519870309099706
2831,-0.012705178293642247
2832,0.0139351422876909
2833,0.013792163357655615
2834,-0.013835829351244135
2835,0.0070863393292582245
2836,-0.0013558537676251574
2837,0.007944358062141915
2838,0.0033964655445553223
2839,0.01696558664206961
2840,0.0012146425414414058
2841,-0.002203728888148522
2842,0.015556563879685415
2843,0.008310625216149854
2844,0.01043827485863558
2845,-0.009183311064304178
2846,-0.014532400600367533
2847,-0.007822214252392733
2848,-0.008568340933905957
2849,0.011202480713204207
2850,0.013869251138788377
2851,-0.0020246590226020997
2852,0.0202617927806926
2853,0.019384278726316723
2854,0.003575294202958003
2855,-0.011393691596071776
2856,0.022291646458804246
2857,-0.0007022263233257179
2858,0.0019279786774844623
2859,-0.004616815075242112
2860,-0.012347771560716562
2861,-0.020481498923483932
2862,0.009047943209343283
2863,-0.010852837336887418
2864,0.04314631934429041
2865,-0.015105855630748706
2866,-0.017513011166922197
2867,0.00732340193697159
2868,0.021644387497094478
2869,0.0010627468805755342
2870,0.008196055272210435
2871,-0.025749537402564197
2872,-0.00936492557484576
2873,-0.014930803474691346
2874,-0.026473170222532608
2875,0.0017989157152410533
2876,-0.031360043317450605
2877,-0.018423741204209275
2878,-0.007393243614234993
2879,-0.011525692765621579
2880,0.005725316110569627
2881,0.004449037530003219
2882,0.01271442019193427
2883,0.01072732000542302
2884,0.016185350474204243
2885,0.00012820556588377576
2886,0.004419342513787714
2887,0.007342722626354848
2888,0.002145658284094281
2889,-0.0054260338065954625
2890,-0.004516170968171818
2891,-0.011332800983938832
2892,0.006079532197944191
2893,-0.001165896897306656
2894,-0.009163457324914817
2895,-0.009150404399757815
2896,-0.01685281667488321
2897,0.013909400506501562
2898,0.0012598622065643553
2899,-0.011968515905303075
2900,0.011516511519765375
2901,-0.0077200126406810066
2902,-0.01960835239668217
2903,0.014504918533337612
2904,-0.00739188336166413
2905,-0.005590504116859485
2906,0.0007338051919805297
2907,0.01621031211807158
2908,0.00043671706292470883
2909,-0.016694292680808964
2910,0.007797477198434818
2911,-0.006659695496703663
2912,0.026683420909569513
2913,0.00013942823021607137
2914,-0.03125055189834237
2915,0.005176693980011532
2916,0.027479775958286948
2917,0.022299285431159145
2918,0.025882908540453647
2919,-0.014174049586942319
2920,0.012972317430629987
2921,-0.009989980607892638
2922,0.0033067758618221823
2923,-0.017731793156982003
2924,-0.008900440604586895
2925,-0.00934715249480638
2926,0.012781256872105587
2927,0.0114065071597614
2928,0.004044908440468273
2929,-0.018820352565278097
2930,-0.00422385515443315
2931,-0.010328931308750502
2932,0.012375454792663559
2933,0.01671048590764191
2934,0.014999017370940549
2935,-0.010456841679464642
2936,-0.03833952569734202
2937,-0.02467339211732288
2938,0.02013122520182672
2939,-0.005483091945329617
2940,-0.01039368275451219
2941,0.023237085974001346
2942,0.017932620806405414
2943,0.0004987045087366476
2944,-0.003967606263147029
2945,-0.0017010647902700375
2946,0.0033471515722942346
2947,0.02263830708627916
2948,0.006091484367010946
2949,0.010356995614516714
2950,0.01658521993652127
2951,-0.01628059922715491
2952,0.010762141992224769
2953,-0.0039839856439460525
2954,-0.03519987641020727
2955,-0.029748919532112603
2956,-0.014150968877513381
2957,0.007619672033890831
2958,0.001754222388907756
2959,0.0027458001394378376
2960,0.027568942747177347
2961,-0.017677514633038047
2962,-0.0002303190988167108
2963,0.004432953154605287
2964,-0.010190616749551264
2965,0.0005531967466906135
2966,-0.022326606655144705
2967,0.019966530340544124
2968,-0.009422579182256793
2969,0.02869948387111624
2970,-0.00030115253912700623
2971,0.014600908554921127
2972,-0.0005938258901205426
2973,-0.00027683644838199335
2974,-0.008051355554231988
2975,0.001829037958400464
2976,0.004623536744015605
2977,-0.010864885909301864
2978,-0.0016019058521743578
2979,-0.00841767290893387
2980,0.03246900765212208
2981,-0.0011056943761011237
2982,0.021868069529351553
2983,-0.0025936349816368743
2984,0.0037985554250758572
2985,-0.01841205179752225
2986,-0.00612690099960798
2987,0.003113500599185022
2988,0.022440974835670507
2989,0.003274364250165063
2990,0.019598578463874677
2991,0.009158399449127764
2992,0.023022674013122316
2993,-0.00067447263225279
2994,0.033741496961381456
2995,-0.006665407151976942
2996,-0.010614815037443758
2997,-0.01684795655141438
2998,0.03290967273110015
2999,0.011669670932293043
3000,-0.004539752266581791
3001,0.017705867444074676
3002,0.009818303463530046
3003,0.027782301329608496
3004,-0.021594289009502
3005,-0.0035735588774955945
3006,-0.006343980480166154
3007,-0.027578139553338994
3008,0.015054403225471991
3009,-0.0036443287732575557
3010,0.010548127219271423
3011,0.033313616342978386
3012,-0.004808459481122117
3013,-0.005762690304271403
3014,0.001822577622612149
3015,0.014027518004269605
3016,-0.00780803458075704
3017,-0.008710826626248112
3018,0.015010310380134917
3019,0.005475631605038159
3020,-0.028576440194542824
3021,-0.017063492577429205
3022,0.02124985347266413
3023,0.005802877589720827
3024,-0.010554872484156607
3025,-0.002239357828051729
3026,0.0003411578353952222
3027,0.010493356457903431
3028,-0.018930544497616372
3029,-0.011661477150874566
3030,0.0039906136084703935
3031,-0.0012476685798158147
3032,0.008190670190451083
3033,-0.01712132310863959
3034,0.00517337365648174
3035,0.015493604310713718
3036,0.006995717414313444
3037,0.0021098976836823255
3038,-0.0011921512142854494
3039,-0.011575790994638312
3040,-0.0008565297905417707
3041,0.01785598234920444
3042,-0.0015173729999709664
3043,-0.01234796354776938
3044,-0.00676167271984396
3045,0.0029774201366089574
3046,-0.005093288698544787
3047,0.006974425604628113
3048,0.007501927519108979
3049,0.012646754030143141
3050,0.020158379741246613
3051,0.014148521123409055
3052,-0.012972345241124155
3053,-0.012540897759608599
3054,-0.0009095446605265308
3055,-0.006184551214031645
3056,-0.01584009332245022
3057,-0.006051292449572262
3058,-0.006512480344891441
3059,-0.00928534032032083
3060,-0.004282169822184609
3061,0.016714223584937227
3062,0.0029547654397820058
3063,0.03488791188732005
3064,0.002551066430856951
3065,-0.003920711783318995
3066,0.00021323546925878278
3067,0.003759272024228393
3068,0.006271154979052914
3069,0.029336175935008372
3070,-0.011722901062821433
3071,0.012226091048151312
3072,0.00307438005462988
3073,-0.021921197062686817
3074,0.010984674845009755
3075,0.017967238421194055
3076,-0.011889495384482007
3077,2.9627365303007143e-05
3078,-0.024088740321061564
3079,-0.01753302035975377
3080,0.01488160249752073
3081,-0.006398712984195804
3082,-0.015425238832716496
3083,0.003379435937752246
3084,-0.007185542552834279
3085,-0.006460612196312803
3086,0.010543838976790678
3087,-0.016168992791466844
3088,-0.012566622861823069
3089,0.0023202248365967668
3090,0.013776872599395642
3091,0.01755323394780793
3092,-0.00918998622666928
3093,0.013326761760711679
3094,-0.010863252902121671
3095,0.02581623475087658
3096,-0.015776078652607665
3097,0.018822349033887614
3098,-0.009069485560706053
3099,0.028444396100215593
3100,0.008464135088087096
3101,-0.01412144541633037
3102,-0.0071830982591045145
3103,0.01113196914198704
3104,0.0149464481543741
3105,-0.0008385016413190161
3106,0.0007826801463285517
3107,0.010811197924299394
3108,0.002007134300927621
3109,-0.018020586671511376
3110,-0.011268383425955382
3111,0.0034589617930388165
3112,0.01723457450373177
3113,0.02286222054916172
3114,0.01110875900949528
3115,0.004192042670284957
3116,0.010677158124150739
3117,-0.009213721119832397
3118,-0.00199797050156766
3119,-0.01142515231199364
3120,-0.017391607678577062
3121,0.004842042810297123
3122,0.002761911638830384
3123,0.009817745608424765
3124,0.007828879979587148
3125,0.003564690269624187
3126,0.007976489195080216
3127,-0.00044460161782798797
3128,0.005956926312616669
3129,-0.010048292616308964
3130,0.00535010350994645
3131,0.009547466857587157
3132,-0.009254900282426993
3133,0.0008834834119742055
3134,-0.008607420037258354
3135,-0.007243073325054308
3136,-0.015651839476464154
3137,0.01794126222435291
3138,0.015129691010164453
3139,0.007706940953052427
3140,0.027867572890202707
3141,-0.0025040333842006883
3142,0.042756124456244715
3143,-0.003041978988587865
3144,0.003741024305869654
3145,-0.005434234347943869
3146,0.005386913435061738
3147,0.011896847339783214
3148,-0.0014455398787818492
3149,0.025120830550005024
3150,0.0035155802879745716
3151,0.003955901097412734
3152,-0.012617664863383872
3153,0.006035722901356352
3154,-0.0017281281887121978
3155,-0.00839154915560297
3156,-0.010755507225009021
3157,0.03769757986473967
3158,-0.0035471018015006
3159,-0.02031774202108078
3160,-0.009655931975900837
3161,-0.0005694460354348874
3162,0.007836681424598145
3163,0.007950913350588533
3164,0.009662645540252573
3165,-0.008906125043443309
3166,0.004938878112524722
3167,-0.012154831658578957
3168,-0.0085517825494376
3169,-0.012740071853218392
3170,-0.01654354383239408
3171,0.015108955335890108
3172,0.00983122408700179
3173,0.013878824736672023
3174,0.000707571589178152
3175,0.01107051459693685
3176,-0.02459368478915358
3177,0.012282879825196314
3178,0.0026439702795862177
3179,0.008967024217097956
3180,0.005495078602470697
3181,-0.013714493197489274
3182,-0.020894619354279304
3183,-0.009850302947844424
3184,0.00809312571352193
3185,0.009852016365620976
3186,-0.019066547803266255
3187,-0.013630805155284479
3188,-0.010007420636341559
3189,-0.004865528004464305
3190,-0.018983763845394873
3191,-0.019826870012013657
3192,-0.011392898032858789
3193,0.0013671621877652234
3194,-0.016434018814159807
3195,-0.001472056797287344
3196,0.015029470314086425
3197,-0.018136861537890334
3198,-0.0027457209201675664
3199,0.014554582958832312
3200,-0.005722157310259751
3201,-0.0079057865173685
3202,0.016504082142588184
3203,-0.004147451886880272
3204,0.015675029580523747
3205,0.006182790876304032
3206,-0.004662336861591696
3207,0.006895557730439354
3208,0.004657974556801023
3209,0.014500148478579883
3210,-0.007549942905084202
3211,0.0007341711847388962
3212,-0.0007092286124335153
3213,0.010049535166083291
3214,-0.014250195065939362
3215,0.014445266315702194
3216,0.006707804308383603
3217,-0.01834967699319851
3218,0.017133128056640613
3219,0.0315476335975658
3220,0.014232482582204492
3221,0.020206510446053774
3222,0.001354762332157027
3223,-0.02319155806975518
3224,-0.025757589414608137
3225,0.0037394602574671756
3226,-0.008163057995984569
3227,-0.012696052615037067
3228,-0.0007265261323052026
3229,0.008805089762086596
3230,-0.020258333836189506
3231,-0.006152264447331359
3232,0.021371186071210715
3233,-0.014954306815707667
3234,0.012376655223225537
3235,-0.006656056669092377
3236,0.007824410588300744
3237,0.015574314840020543
3238,0.010571320174391542
3239,0.012930264038214826
3240,-0.016026512521971407
3241,0.015803807565081002
3242,-0.011826498221108487
3243,0.0038021262617860293
3244,0.003783921374143734
3245,0.006971886149512665
3246,0.004889925778718603
3247,-0.011701676386291202
3248,-0.018812567925420708
3249,0.012413013508685953
3250,0.002766425993555989
3251,0.01630568867689396
3252,-0.0004734050192532292
3253,-0.019589575782915813
3254,0.013730781971988147
3255,-0.005049119230364542
3256,0.004960840881400026
3257,-0.00894264673502102
3258,0.023260150424868595
3259,-0.0121619327511127
3260,-0.004586249138106879
3261,0.0016649829223562638
3262,-0.015191692961651222
3263,0.00479947387653447
3264,0.022805003384931268
3265,-0.00673659171307314
3266,0.005707531299632866
3267,-0.038478667855548904
3268,-0.000391853562580243
3269,-0.00424356739969335
3270,-0.011345998257416674
3271,0.01535121784624163
3272,-0.004429067476772362
3273,-0.0023386717955732636
3274,-0.005144982632695456
3275,-0.02677907278144376
3276,-0.015751002461709376
3277,0.013660015625721084
3278,-0.02949291580918531
3279,-0.01061275670195655
3280,-0.005461524459064912
3281,0.024655752618131622
3282,0.010955236613675326
3283,-0.0076739476854958116
3284,0.018485602031073422
3285,-0.010250233318143448
3286,0.01433457881749338
3287,-0.018939170056787323
3288,0.015236098582680872
3289,-0.0055516453307303225
3290,-0.014296917124396657
3291,-0.0028960423642432564
3292,0.0040522777815504615
3293,-0.006796820449672629
3294,0.007939067672565256
3295,-0.00803680588257538
3296,0.008872356024330614
3297,0.006369067655807563
3298,-0.0007009013138254575
3299,-0.006046943750360735
3300,0.0022845451906210136
3301,0.007887080266818529
3302,0.029126636782640623
3303,0.013355475469940441
3304,0.013869334036216176
3305,0.04355354684694486
3306,0.007405178604185466
3307,0.006965154788606106
3308,0.010047665363955145
3309,-0.014022374232039657
3310,-0.006082344159278615
3311,-0.006957300904750316
3312,0.009255142505052959
3313,-0.002292260580240582
3314,0.0020974154906978227
3315,0.015435585469919633
3316,0.012283768173469935
3317,-0.0021172687656853175
3318,-0.009259307815465665
3319,0.01610753217716443
3320,0.011029532997877265
3321,-0.022415236587473207
3322,-0.004245136297198999
3323,0.0024809109178655074
3324,0.011098927088381928
3325,0.012943499091330087
3326,0.004144481546486346
3327,0.008378797247377799
3328,0.0010563835718277457
3329,-0.009313498902547072
3330,-0.0035160076997839637
3331,0.00042201767665994
3332,-0.00033213516937932784
3333,-0.026340060651280996
3334,-0.00543009505612529
3335,0.0009449386278132342
3336,-0.0037985225637802286
3337,-0.0033130949438014523
3338,0.00701219740502368
3339,-0.015005859239771976
3340,-0.022721355172652863
3341,-0.004737163305591304
3342,0.010892154145419348
3343,0.023867898658007033
3344,0.011145276436161873
3345,-0.02047622017126955
3346,-0.003109957916571212
3347,0.003761273002074095
3348,0.0026505925914782342
3349,0.007733227170348844
3350,-0.012730797435951787
3351,0.0010677131285722538
3352,0.006061349489839702
3353,0.011757119079696787
3354,-0.01116642737114238
3355,-0.004694827057842937
3356,-0.037837668360757686
3357,-0.00857734210272364
3358,-0.0072136802421005975
3359,-0.014171581049714268
3360,0.0024822695372047738
3361,-0.0006309579980773203
3362,-0.03159029561914438
3363,0.0031833831539192625
3364,-0.012889231256881052
3365,0.006979844952172432
3366,-0.017856835360561773
3367,0.0005768004489973912
3368,-0.0038237217287615394
3369,0.004414213474942738
3370,0.0019073521427601292
3371,-0.003430290206892268
3372,-0.021431845798326556
3373,-0.020601900098889576
3374,-0.008049354695939695
3375,3.8816853915371385e-05
3376,-0.008391664629302709
3377,0.008940359017484764
3378,-0.0037683247604933835
3379,-0.013404762884675582
3380,-0.003752522018421742
3381,0.003328842935077259
3382,0.0047202960631194625
3383,0.026549301115704374
3384,-0.009244051248010355
3385,-0.0008773270568164435
3386,0.006142864178386598
3387,-0.00017396683156509503
3388,-0.006879299052370941
3389,-0.0216143032454542
3390,-0.007022855495516685
3391,-0.014932021513388405
3392,-0.024106338751400936
3393,-0.011025359290671485
3394,-0.014558100034086826
3395,0.008358268128029755
3396,0.008601434312569052
3397,-0.012545743338470042
3398,-0.0035014536592165983
3399,-0.025956028373550735
3400,-0.006791080667542718
3401,0.00576147634924159
3402,0.011746818398311933
3403,-0.009864254950159235
3404,0.01493535365315281
3405,-0.021142659375298405
3406,-0.017375942847693098
3407,0.010127011536769048
3408,0.02363700623854977
3409,0.007088646514367754
3410,-0.0004117110175836979
3411,-0.030690573005095676
3412,-0.028263354691811737
3413,0.0019735666910622113
3414,-0.004876173589792806
3415,-0.015383536742789588
3416,0.0010759964231006425
3417,0.0017729362741958224
3418,0.013425669241639062
3419,0.0020746359256827852
3420,0.017416007445809095
3421,0.0002674905694653151
3422,-0.0014654734328382274
3423,0.01511039839343068
3424,-0.013593449285202492
3425,0.039702512315838115
3426,0.005428111430121473
3427,0.0055064035027628435
3428,0.007533574606745729
3429,0.02653183986298773
3430,0.01129111990281573
3431,-0.02239836293363938
3432,0.01987609691565798
3433,-0.004634963409105557
3434,0.0016608569676058737
3435,-0.01782033961220407
3436,0.007549116241889317
3437,-0.008997656609959059
3438,0.0015627007777593046
3439,-0.003836869433903857
3440,0.027204576476726236
3441,0.02800899258626678
3442,0.000808744216140996
3443,0.001054148096491389
3444,-0.005092290605237923
3445,0.015696265215076492
3446,-0.004466672077321433
3447,-0.005765279892437913
3448,0.013905909011370456
3449,-0.007408774811211527
3450,-0.000375354709335635
3451,-0.022064706094159277
3452,0.010050128190457358
3453,0.027427351688197776
3454,0.010289496740528627
3455,0.020695706747028038
3456,-0.011733884755086067
3457,0.0034758846214687556
3458,-0.013097697158193372
3459,-0.0030452969842502697
3460,0.011005930558673322
3461,0.0015858995377346
3462,-0.019694634474815634
3463,-0.01832303570194012
3464,-0.019252332542432634
3465,0.007060832900166516
3466,0.029156080161432656
3467,0.019299812752395014
3468,-0.026486369535140022
3469,0.020123482235316237
3470,0.013313039720497268
3471,-0.02155869801718093
3472,-0.004105290740176842
3473,0.015548950446704578
3474,0.00788960628454208
3475,-0.018239653054992335
3476,0.008737036247749429
3477,-0.02988003530906951
3478,-0.002975834973989371
3479,0.016145218965756106
3480,0.00041362930759574043
3481,-0.006855684072588991
3482,0.012651855773870587
3483,0.013851936323658158
3484,0.018563250838919354
3485,0.01244102876601511
3486,0.015350154485449592
3487,0.010453663598372291
3488,0.0038862512576944715
3489,0.0014129022823116272
3490,-0.0031787048419775884
3491,-0.016880492120650646
3492,-0.013268445759615173
3493,-0.003807578647916245
3494,0.003547939251680502
3495,0.0204008129072381
3496,-0.00043215379402699477
3497,0.014255559743131868
3498,0.015321220411004163
3499,-0.0030970242837964745
3500,0.008511481541527787
3501,-0.0032667844933404544
3502,0.01873322121996819
3503,0.00908974677848136
3504,-0.01657298042660614
3505,0.0024248338519146815
3506,0.023313693177459006
3507,-0.0023914149568132308
3508,0.0064462523733614776
3509,0.007825606064549196
3510,-0.014410996859653531
3511,0.007331400551595987
3512,-0.019430382836614253
3513,-0.008635826606201893
3514,0.015270737561298604
3515,0.005168141056352555
3516,-0.004123223202847713
3517,0.006428631604797399
3518,-0.0006892271880502112
3519,0.00033190952014338347
3520,0.009384480696327831
3521,-0.010065482411497347
3522,0.0007219510961722755
3523,-0.004232690216497558
3524,-0.022125023682326904
3525,-0.01277866839542021
3526,0.022190893998754627
3527,0.005561121107694045
3528,-0.01844330567405562
3529,-0.021489205095529533
3530,-0.0014209146358635787
3531,0.022092253324918456
3532,-0.002469079284684442
3533,0.01852053216601367
3534,0.005100335026006315
3535,0.006776961622736665
3536,-0.018613782004947194
3537,0.013328812652364012
3538,-0.004551152344133327
3539,0.012282949177544468
3540,-0.011285188480885569
3541,0.002642979891253308
3542,0.005101349310741065
3543,-0.002009244851808987
3544,0.005839649232597846
3545,-0.003588129869855075
3546,-0.008965133776267077
3547,0.022714692740159987
3548,0.014894576135849305
3549,-0.010536167257130963
3550,0.008142685873562648
3551,-0.010280627302235825
3552,-0.01649149392571198
3553,0.014681787536664785
3554,-0.02379007972687669
3555,0.013178924649333361
3556,-0.0033959782536133157
3557,-0.0028173956961627627
3558,0.005912801976901045
3559,0.008321906463145
3560,-0.011456240741825142
3561,0.010240319629573617
3562,0.001748193889964316
3563,-0.017494355174783136
3564,-0.0022318378084589447
3565,0.01956427377263823
3566,0.023713918378845247
3567,0.010235020071299625
3568,-0.01657100946453025
3569,0.007048949679861277
3570,0.012111076939660745
3571,0.010352484368187306
3572,0.011184986814471195
3573,0.0052595715291146716
3574,-0.0008623435688069037
3575,-0.008393344473955643
3576,-0.02651377454587131
3577,0.004927655465377042
3578,0.0027694929711296686
3579,0.007989967121113564
3580,-0.018639400566659147
3581,0.009218646583143114
3582,0.029024706019445852
3583,0.0012575080273192504
3584,-0.0007113312808424439
3585,0.004497124242522475
3586,0.028712648205672087
3587,-0.014228676061539144
3588,0.0030105345278100505
3589,-0.01108126451689822
3590,-0.00753110234714168
3591,-0.0005416586505578388
3592,0.019087142503459067
3593,0.025461872267209102
3594,0.0064522539947320665
3595,-0.005136577673010693
3596,0.035182007894691635
3597,-0.005852641285542174
3598,-0.007870183029178909
3599,-0.024785539598946676
3600,0.01977241311740092
3601,0.013760513807219509
3602,0.03412907842374678
3603,-0.019369795364150715
3604,0.020644722662637487
3605,0.0011406748319059976
3606,0.011482119889228593
3607,-0.022998661496312082
3608,0.020783987792104074
3609,0.01120694183707013
3610,-0.0003915842547999675
3611,0.009219995508741715
3612,-0.01060123374809099
3613,-0.007986869509687076
3614,-0.006356953288587415
3615,-0.02587853687743655
3616,0.01226420497968941
3617,0.01689889979385398
3618,-0.009699810612278549
3619,0.005047954290494141
3620,-0.003576093303862164
3621,0.004767920185576717
3622,-0.008663271178429804
3623,-0.012258331050672056
3624,0.014938445352503662
3625,-0.0007423186860478976
3626,0.028568927910312753
3627,0.0008058888649305762
3628,-0.012857670203866807
3629,0.0173955836311329
3630,0.009018882363127529
3631,0.010368852743531918
3632,0.016884947513229987
3633,-0.009017637967727019
3634,-0.0016329442252681517
3635,-0.0022539738889964674
3636,-0.017981827964951097
3637,-0.0035486882212493157
3638,0.0189333653746464
3639,0.0034901303891117664
3640,-0.01875908653791056
3641,-0.0217067938568492
3642,0.02354784676505793
3643,-0.0011139600649390101
3644,-0.008941955078676194
3645,-0.0036948470350581884
3646,-0.020603302315136972
3647,0.020151855286672224
3648,-0.005367841104534426
3649,0.019369273553015234
3650,0.0008809487294401462
3651,0.02024230265841484
3652,0.0037621177526412242
3653,0.012144403830939777
3654,0.010259534244259858
3655,0.008913367895563256
3656,0.005044180904542325
3657,-0.00311675151433694
3658,0.02706998917897361
3659,-0.012588708701126628
3660,0.00021569111382783426
3661,0.0003643316861323163
3662,0.005810078591477129
3663,-0.005879594471614634
3664,0.004577835638507736
3665,-0.0022173380364035114
3666,-0.022073723478883752
3667,0.000289386492144239
3668,-0.015309487192218543
3669,-0.02421564690475581
3670,0.0020784444252587267
3671,0.007010679433105625
3672,0.007556086147856599
3673,0.008124789838989753
3674,-0.02700070998215029
3675,-0.01896923590604539
3676,0.027886198007664325
3677,-0.014559744617858984
3678,0.008738425599580336
3679,-0.0094973765565294
3680,0.0012746875721388142
3681,-0.008743041282955189
3682,0.0080456858996754
3683,0.002077050464066953
3684,-0.006144004290692291
3685,-0.014601384414702085
3686,0.00391780469389023
3687,-0.016885417273136583
3688,0.006161933471420579
3689,0.03706134715109922
3690,0.019127144592731526
3691,0.010249063602282185
3692,-0.0010477531990486667
3693,-0.027087318203428083
3694,-0.018425011883281165
3695,0.018180390538713724
3696,-0.010942135308265929
3697,-0.009670414043771393
3698,-0.0021724839485955444
3699,-0.014768234479722687
3700,-0.017082840650147587
3701,-0.0005540769175902593
3702,-0.012372209010738681
3703,-0.010257297865477355
3704,-0.01082178302056433
3705,0.007495132935265191
3706,-0.003106563780288433
3707,-0.0023540509477069614
3708,0.008543177426196265
3709,-0.0018407146544695745
3710,-0.003754734792915858
3711,0.00676571894527913
3712,0.009544377740459433
3713,-0.0019114486314695367
3714,0.0012878262825841394
3715,-0.010830202759961185
3716,-0.011938769104586595
3717,0.010962876954097454
3718,0.006407287880051271
3719,0.006552811017642905
3720,0.004101601098263265
3721,0.0008043897193617391
3722,0.009940828847772011
3723,0.013294889951219966
3724,0.01295932830690352
3725,-0.0012609239054491032
3726,0.019644560317833376
3727,0.0033653888455359984
3728,0.009041028005909852
3729,0.004118934277391228
3730,0.003625989261225195
3731,-0.010183294117247148
3732,0.010010228717832395
3733,0.04013595967119436
3734,-0.0051112898251453875
3735,0.0011527478826869853
3736,-0.006114713703233443
3737,-0.006702274185777678
3738,0.02185707175212018
3739,-0.009301124117284032
3740,-0.006506403607852207
3741,-0.022151573372031982
3742,-0.010490457275519081
3743,-0.023850505149686813
3744,0.009032997638241072
3745,0.039495248695410615
3746,-0.004997243491600924
3747,-0.023265371050246925
3748,0.012801552710722119
3749,-0.010059260641713655
3750,0.018413000950289603
3751,-0.0038077833207582658
3752,-0.00872282794234431
3753,-0.0023454175044367305
3754,0.010803100413348402
3755,-0.003040450396191248
3756,-0.006824590139062963
3757,-0.0026387302313178812
3758,-0.017716375174251786
3759,0.005734071632849063
3760,-0.024951116735425886
3761,-0.0060854329422377175
3762,0.010825701600014706
3763,0.004413460283490361
3764,0.008450081347520491
3765,-0.0007588304886112855
3766,0.01659190948503678
3767,0.013148619434411153
3768,0.006424134869825965
3769,0.01318861830440734
3770,0.010699776461107294
3771,-0.00601998164922481
3772,-0.018728701238328035
3773,0.0060619016604988255
3774,0.00782856241369056
3775,0.015477984210481624
3776,-0.013001603532504642
3777,-0.012581599658982775
3778,0.006617473834217262
3779,-0.0008448444708251479
3780,-0.026342712264945757
3781,0.005426013331127205
3782,-0.02587425190349166
3783,-0.013127158025248931
3784,0.01914838100434733
3785,0.025797541564475356
3786,-0.016926694678045483
3787,-0.004473299731061462
3788,0.0007540745917957634
3789,0.025184162018329553
3790,-0.006770410803757344
3791,-0.006545797827313529
3792,0.021917157310618055
3793,-0.005111206610854625
3794,0.010303215777388049
3795,-0.020600986771317838
3796,-0.002250923474516485
3797,-0.023164746567613602
3798,-0.014675318913328683
3799,0.011947242203290303
3800,-0.0005460860580918977
3801,-0.0043287683380178734
3802,-0.010365931022775618
3803,-0.002945397875301529
3804,0.004386268905834606
3805,0.013966658680603485
3806,-0.036732218895277426
3807,-0.011532372005868959
3808,0.002390710926886492
3809,-0.0012340179969600954
3810,0.005823223664889487
3811,0.00391451787654087
3812,-0.004128704083810502
3813,-0.007247942179837703
3814,-0.0032945144975362194
3815,0.016296773092727083
3816,-0.01013068430674525
3817,-0.0007273697758030057
3818,0.00273140442191687
3819,0.022080511803000368
3820,-0.0040646345677332685
3821,0.013627882117170177
3822,0.017466382744845393
3823,-0.0007406842078239132
3824,-0.002805766295756357
3825,-0.004468552198861945
3826,-0.0034395496056036606
3827,0.012158556520299459
3828,0.003401210400080764
3829,0.003461347268800896
3830,-0.015655972814175766
3831,-0.013439573529548646
3832,0.030273913161945405
3833,-0.0023435650821251497
3834,-0.01073158568896925
3835,0.02026432412204076
3836,0.004115009087071237
3837,0.008279135017298015
3838,-0.0017846133764539646
3839,-0.004322688935069418
3840,-0.0022277894010612935
3841,-0.019274453038392775
3842,-0.0010803543652509271
3843,0.004314885764314867
3844,0.02615703946572054
3845,0.0013635822571282604
3846,-0.03264364430559845
3847,-0.001165478985923051
3848,0.03864944247502252
3849,0.01232895088154237
3850,-0.011239084807549002
3851,0.008461125043339618
3852,-0.010271276981698888
3853,-0.018867932541066456
3854,-0.004739967607193044
3855,0.0014412504347869654
3856,-0.02615152535061448
3857,-0.015992307635591913
3858,0.00030039274734513117
3859,-0.005580303896608799
3860,0.005702872537805759
3861,-0.01691281116783444
3862,0.0101895673939582
3863,-0.016478488560978756
3864,0.023238125908189206
3865,-0.023953901957704245
3866,-0.015196919341629646
3867,0.00601986893724135
3868,0.02354021948161474
3869,0.004582005162459112
3870,0.008064188497353646
3871,0.00040158271814027646
3872,-0.014267327554665067
3873,-0.006732041646048908
3874,-0.016874048457923837
3875,-0.01781269550697876
3876,0.005800357250819242
3877,-0.01562722997027494
3878,0.00464539129332751
3879,-0.01813746596262737
3880,0.004319803007060453
3881,-0.006711585690165852
3882,0.01992029113372483
3883,0.004703914439020178
3884,0.01751982767249406
3885,-0.010462845864913443
3886,0.0009440630357309718
3887,-0.013630633594960318
3888,-0.005656632856433734
3889,-0.00352780863729677
3890,-0.010044271315521536
3891,-0.016924537629794144
3892,-0.019706947863210936
3893,-0.03272192652566019
3894,-0.014688143518153415
3895,0.008972424179057355
3896,-0.022306220636713576
3897,-0.019069085075865137
3898,0.025320063606608486
3899,-0.008788594267560151
3900,0.0046663562408402505
3901,0.009180713821210208
3902,0.009464681368440782
3903,-0.021235713085347285
3904,-0.0030915846786669287
3905,-0.022583439986219807
3906,0.03452972076468641
3907,-0.022255308103808505
3908,-0.014568617592915308
3909,-0.014466893304361683
3910,-0.020875238069518187
3911,0.019161203562545265
3912,0.03419431084908585
3913,-0.006529850670476338
3914,-0.018398830345254413
3915,-0.03127710934023595
3916,-0.0032749439026266564
3917,-0.004290262630061444
3918,-0.008996558288684476
3919,0.0032658276002708736
3920,0.005707957395808892
3921,0.0046949827446652
3922,-0.004286882512848312
3923,-0.015324332606662217
3924,0.009511149396342303
3925,0.00033099978159478044
3926,0.012637962599364316
3927,0.011256948468525917
3928,-0.01982279931870856
3929,-0.019997883581653338
3930,-0.010461356433104432
3931,-0.014687004566745203
3932,0.01076762045990653
3933,0.005091607680685067
3934,0.015600401354812419
3935,0.005726416560604115
3936,0.003087012177263158
3937,0.017013225542788012
3938,0.0067555594518273355
3939,0.0011120861807750238
3940,0.020957822490786992
3941,0.0017736320457771672
3942,-0.004121295290385674
3943,-0.011617553691996645
3944,0.010033759735018147
3945,0.017537640104183853
3946,-0.0005556693608564342
3947,0.018533404375075283
3948,-0.027526603462659647
3949,-0.0006240438310038506
3950,-0.00040823361816223053
3951,-0.01006023600868727
3952,0.03365210559719137
3953,-0.0007749470544431058
3954,-0.005574087429099724
3955,0.0005199700058761685
3956,-0.027987476141069063
3957,-0.010522160394824561
3958,0.013971208052487838
3959,-0.008682495297352499
3960,-0.011491819070329867
3961,0.018556027550169808
3962,0.018987814332586478
3963,0.007419679739473485
3964,-0.006239942099726916
3965,-0.003209777682028294
3966,-0.011144391659005813
3967,-0.013822942564579456
3968,-0.014520508870354285
3969,-0.008529460590484267
3970,-0.01438427209678062
3971,-0.02181731923352982
3972,0.003238109733640182
3973,0.0034515936903361504
3974,0.024053937236081624
3975,-0.009236028211107828
3976,0.004315834420744977
3977,0.004549258630682846
3978,-0.003411649224863995
3979,0.010614203001748711
3980,0.011048334055799065
3981,0.004755795568069401
3982,-0.0034369721410271218
3983,-0.004868690281823051
3984,-0.019063900792086415
3985,-0.011169232229290935
3986,-0.008585008014908604
3987,-0.01563838381475469
3988,0.006336775853173454
3989,0.016969638878996916
3990,-0.012604522979654292
3991,0.004137953681917912
3992,-0.014375702742535293
3993,-0.004129467194647742
3994,-0.0095450388184844
3995,0.008612729106052687
3996,-0.009382864179651403
3997,0.01437055935759489
3998,-0.003297595776685515
3999,-0.008972777209198157
4000,-0.01745572000804722
4001,0.0037130779998349045
4002,0.012734368563863029
4003,0.00399574947365897
4004,0.03161421807221345
4005,0.02024589251903219
4006,-0.004166079826955661
4007,-0.004313616456424302
4008,0.006755129189845287
4009,-0.011620306694909707
4010,0.01654332098786128
4011,0.005236210019949697
4012,0.0037588073733908485
4013,0.009807926149803213
4014,0.024363593007996984
4015,0.0025573498088045815
4016,-0.0014332304089386373
4017,0.02135501189644212
4018,0.013750745501272421
4019,-0.004355102346256113
4020,0.00022803970507254498
4021,0.00290056684905883
4022,0.005239194889088949
4023,-0.018907169126375915
4024,-0.02151913815719638
4025,-0.012314043563928448
4026,-0.013400908800584633
4027,-0.008891563524827785
4028,0.009073830641070256
4029,-0.002218554494884826
4030,0.0029148107521418045
4031,-0.017048199018536155
4032,-0.006331626623720917
4033,0.008407042695819749
4034,0.008515166515749878
4035,-0.010026223609577079
4036,0.002426769231329878
4037,0.031052383509361018
4038,-9.211612967207464e-05
4039,-0.009585189254417828
4040,-0.0022864689125356836
4041,0.0014503933330331999
4042,-0.0019689880608055586
4043,-0.00028542009672065654
4044,-0.0201275033656985
4045,-0.01337128858302608
4046,-0.0019432295508404155
4047,-0.002167109151011081
4048,-0.007800675074906432
4049,-0.002332153267047227
4050,0.0010125153766979476
4051,0.012652800076730234
4052,-0.0012389166381175062
4053,0.005763180866885505
4054,-0.007455161875370043
4055,0.008193993957698584
4056,0.005434755276394706
4057,0.01232123332314656
4058,0.010180387711270462
4059,0.008427810341225141
4060,-0.0012277551183043668
4061,0.0035969379556125723
4062,0.015099111376025747
4063,-0.009007496620336723
4064,-0.008674941517776378
4065,0.0027045544939003504
4066,0.005990485560799307
4067,-0.011424811954279197
4068,-0.0008953678679978097
4069,-0.001165666453898206
4070,-0.030972958148225177
4071,-0.0029304739486853545
4072,-0.002055397397773823
4073,-0.002097202305545618
4074,0.020050952860570653
4075,-0.01692868901511335
4076,-0.011432063565165945
4077,-0.036550238870968754
4078,-0.006602462715678089
4079,-0.005404243283429298
4080,-0.007010807939026524
4081,0.015719746030012537
4082,0.012248172555996435
4083,0.0012491697458240107
4084,-0.005052525942747577
4085,0.014574717908165885
4086,-0.00012246650309411127
4087,-0.011342800637539221
4088,-0.023960792741155423
4089,-0.006045990795707297
4090,0.01075907488582421
4091,0.03214406020837843
4092,0.0010208829453431645
4093,-0.010599269539162686
4094,-0.016495436293638695
4095,0.007910984107767513
4096,-0.0246404293475805
4097,0.007888363993576331
4098,0.01164527791355228
4099,0.006285564788656792
4100,-0.002931424995272167
4101,0.00809345413020678
4102,0.0025571111985952066
4103,-0.010778684325958287
4104,0.026156324080651445
4105,-0.004786478469152417
4106,0.011055684612906388
4107,-0.03383011844645032
4108,0.018091557011915217
4109,0.020793569853309688
4110,0.0005743730239320792
4111,0.008006761420523506
4112,0.008003166287367944
4113,-0.008876943668854824
4114,0.007843078713617127
4115,-0.011207349747195455
4116,-0.008398816537492249
4117,0.015990460442222496
4118,0.013850613730098492
4119,-0.009770508913463979
4120,-0.010152722907283293
4121,-0.008916471141276819
4122,0.010449883858169771
4123,-0.013896174492806473
4124,0.00516752768829805
4125,0.01064951766574271
4126,-0.0010848233326120062
4127,0.014348123010408843
4128,-0.004120867625433179
4129,-0.002849840696730806
4130,-0.013576662615831694
4131,0.014448080832569632
4132,-0.010615638637893263
4133,0.0050699983876462094
4134,-0.0008469392516905613
4135,-0.01463807221793018
4136,-0.008403681467775028
4137,0.019586661032701402
4138,0.002988763185454901
4139,-0.014024964828967599
4140,0.004445497880468081
4141,-0.0018979666197118824
4142,0.04868986918723642
4143,0.00416159408897697
4144,-0.00519320716414296
4145,0.02010875592548731
4146,-0.02571425044427566
4147,0.0014805064920321172
4148,0.028179974585136113
4149,-0.00147761804104969
4150,-0.02420040493790092
4151,-0.005408099173375324
4152,0.020593395629758142
4153,0.005439522949298794
4154,-0.011632066846159857
4155,-0.009473561785338447
4156,-0.007709494512185893
4157,0.005230552334753816
4158,0.018958892475849608
4159,0.014943337073436385
4160,0.006562840223116003
4161,-0.018556511408958212
4162,-0.01850434859626864
4163,0.0076481797156713535
4164,-0.018750792892549457
4165,-0.0030144043062399787
4166,0.004428947386002358
4167,-0.015829797307463044
4168,-0.014237311760235048
4169,-0.0011673848227613472
4170,0.007232229462615737
4171,0.01507114657004147
4172,0.008685203998322738
4173,0.001190151417601719
4174,-0.010330031132233
4175,-0.01489274157228679
4176,-0.007023453097783999
4177,0.005915392596012009
4178,0.004885247041949178
4179,-0.029351716540451846
4180,-0.010884818305483383
4181,0.017080360636505698
4182,0.001268256297469952
4183,-0.01975601010837049
4184,0.03325810214182934
4185,-0.0002515141501568351
4186,0.005555650062466012
4187,0.005769104308454132
4188,-0.0050101241615765615
4189,-0.010068376204119616
4190,0.029967985058807264
4191,0.014251759905167253
4192,0.011704654072524252
4193,0.008252918686360277
4194,-0.013943002823900996
4195,0.01810644194515332
4196,-0.01169215898296191
4197,0.004135780783971229
4198,-0.022880807831948253
4199,-0.028522068951761344
4200,0.004627646938281125
4201,-0.011213937076400846
4202,-0.027795726334403838
4203,0.0077515637411106186
4204,0.029945583880214892
4205,0.019680638076376766
4206,-0.0034605531749495205
4207,0.0002794523332220511
4208,0.012628811273521355
4209,0.015922800493372392
4210,-0.004672047409142525
4211,0.0006354119555874626
4212,0.004379266170450579
4213,0.00793798309357932
4214,-0.0017147682725054472
4215,-0.0015322218138290713
4216,0.019543945594133652
4217,0.017150803178182537
4218,0.006863520797461085
4219,0.024311309811711302
4220,-0.00527500004692539
4221,0.02296045528185631
4222,0.007778345161361038
4223,0.04611815049702056
4224,-0.01660105784250722
4225,-0.009531207498583553
4226,0.006039920853330694
4227,0.005736916378854302
4228,0.02755763829578875
4229,-0.009236538492385626
4230,0.012870670239356213
4231,0.01648956956608969
4232,0.01005655659346785
4233,-0.01334832647853477
4234,0.01993635587229028
4235,0.01742908329844329
4236,0.008580254162998248
4237,0.0030265638875434236
4238,0.0033323301607232326
4239,-0.0009511978931231941
4240,0.009159186673886394
4241,0.0005926550158604233
4242,-0.011767929401884364
4243,-0.014579176292637561
4244,-0.010412113265269867
4245,0.0032764644633645353
4246,-0.00022360923410351865
4247,0.003181076226396981
4248,0.007192363050484163
4249,-0.00865966955115414
4250,0.020749959794360607
4251,-0.0036065901202665296
4252,-0.005935159063809123
4253,0.006933436589505786
4254,-0.02565065362009631
4255,-0.010953072607908938
4256,0.013940755943404914
4257,-0.024258309752963333
4258,0.015858812221326953
4259,0.021388973693349512
4260,-0.005036258242006405
4261,0.00425558387101102
4262,0.015880070642164037
4263,-0.006403949744611388
4264,0.012348753528360632
4265,-0.009275519064613647
4266,-0.006555890638637959
4267,-0.01107675455976693
4268,0.004969886451382985
4269,0.016426422571401828
4270,-0.002431910085790464
4271,-0.01770785958919926
4272,-0.015058547428326628
4273,0.0056998957200060435
4274,0.026067856798254702
4275,0.005687608734407748
4276,-0.005281334323199557
4277,0.010921234691026703
4278,-0.0032101650898831665
4279,-0.0051603317394509456
4280,-0.013312674375769424
4281,0.01994605198997092
4282,-0.03552464598452397
4283,0.011366320830186256
4284,-0.006361173308830488
4285,-0.005610761411450855
4286,0.02393481377989078
4287,-0.009879486978463749
4288,-0.009400863937307746
4289,-0.0016770791605619053
4290,0.005970359462577747
4291,-0.006053596736904726
4292,-0.02195999603456212
4293,-0.012009239565015062
4294,0.018159889331754827
4295,0.001205891882071409
4296,0.006493637764927801
4297,-0.003518211209564246
4298,-0.00911180306032461
4299,0.023727613745348788
4300,-0.002489225305103013
4301,-0.006074872150511975
4302,0.015557661773662912
4303,-0.009995120933846897
4304,-0.008201679188750676
4305,0.00029914385727164373
4306,0.0001589574415205101
4307,0.003803104001426964
4308,0.029546355703306916
4309,0.00487997124296983
4310,-0.03326018306624762
4311,0.0047401681114702604
4312,0.0006874347122724782
4313,0.0007657022676411332
4314,0.003611103075591249
4315,-0.0002478123445190866
4316,-0.0005841194172396578
4317,0.008769383675211493
4318,-0.0074619135857698585
4319,-0.013161300254310535
4320,0.04264397955955016
4321,-0.009903744894725772
4322,0.0015623252425796368
4323,-0.020861183345604144
4324,0.0017917238651505465
4325,-0.0129581038056728
4326,-0.006062268799582197
4327,0.014839940889264536
4328,0.006787628302643568
4329,0.008142197146309833
4330,-0.024733012006282713
4331,0.025966387130301135
4332,-0.01659261825874815
4333,0.02163381139149671
4334,0.01450943718542332
4335,0.008267582182720798
4336,-0.011858699685265917
4337,0.002285234405879285
4338,-0.006462013878784281
4339,0.000563213063095238
4340,-0.0033559305833730014
4341,-0.02849047623165915
4342,0.015917968602888972
4343,-0.000984519238256691
4344,-0.006657035190302566
4345,-0.007718304295834607
4346,0.0051920748662587
4347,-0.012403500178208364
4348,-0.031533550974703756
4349,0.005875967012009509
4350,0.007449364002176146
4351,-0.002649974586854259
4352,-0.015974653051989397
4353,0.0014048442960302309
4354,-0.02042378833474509
4355,-0.014279020447967325
4356,-0.010393307834403254
4357,0.012013814454811823
4358,-0.004940083987639919
4359,-0.006138055400067162
4360,0.02762162246948139
4361,0.005107806605897537
4362,0.004918560511715602
4363,-0.005039706596247191
4364,-0.00822478448839287
4365,-0.030567238240308072
4366,0.013767468475286234
4367,0.006454608488391805
4368,-0.0023623979244273884
4369,-0.0017730858576356307
4370,0.010499130267799984
4371,-0.021690924898795115
4372,-0.008133585203768983
4373,-0.01581165489447737
4374,0.02504761403844887
4375,0.012459479904726074
4376,-0.030796084616248227
4377,-0.021115535739584402
4378,-0.001704499839931485
4379,-0.00648335539360091
4380,-0.018454461293724314
4381,0.027482086670977287
4382,0.004546832415625758
4383,0.006827067554767978
4384,-0.00956872088075765
4385,0.010304233646568916
4386,-0.005190508056846324
4387,-0.0038262488273290455
4388,0.008740686897159611
4389,-0.02273477933691796
4390,0.022595879533314826
4391,0.0027180133045734047
4392,0.018154414177681055
4393,-0.01495615285777855
4394,-0.012816739213334608
4395,-0.016171337470621567
4396,0.0036722324243467727
4397,0.0010823297531906142
4398,-0.006370544026910375
4399,-0.01409408231902016
4400,-0.017642479268277958
4401,-0.0005261119110482571
4402,-0.006387054041598092
4403,-0.009478679151741751
4404,0.021894167957787068
4405,-0.0010016413565497432
4406,0.01800123436458389
4407,-0.007337857863939211
4408,0.0035946483503806843
4409,-0.0006243619784575979
4410,-0.023699063392788357
4411,0.020225529768065343
4412,-0.0017439556615023808
4413,0.010643495297683766
4414,-0.010412007440363667
4415,-0.002161157076657337
4416,-0.01202545756999588
4417,0.01752285704300379
4418,0.004530946203015011
4419,0.005312833192287024
4420,0.019239755064430108
4421,0.016403550080604446
4422,0.010909411284935519
4423,-0.019822311420639716
4424,-0.009620208154207242
4425,-0.0139510226851665
4426,0.01037813842859455
4427,0.002553086421748894
4428,-0.019383693491473983
4429,-0.002496986762719252
4430,-0.02083943273775662
4431,-0.0005917690112250432
4432,-0.023105388120712875
4433,0.00758600823985585
4434,0.005466122951735937
4435,0.026964796487249514
4436,0.012069096325860538
4437,-0.005787438922933595
4438,0.011650315211865422
4439,-0.019484182413893048
4440,-0.013369070245022891
4441,0.004836331142255256
4442,-0.030171591865229865
4443,-0.0003670045823266297
4444,-0.014181119016616436
4445,0.001578683252313112
4446,-0.014988704699521713
4447,0.0061165061485523526
4448,0.00042674232819725727
4449,0.019832474328670587
4450,0.0002497927057025682
4451,-0.010645461058065981
4452,-0.0033139669874557034
4453,-0.018733443430389258
4454,0.005862020166691183
4455,0.008443472528593838
4456,0.03485119463300204
4457,-0.008582597706135467
4458,-0.0036077668902271334
4459,-0.00793513786770544
4460,0.003135688423628436
4461,0.005518505845168615
4462,-0.0005948372566065733
4463,0.015419725438951109
4464,-0.008514356536370265
4465,0.014012436403658199
4466,0.007721891794446972
4467,-1.3876965533623039e-05
4468,-0.004270186022087773
4469,0.03425360639153247
4470,-0.011325076177996895
4471,0.004341585114199266
4472,-0.01038657902098447
4473,0.025245902016145808
4474,0.012616446921090272
4475,-0.00937670545535153
4476,0.007357916448540169
4477,0.0037761864773227633
4478,-0.007104216823734138
4479,0.010808544774965493
4480,0.005625506386868894
4481,0.0031860634110588235
4482,-0.00043387487522974957
4483,0.006212145990948129
4484,0.0033784143483612263
4485,0.0009855150079893867
4486,-0.008852105394446507
4487,0.02395520376891935
4488,-0.014604866721462573
4489,0.006164113945470244
4490,-0.004344716872297604
4491,0.024879529209292053
4492,-0.012540168352726347
4493,-0.010176426724235079
4494,-0.013472285340579293
4495,0.004700347528428072
4496,-0.019138328493058562
4497,-0.006568905204641954
4498,-0.030088914792381592
4499,0.003533454836598713
4500,-0.006873632241496777
4501,-0.020754342284522498
4502,0.015409657307782848
4503,-0.01821958527703053
4504,0.011353456491746064
4505,-0.009695548414847025
4506,0.022659723006138374
4507,0.010687509240120675
4508,-0.014009473409266338
4509,-0.01273126964883547
4510,0.008663730003821283
4511,-0.003531657468881218
4512,-0.002224362713033973
4513,0.01803209055538899
4514,-0.010365077382503484
4515,0.0014379811018176137
4516,0.013569162622096434
4517,0.011524517233001316
4518,-0.002087643382844515
4519,-0.0039044134871748792
4520,-0.024277891058602858
4521,-0.014686717695554803
4522,0.004628602779844588
4523,-0.0017822964677460123
4524,0.001208003681582638
4525,0.014758286541040597
4526,-0.01652856845527473
4527,-0.0031635373614930856
4528,0.0028068436749097204
4529,-0.00973937679663376
4530,0.020269634882164836
4531,0.012922215301700908
4532,0.004231985130453453
4533,0.02536690034817959
4534,-0.02090664051493675
4535,4.659583190056014e-05
4536,0.005302764444988439
4537,-0.012695754279074881
4538,0.004380667602577782
4539,-0.015394037629908706
4540,0.00985856302649904
4541,0.015019380626238874
4542,0.003981868573591625
4543,-0.025879519830806788
4544,-0.013429785834864233
4545,0.008090213135417208
4546,0.00045303586817025917
4547,-0.0376997515169719
4548,0.017618855845749588
4549,0.0020753978462887397
4550,-0.011354106867431338
4551,0.014135830791575503
4552,-0.009365325583354116
4553,-0.009518657572547565
4554,0.005190572399275071
4555,0.025181513745960258
4556,0.022969079130662422
4557,0.005209666318896928
4558,0.006652397452808404
4559,0.011276949201054267
4560,-0.01750740741407186
4561,0.009206444888953183
4562,-0.010159708279255433
4563,0.004630272669212172
4564,-0.0030411107748215802
4565,0.007197916132826623
4566,0.0018146988520106279
4567,-0.04302567769030315
4568,0.0026688679646099294
4569,0.00917840663811517
4570,0.006421146724598345
4571,-0.0012863295338200905
4572,0.023230079849809532
4573,0.004530437279339229
4574,0.006305150499477341
4575,0.014831892558561838
4576,0.005250155872528502
4577,-0.012463379667565552
4578,-0.03410725901704644
4579,-0.006549126344308693
4580,0.010847626473697877
4581,-0.004806388838895881
4582,0.011412960342886096
4583,0.002245023521095257
4584,0.01825448737327889
4585,-0.003993090380585294
4586,0.006725875366572141
4587,0.007263631544436995
4588,0.02125499646382245
4589,-0.023825738074963437
4590,-0.0062861849162505
4591,0.012078128885757182
4592,0.02187740436888336
4593,0.0035285390213238167
4594,-0.003957785260199799
4595,0.010793848981295392
4596,0.01236178148943945
4597,-0.004898642146707289
4598,0.004796491906951618
4599,0.016743400394135292
4600,0.026719041895400312
4601,0.010589913076993477
4602,0.0007753819916867307
4603,-0.0006046780015171654
4604,0.007987447880029721
4605,-0.0014702207164325983
4606,0.002819905091404559
4607,-0.014709639594401814
4608,0.01838082663669497
4609,-0.01586620110574315
4610,-0.005916678122861629
4611,0.001526498684487562
4612,0.028131614561401067
4613,-0.005784189207238655
4614,-0.009203392720964798
4615,-0.007584669618262859
4616,0.023465239229913646
4617,-0.039362673479021046
4618,-0.013934861661735326
4619,0.038534003031297254
4620,0.008457971300173143
4621,-0.015385641203968367
4622,-0.00043385057914981323
4623,0.001103003295549959
4624,0.012044533603218796
4625,0.02600301717551089
4626,0.005614915595268427
4627,-0.007429700488221736
4628,0.011214918772489039
4629,-0.009656370906011635
4630,-0.014364831851326887
4631,-0.024574286164527264
4632,-0.021837318467385257
4633,-0.012441282237477225
4634,-0.01639461022859425
4635,0.004556620913819111
4636,-0.01669829315269636
4637,-0.04401822344326122
4638,-0.014513416860091461
4639,-0.0064751975643586425
4640,-0.008352341937007183
4641,0.0215068396852811
4642,-0.008466062137967757
4643,0.012533502507570017
4644,-0.00011157289594825365
4645,-0.0004392849249038514
4646,-0.011583226176889552
4647,-0.0006708253313941985
4648,-0.010595624732473977
4649,0.002544267282359748
4650,-0.00316451156097745
4651,-0.013118324958155597
4652,0.014092815372363671
4653,0.006152932580792293
4654,-0.006140814033685916
4655,0.002199564944497236
4656,-0.0010226743257597578
4657,-0.012035835726716725
4658,0.0011457433758573414
4659,-0.008571015915286796
4660,-0.013122623361549068
4661,-0.02264723487866998
4662,-0.004883827244017034
4663,0.008121978862359552
4664,-0.009605878858918943
4665,0.035575027307834364
4666,0.012600418666772384
4667,0.018483022665880155
4668,0.011329559329744086
4669,0.026190787651777334
4670,-0.010903435980333115
4671,-0.03582716839163718
4672,-0.0061135944130132555
4673,0.007998998512364679
4674,0.0022842104262412143
4675,0.004025979338886769
4676,0.018715995545047503
4677,0.0055236633259892745
4678,0.011381127332621867
4679,-0.013047151166740177
4680,-0.015236817578480938
4681,0.022835965211243016
4682,0.0015729850675052794
4683,-0.008602174225576771
4684,-0.00857639398798076
4685,-0.008966024203301694
4686,-0.009806811359935264
4687,-0.017875053966742327
4688,-0.020928070852172142
4689,-0.002584951781754964
4690,-0.008176365693711794
4691,0.015712466567549745
4692,0.004273343426608144
4693,0.0038832868156159716
4694,-0.010286831804410996
4695,-0.0015454748246197109
4696,0.005227787264727294
4697,0.010218822597679679
4698,-0.0011641636727544083
4699,0.015318524240150521
4700,0.00026742423714217096
4701,0.011295893310672652
4702,-0.006728020940330467
4703,-0.02531451473845037
4704,0.003926021907443625
4705,0.010347089694537084
4706,0.008239684094350204
4707,0.006087539214377522
4708,-0.004743025262794537
4709,-0.011180873556992453
4710,0.007907799643374624
4711,0.006147409424668393
4712,-0.007726339787544414
4713,0.01574429197674095
4714,-0.012250467219362775
4715,-0.008044246110041946
4716,0.02314947341771347
4717,0.012360084940403596
4718,-0.0048754237473512835
4719,0.00419330658767282
4720,0.0023302330867456793
4721,-0.03842496955972893
4722,-0.012582202332736875
4723,-0.000559311742991771
4724,-0.004855782078037228
4725,0.003627336205557794
4726,0.016026139713752798
4727,-0.004362914225192009
4728,-0.014706527619903254
4729,0.004719831514457318
4730,-0.004434402175199991
4731,-0.002037772088076294
4732,-0.003944711061610431
4733,0.03165645890997369
4734,-0.031330206808773416
4735,-0.005301531354043516
4736,0.00010332553046188468
4737,-0.010821101044524727
4738,0.012799110097376044
4739,0.011582693326171853
4740,-0.0005158643685161371
4741,-0.0036482238565711937
4742,-0.0014180050392282658
4743,-0.0013172528853320244
4744,-0.0009461004948951256
4745,-0.002486516790996963
4746,0.0037024663293481626
4747,0.010738959355892749
4748,-0.01713190041656598
4749,-0.014608294679871977
4750,-0.024414227167348482
4751,0.012329388803345826
4752,0.0036725924324540185
4753,0.007254954029119365
4754,-0.019931504491809172
4755,0.0252364505816392
4756,-0.008400137165431856
4757,0.0025187144375711967
4758,0.012160591186225079
4759,-0.013713433728282142
4760,-0.007521542201534405
4761,0.0026728032825057103
4762,0.040307089014924545
4763,0.00438643156308792
4764,0.022727026739163186
4765,0.017096739033529856
4766,0.0053262736381474015
4767,-0.013744572186483337
4768,0.015046343341009785
4769,-0.02089561091959653
4770,0.022649939554893837
4771,0.0029655467302722445
4772,-0.0370845877025841
4773,-0.004629476497690897
4774,0.009344142829116782
4775,-0.0031753908392105922
4776,0.010202102254303281
4777,-0.011788995378894825
4778,-0.018195915080688872
4779,-0.0008487566219132648
4780,0.0005987086253440774
4781,-0.00474017820941717
4782,0.017400505470591906
4783,-0.011791569727286786
4784,0.004555624377268959
4785,0.0011102455362327584
4786,-0.02171911060946273
4787,-0.018379257052974128
4788,0.00032253030551872015
4789,0.027994093706875
4790,0.008294801021070096
4791,-0.02409268266812228
4792,-0.043552017774991854
4793,0.010455701572950527
4794,-0.0011967865448233555
4795,0.016191718357910903
4796,-0.01222029019632167
4797,0.005076190626895203
4798,0.012045211128542635
4799,-0.006132395806946269
4800,-0.005832000807199824
4801,0.0005101440048960528
4802,0.007780606098324241
4803,-4.6252926613134547e-05
4804,0.013841320695915645
4805,-0.0063357435361312935
4806,-0.018510850128777262
4807,0.027934731097419365
4808,-0.008340879366081418
4809,-0.007832330532126877
4810,-0.0007694766226390082
4811,0.001099160808966384
4812,-0.005278342633415668
4813,-8.98112214472098e-05
4814,-0.00040355893887052076
4815,0.0026116446459435
4816,-0.03297119180193311
4817,0.026584390296297132
4818,-0.001914467101583206
4819,0.008313810064523327
4820,-0.019209298405281457
4821,-0.006463121852026442
4822,-0.009291918224264091
4823,0.02080705962067873
4824,-0.008076427364856031
4825,0.010807361208826768
4826,-0.008984253715732811
4827,-0.0062048357850950945
4828,-0.0032951984632888184
4829,0.01819517657386946
4830,-0.02640019783858199
4831,-0.018331950704395347
4832,-0.027207494631880567
4833,-0.015125928792504788
4834,-0.011249076968792824
4835,-0.022530802661610345
4836,-0.010160752006936773
4837,-0.02815470002288196
4838,-0.014149157804783385
4839,0.01702292981843168
4840,0.005826200173257586
4841,0.0027893735053995234
4842,-0.013935431369629115
4843,-0.021429213170106914
4844,-0.015851746955732892
4845,-0.00045200300036751285
4846,0.012354391842242275
4847,0.012834823307214393
4848,0.009016243458597892
4849,-0.010208655392672558
4850,0.0005001252678020115
4851,-0.004360198698204453
4852,-0.002671866042672957
4853,0.02877996738857586
4854,-0.02460367308590557
4855,-0.003142411047817431
4856,0.017182112909588734
4857,-0.020442886172359048
4858,-0.008890487334761327
4859,-0.007278649055148598
4860,-0.0029824047243457706
4861,-0.022270510414234442
4862,0.008519854143334168
4863,0.00951753139563846
4864,0.0072986235651329705
4865,-0.012074937496330514
4866,0.0013707727977493693
4867,-0.012483367803473205
4868,-0.004518336683496394
4869,0.03041472518736022
4870,0.0014998304822567672
4871,-0.016531427481025967
4872,0.0026891531896916024
4873,-0.018839666533835342
4874,-0.016692792907823897
4875,-0.014474232163666988
4876,-0.006088074603224605
4877,0.013321029130997575
4878,0.008282553494672714
4879,0.0075040572774512735
4880,-0.015286431865835812
4881,-0.007451143890761832
4882,0.003977199324256308
4883,-0.008673707885677317
4884,-0.003756318007010152
4885,0.006356935975665585
4886,-0.004745634849939352
4887,0.0033316497714111354
4888,0.022535466243660554
4889,-0.0022597205164260866
4890,0.016726686739666992
4891,0.008015178756870267
4892,-0.020461862769448252
4893,-0.01533157196106521
4894,-0.01155815250915267
4895,-0.011856593864058707
4896,-0.0011135488582838524
4897,0.00879186388388099
4898,0.01779208382056227
4899,0.004485499853505232
4900,-0.006107326686640539
4901,-0.029103555732687327
4902,0.0011470550374484308
4903,0.0005172732359964737
4904,0.002725594661429698
4905,0.029751103771325685
4906,0.01758746696305741
4907,0.011186485125137393
4908,-0.013363513227664832
4909,-0.007053209516208528
4910,-0.001177551714713604
4911,-0.010740510228145898
4912,0.0071874645597172935
4913,0.00517028474552907
4914,-0.015137249751395812
4915,0.01697229237530887
4916,0.0015927808729138218
4917,-0.024140968314263565
4918,-0.0005662847017287378
4919,0.004106548750295717
4920,0.013824402961914506
4921,-0.004586904629169021
4922,0.011788978358671827
4923,0.0027847971205523315
4924,-0.01832339406565346
4925,-0.019730125190637934
4926,0.01592886865983376
4927,0.016960594028011294
4928,0.0046925373880106645
4929,0.021172160446053485
4930,0.015002168613940008
4931,0.00976120561180796
4932,-0.012650177259495429
4933,0.02448442043040496
4934,0.007691028667970313
4935,-0.005266470929860077
4936,-0.009235067604273188
4937,0.0037633723097796716
4938,-0.02332580890224742
4939,0.009986656356891032
4940,-0.013243986308364751
4941,0.0053627805824484195
4942,-0.007174412403042881
4943,-0.0035603308099167257
4944,-0.010480595169894231
4945,-0.0021103614189099357
4946,0.02670387398785623
4947,0.019617397225552696
4948,0.005136140964411214
4949,-0.00020026158726644684
4950,0.012017497644412692
4951,0.01603299801076981
4952,-0.011505072765375175
4953,-0.0009329740916322617
4954,-0.025446175840687358
4955,0.015936487974093486
4956,0.029171954507681695
4957,0.0012804470968727335
4958,-0.029704524823719092
4959,0.008711017845927028
4960,-0.012548692429647287
4961,-0.009165926056246413
4962,0.00895953178487307
4963,0.003732042186090989
4964,-0.006703523000130317
4965,-0.00897280423042561
4966,0.0019233537331793547
4967,-0.005598463790471495
4968,-0.015431339435081638
4969,-0.004517866247521092
4970,0.004926964923597472
4971,-0.002347467781247136
4972,-0.019706825257750245
4973,0.014053053442683441
4974,-0.038329384899323145
4975,-0.0061169604151994445
4976,-0.008559587785779844
4977,0.00223730503187363
4978,0.008047381263959283
4979,0.015987954559665608
4980,-0.009855230927310256
4981,0.00839755334081292
4982,0.0029067140081125062
4983,-0.023894619742489676
4984,0.026860699258796143
4985,-0.02006185916347445
4986,0.006049749127487066
4987,0.0056347038726535445
4988,0.004028286201045259
4989,-0.00679440992918729
4990,0.011779344386578763
4991,-0.021770420152193763
4992,-0.0007698344819285659
4993,-0.007768151380117605
4994,-0.009361924112745819
4995,0.0061797332073150945
4996,0.015295406115071693
4997,-0.004668113579402339
4998,0.011124941746668721
4999,0.0008540955280495122
5000,-0.012389109577148881
5001,-0.003469464780283826
5002,-0.0040530790301315685
5003,-0.009633989816327017
5004,0.006176011530568485
5005,0.003452304794496348
5006,-0.02219593235373078
5007,-0.023051338709154406
5008,0.0061226370613145
5009,-0.011300876289490088
5010,0.004399308575987878
5011,0.01112846149400411
5012,-0.017703695798557816
5013,-0.01967912482277494
5014,0.02368352324743861
5015,0.005095276638499278
5016,-0.005735819159315525
5017,-0.01296814928655616
5018,-0.007017323257558394
5019,-0.01657422513296396
5020,0.012568472754107192
5021,-0.010759395927761227
5022,0.015521018447693219
5023,-0.005474295400070078
5024,-0.014505525636238543
5025,-0.005835036191962602
5026,-0.03671844968835888
5027,-0.0015418236823246557
5028,-0.0022352763289384715
5029,0.011744076335681692
5030,-0.02635034671695064
5031,0.016481185795400144
5032,0.011685854417366314
5033,0.01774831530653932
5034,-0.000585655012102548
5035,0.014401984531520548
5036,-0.020518097656191538
5037,0.010174585864890605
5038,-0.010680870362819101
5039,-0.02304959402908087
5040,-0.01564075509447037
5041,0.00023288313356407497
5042,-0.011427519813854443
5043,0.005439578247419378
5044,-0.02525337909044162
5045,-0.029733856292981746
5046,0.019439333268188485
5047,0.012854955135839457
5048,-0.014589085320731611
5049,0.00011301241888320298
5050,0.014480816906335472
5051,0.006045580538068806
5052,0.0022379263677144738
5053,0.015543774836568998
5054,-0.010112481117511287
5055,0.0005932676033126015
5056,-9.563898033933805e-05
5057,-0.0036775676014720753
5058,-0.005322209732082205
5059,0.0011790737771777465
5060,0.000638640724506626
5061,-0.01457687180614979
5062,0.011421637703863313
5063,-0.013564563902608965
5064,-0.0029113561860904446
5065,-0.003993986386119317
5066,0.005187073024279205
5067,-0.029621533771899133
5068,0.012673826232283079
5069,-0.009357601933758543
5070,0.01729753779073882
5071,-0.006563796479065705
5072,-0.0005311660466566962
5073,0.027046823069256553
5074,-0.003741869760154126
5075,0.017562923660671772
5076,0.0007038060482402579
5077,0.005992440693916795
5078,0.0011381887057799486
5079,0.012068791924352862
5080,-0.009477619952824675
5081,-0.013672245363165044
5082,-0.008817823467052375
5083,0.0015562474392622797
5084,-0.0029476842355138284
5085,0.01013562528939279
5086,0.018488665307085057
5087,-0.013556879523773376
5088,-0.010157956380715335
5089,-0.020026228521666082
5090,0.028685050483606585
5091,0.004436240884491193
5092,0.006897128545587797
5093,-0.01867684361693514
5094,0.0001387219008055509
5095,0.007310885782611301
5096,-0.00339647536882073
5097,0.015270493869927869
5098,0.03263997365319599
5099,-0.013152538992558548
5100,-0.014206748396194816
5101,-0.012178671538923404
5102,0.022724750519882014
5103,0.014801870338855883
5104,-0.0017492139028764304
5105,0.0006688820274777752
5106,-0.011318541862157618
5107,0.012661423530338643
5108,-0.00518304757060635
5109,-0.0034993165433444707
5110,0.00870960222181004
5111,-0.0024864582883001736
5112,-0.0031464744410971504
5113,0.00030376009385956257
5114,0.01133113874816884
5115,0.02329094250413965
5116,0.00838215136492669
5117,0.011442972365686182
5118,-0.0026530973672126215
5119,-0.009790495291495142
5120,0.009344682567605976
5121,0.0025613611388063963
5122,-0.01983497610708122
5123,-0.004454724790038951
5124,-0.0010096696436750104
5125,-0.007017562388546244
5126,0.02097584445586784
5127,0.0068976444742653124
5128,0.019450398635726524
5129,0.00385669540271565
5130,0.0012987873462993597
5131,-0.013005489384295611
5132,0.0003227904973460045
5133,0.00033858995493938986
5134,-0.019054907592385772
5135,-0.007426035376766176
5136,-0.004387459668230484
5137,0.0059651907155945
5138,0.006637846413842172
5139,-0.008013263891152967
5140,0.006743506914422216
5141,-0.002403329193360208
5142,-0.04016744836594375
5143,-0.0066556529737056315
5144,0.01531662532512516
5145,-0.02347681630259396
5146,0.0017386481432989393
5147,0.022430539918629918
5148,-0.010532629188621365
5149,0.00018535997226737635
5150,-0.01816828810879728
5151,0.02302028247014092
5152,-0.0010157905484240587
5153,0.0008103414921185206
5154,0.019185183316674626
5155,0.00944995906536762
5156,-0.012148779211595505
5157,-0.008940096316905006
5158,0.007109714233488718
5159,-0.00861470640455628
5160,-0.02959538906240944
5161,-0.0005929537054395999
5162,-0.020644120759567924
5163,0.022866426591337495
5164,0.0026393024635548855
5165,-0.012563950876071593
5166,-0.009661706529812792
5167,-0.026393803383292204
5168,-0.015293982061620942
5169,0.014436078769930636
5170,0.03151521757983868
5171,0.010362159280505708
5172,-0.0011381783106491764
5173,-0.0059145368801759735
5174,-0.013285087077598338
5175,0.029098066420115958
5176,-0.0024970498380655188
5177,0.02988304125856242
5178,0.0197362716917961
5179,-0.024305726741905512
5180,-0.009202501596915299
5181,-0.009245959226125153
5182,-0.0009668031496832246
5183,-0.0006923467075373634
5184,0.04225696673870458
5185,-0.014981559716971876
5186,0.003372544652832083
5187,0.008818051679487588
5188,0.00013307296027261688
5189,0.0017033700028034632
5190,-0.014526022783017104
5191,0.001651458191348008
5192,0.007341110832799622
5193,0.004758458183338379
5194,0.008167368803364368
5195,0.020004493180476018
5196,0.013320994653061602
5197,0.001156961915569322
5198,-0.01630985948521182
5199,-0.008275842301354768
5200,-0.0029309961416566868
5201,0.003701012229231292
5202,-0.006566154848895757
5203,-0.012993340154901873
5204,-0.01654087171259537
5205,-0.02304644545086406
5206,-0.003146259596779817
5207,-0.020495915979376986
5208,-0.013903775023451727
5209,-0.005379769961107756
5210,-0.01861654735128774
5211,0.005491269078912863
5212,0.010556443750491477
5213,-0.007565139402661437
5214,-0.005985749181512738
5215,0.007706883565280382
5216,-0.009877576038352813
5217,-0.010843462953240256
5218,0.016967820737638487
5219,0.012579370639489355
5220,0.0086078722401721
5221,0.0131619041161749
5222,-0.02762866961654665
5223,0.019178650487950876
5224,0.005664242653898134
5225,0.014358207627443869
5226,0.0055953853149672385
5227,0.0008426317004244152
5228,-0.0037133592145210466
5229,0.0053141097785264655
5230,-0.004225379395728797
5231,0.012350166826821765
5232,-0.02213701344806686
5233,-0.007454818460541683
5234,0.02888809900830905
5235,-0.008642239131993436
5236,-0.0031987143054857145
5237,-0.01224646841232107
5238,0.004874314461612401
5239,-0.010190501155931233
5240,-0.0024529593460962075
5241,0.012083052979651334
5242,-0.009663547341263146
5243,0.011236370953655562
5244,0.011708758733466449
5245,0.014978930801720346
5246,0.002129980934556663
5247,0.04569987736041415
5248,0.014972995452441714
5249,0.004720196375550734
5250,-0.01215293399629129
5251,-0.0012086691393040135
5252,0.020197267472125073
5253,0.024176773883143557
5254,0.020927977932286162
5255,0.011188331336981779
5256,-0.017488810621670466
5257,0.007000540899525705
5258,-0.017288466029435186
5259,-0.020746114391438343
5260,0.003515712371758383
5261,0.007506925466183728
5262,0.012849010895534795
5263,0.007140697000907505
5264,0.007624769334271656
5265,-0.013680733370429883
5266,-0.0013199231160251682
5267,-0.021022165421253763
5268,-0.027995280243935432
5269,0.010562340430748943
5270,-0.010427403321277489
5271,0.012415118742618263
5272,0.015729163918622103
5273,-0.008547206544143834
5274,0.008449948160868241
5275,-0.00913511503828623
5276,-0.025782297990482147
5277,0.0018878503724078426
5278,-0.006461345995538186
5279,-0.006028770855225081
5280,0.02791179545050768
5281,-0.021285494245403394
5282,0.005535095118110303
5283,-0.013823421977007696
5284,0.012917643034751741
5285,0.00434858361824686
5286,0.005485538304177133
5287,-0.01312200202984253
5288,-0.010602535093734945
5289,0.013184469303573334
5290,0.02503761550657404
5291,0.006904231564588973
5292,-0.012454990433291437
5293,0.004917773793332186
5294,0.034264907851269635
5295,0.0015943613478849568
5296,0.020696292582107777
5297,-0.010247613341056132
5298,-0.0004362122156614642
5299,0.008861013784189827
5300,0.005738240811726694
5301,-0.010613787109109759
5302,-0.011219813293361634
5303,0.01404209016629412
5304,0.016898298365963696
5305,0.021403123488863047
5306,0.02550318217524767
5307,0.002046773855468766
5308,-0.004217669806420548
5309,0.019138679335046944
5310,0.010174891017451336
5311,-0.013649857528818019
5312,-0.014369021595505654
5313,0.007067544081063178
5314,-0.002335821781296446
5315,-0.0002162197809653499
5316,0.015225918697003106
5317,0.010820810763342128
5318,0.01884194304448768
5319,-0.026985914900035105
5320,0.0037157956670024325
5321,0.009916612849471549
5322,-0.021295736054522108
5323,-0.009047137054440305
5324,-0.011654957563924087
5325,0.0004600550046840122
5326,0.023029034155554295
5327,0.028575679031261902
5328,-0.011286840536943253
5329,0.007554107807437814
5330,0.008007138246635402
5331,0.0056019051275412995
5332,0.005761444508946709
5333,0.004423215144049183
5334,0.023868138677032948
5335,0.01564652585824069
5336,-0.014741643870255396
5337,0.011336276937680398
5338,0.01269439151352213
5339,0.0045809407720678735
5340,0.01605342863337619
5341,0.0027978938333846587
5342,0.002972044347854901
5343,0.0018587796851304908
5344,-0.028204296443574542
5345,-0.0009745600242456096
5346,-0.009234794570694756
5347,-0.016516271509746765
5348,0.020305342271922225
5349,0.007240059422246397
5350,-0.000264010877257031
5351,-0.007781200697367549
5352,0.004316803907542119
5353,0.014086376300213276
5354,-0.01146499017459992
5355,8.731594388520158e-05
5356,0.01235284222496139
5357,-0.027048655391720793
5358,-0.0006537823580092956
5359,-0.005877047271939365
5360,-0.0017253549318059101
5361,-0.006893496884802251
5362,0.002089001137531641
5363,0.027185106911062674
5364,-0.004396450909838622
5365,0.004254154008676799
5366,0.028184441906426036
5367,-0.007573409563456463
5368,0.025654164196904618
5369,0.0002299585562445071
5370,0.02519356669689503
5371,0.010696650982376786
5372,0.00447051069734189
5373,-0.0007670507744204733
5374,-0.008613587687788997
5375,0.0012201508450082387
5376,0.012764481834425348
5377,-2.9073873238294403e-05
5378,-0.004293879244808786
5379,-0.0033687213597148563
5380,0.014100997223173317
5381,0.017370580002534834
5382,-0.009219337012512594
5383,-0.009239533919670955
5384,0.005485743042102614
5385,0.02161935586552755
5386,0.01625810264272645
5387,-0.01743530240040727
5388,-0.0035555147431298013
5389,-0.012921260696716102
5390,-0.0036038036257053613
5391,0.022699609992015892
5392,-0.019834582664137308
5393,-0.022592405209269147
5394,-0.011487308391033213
5395,0.004192321474679193
5396,0.008877729712514458
5397,0.006301990792936107
5398,0.016675364765793798
5399,-0.024618924037736235
5400,0.016853132828741027
5401,-0.004230261060898668
5402,0.010433791226474844
5403,-0.018441017032867255
5404,0.00022481133818233706
5405,0.003475132702783703
5406,0.016395256020884038
5407,-0.02212012317612512
5408,0.0005872830461717159
5409,-0.015094076335898087
5410,0.0072581652057018865
5411,0.011076259398954503
5412,0.01824189960443681
5413,-0.007362831285773158
5414,0.01318413176204781
5415,0.019277939314794497
5416,-0.022935005566657406
5417,0.008759557571132046
5418,0.013623731257833178
5419,-0.0034803447994593674
5420,-0.01685808389493222
5421,0.01340515239822145
5422,-0.01669979669295131
5423,-0.002350952111760143
5424,-0.00040864316041935075
5425,0.010209581061474134
5426,-0.008649982884375039
5427,-0.009464300150603263
5428,0.0015450778961163011
5429,0.014296508585031727
5430,0.03229738104644052
5431,-0.021027286004970985
5432,0.00458620631847141
5433,-0.015112339629060289
5434,0.014471039598762536
5435,-0.013032843954788376
5436,-0.009324691384016998
5437,-0.008125007118806753
5438,-0.0009155511680194349
5439,0.0046965893837743215
5440,0.006951916574211057
5441,7.411909440230149e-05
5442,-0.018531868676434846
5443,0.01038168583642067
5444,-0.0005889892716022475
5445,0.01647933702098554
5446,-0.009789665074064055
5447,-0.022359282035845567
5448,-0.00032295603151654567
5449,0.018365306583951593
5450,0.0024166486054728736
5451,-0.002650508187388049
5452,-0.012074562929299143
5453,0.024854506169427065
5454,-0.014312350700197872
5455,-0.01003775191521274
5456,0.008165026299915131
5457,-0.025924806218819207
5458,0.01806513704235003
5459,0.008926043068017784
5460,0.0127907527927996
5461,0.007997571386349572
5462,-0.002108873166872365
5463,-0.01478372562985977
5464,-0.001813115062750506
5465,-0.013548420132361908
5466,0.006986397905152247
5467,0.01149166951606496
5468,0.020906612982090626
5469,0.005379073800980246
5470,0.013146879287955352
5471,-0.004020182192853583
5472,-0.0065653732526053795
5473,0.006810986510182918
5474,-0.0052753809913490745
5475,0.003937639740689177
5476,-0.014756233478936485
5477,-0.012233073759618343
5478,0.009083647882217894
5479,0.012614532349668988
5480,-0.013694835281231799
5481,0.009578332847595575
5482,-0.007330600102593108
5483,0.00038708537565445867
5484,0.020065427941756083
5485,0.011501609631649382
5486,0.011338397416987877
5487,0.0269766259972792
5488,-0.009735433980422842
5489,-0.013697909845133452
5490,-0.009991775419337701
5491,-0.0034209723200958274
5492,-0.03292992458065982
5493,-0.0027595262633302235
5494,-0.0074969010287211455
5495,0.011168201938351654
5496,0.0051072007286364724
5497,-0.00828555688370088
5498,0.008445026616686526
5499,0.010318129402458368
5500,-0.010644097844513766
5501,-0.006772593115737302
5502,-0.031114640935580907
5503,-0.015170301545702626
5504,-0.01027768639314473
5505,0.00119731182933455
5506,-0.013128930311982251
5507,-0.007059634416938723
5508,-0.017062633776366194
5509,0.0025595776307457403
5510,0.0061371121448293145
5511,0.005809019035390886
5512,0.0003288551283565042
5513,-0.02149930282985796
5514,-0.008556148097466892
5515,-0.005568128176605928
5516,-0.005511762357829016
5517,0.001208764424422463
5518,0.02018622851048618
5519,0.011566372927635259
5520,-0.013720993800377387
5521,0.009687774258338193
5522,0.009152403054856
5523,-0.011171335666768896
5524,0.012083044360435493
5525,-0.0020983783236714956
5526,-0.019656870475203893
5527,0.0065514660906466045
5528,0.0032038120610785752
5529,-0.0030440616225871466
5530,-0.00037111185120477705
5531,-0.009949103792748385
5532,0.008728441588853159
5533,-0.0004553867206785587
5534,0.00249402638112385
5535,0.005173559813635364
5536,-0.01606855589922083
5537,-0.012410900899187427
5538,-0.030897983909169355
5539,0.008090666372071304
5540,-0.01687826819142182
5541,0.00201797202126138
5542,0.005368121803202337
5543,0.008619153338402805
5544,-0.016763142294526946
5545,-0.0007604597015512423
5546,0.023625191585710324
5547,0.02424394119841615
5548,0.014028582283360753
5549,0.004897463912212877
5550,-0.01396814102627145
5551,0.01025291005256939
5552,-0.0020652812006954372
5553,0.008031453374478307
5554,-0.00873726964485803
5555,-0.0022748162916827663
5556,0.0024616869644898593
5557,0.003615751076910418
5558,0.007092731669297179
5559,-0.007983425459832808
5560,-0.018720067128551125
5561,0.022985910947908198
5562,0.03513304249050139
5563,0.006442116736605317
5564,-0.018448979596367886
5565,-0.010709428097932941
5566,0.007309053244576765
5567,0.01899991567856191
5568,-0.01688783182831612
5569,-0.0015919068390086398
5570,0.0029083113400606045
5571,0.012303829748777943
5572,-0.004672966037325492
5573,-0.021818858900953943
5574,0.008883950879250157
5575,0.015960289261747175
5576,-0.0010053760275338408
5577,0.0058494136299673
5578,-0.006512175367343969
5579,-0.011729256997080313
5580,0.014578034248868053
5581,0.005600079498117743
5582,0.007045601152485935
5583,0.021262208778463874
5584,-0.014667008171094379
5585,-0.007601662872348108
5586,0.0023743704723012196
5587,-0.007774313845049084
5588,0.011159444560727472
5589,-0.0024780875383282087
5590,-0.013791462714169337
5591,0.0010793560695184798
5592,0.0025486858844538307
5593,0.013288894180987821
5594,0.0056794012776753815
5595,0.006634983823198944
5596,0.00465575680286532
5597,-0.002489656185228985
5598,-0.009908826937650229
5599,0.004213788717932572
5600,-0.0045257573790993
5601,0.023899789789188698
5602,0.019014904229795782
5603,0.009047533027645252
5604,0.005473209334914118
5605,-0.0010807989782441827
5606,-0.017565581619328734
5607,-0.0028823928321458393
5608,0.0015799897409076859
5609,0.0033793812770277127
5610,0.006752875989036948
5611,0.013101279776659855
5612,-0.009570675767026172
5613,-0.009443109265719224
5614,0.020541947828077462
5615,0.010988648723207983
5616,-0.0053357755304036854
5617,-0.0013513210843430778
5618,-0.0012881281388246039
5619,0.000598827431082878
5620,0.006797092357119801
5621,0.035775740411805125
5622,0.002821535944418747
5623,0.00946569337014983
5624,-0.02354245038581632
5625,-0.006658434630248813
5626,0.017421918011033502
5627,0.005808317061199088
5628,-0.06151870276806197
5629,0.009626233062690358
5630,0.027108345739058015
5631,-0.02789043399242187
5632,0.021504914571395157
5633,-0.03879511220753118
5634,0.013335501517809918
5635,3.363545595403557e-05
5636,-0.03286557692411632
5637,0.006424090227939485
5638,0.01632624480512516
5639,0.005268338636716574
5640,0.008372897081466659
5641,-0.0056295255833024894
5642,-0.026000249910998034
5643,0.009876924244503782
5644,0.02474191745807804
5645,0.016027524371509345
5646,-0.027777575360851563
5647,-0.02113145306287653
5648,-0.011731996305681305
5649,-0.022228612789393653
5650,0.0007760989424037088
5651,0.005683264077450267
5652,-0.01994211404298406
5653,0.011075021778011682
5654,0.008601604429149581
5655,-0.007547323513118792
5656,-0.002269039321943064
5657,-0.02724256744169337
5658,-0.004513636376872163
5659,0.00025893239655219014
5660,0.0025263274006058394
5661,0.005478970087355425
5662,0.0035871372266440167
5663,-0.0035592767264128683
5664,0.004176644721648288
5665,0.014235265123061587
5666,-0.0011867339305070637
5667,0.004617862677623668
5668,-0.002460830010913791
5669,-0.008932803455343516
5670,0.007502432056446593
5671,-0.007646623281097541
5672,0.005581124703849156
5673,0.0005521938373333934
5674,-0.004115591367042931
5675,-0.004455753486073145
5676,-0.006984725677131333
5677,-0.02297089606809004
5678,0.005535431790310319
5679,0.0034087539471337677
5680,0.012094346441346942
5681,-0.007312631391243739
5682,0.026788240613022363
5683,-0.005180716751992914
5684,-0.0121414851880509
5685,-0.013807651678865532
5686,-0.02420913598933044
5687,0.021690960144414972
5688,0.01942078461216734
5689,0.00859656299794269
5690,-0.012436274990696177
5691,0.025606281187089183
5692,-0.004787037466682055
5693,-0.003625067967774779
5694,0.020350880476008953
5695,0.009413877351405742
5696,0.031084073764044845
5697,0.003650095438358743
5698,-0.005423736232834195
5699,-0.008441645098461728
5700,-0.025797997823776543
5701,-0.003759540484265459
5702,0.01623847305558935
5703,0.008569710622418273
5704,0.0004405210381460561
5705,-0.013825209427965392
5706,0.0033430797087519682
5707,0.014386764891081916
5708,0.006207435403574095
5709,0.0024980497009210977
5710,-0.011043328576478302
5711,0.012340411032755379
5712,-0.04385295636809122
5713,0.005534737836275006
5714,0.03627217093604333
5715,-0.021039822623344882
5716,-0.0032364529989733644
5717,4.400038380895124e-05
5718,-0.006344843668506002
5719,0.014717826969446778
5720,0.006793831303044247
5721,0.002295218422061509
5722,0.011358077641161922
5723,0.00039053549317379956
5724,0.044837188210302775
5725,0.0022818211274311974
5726,0.0028991783106918577
5727,-0.023879565956679904
5728,-0.00748115760712837
5729,0.016277597391214937
5730,-0.018610077187995705
5731,-0.030161861328925482
5732,0.0006092445326069077
5733,0.019416247601290782
5734,0.0007506840316161722
5735,-0.004567909736300141
5736,-0.025959474876407266
5737,0.006510033661929483
5738,0.00944710258522986
5739,-0.024880941961399273
5740,0.016097101950792864
5741,0.010914371338282393
5742,0.016065956602901985
5743,0.00835459430156319
5744,0.009340417592916997
5745,0.007472098016045784
5746,0.012358544662384221
5747,-0.025401204409432762
5748,-0.020937050234114605
5749,-0.010186890048660838
5750,-0.001669012625704385
5751,0.005609087602731988
5752,0.0047174426766652105
5753,0.015852230679185546
5754,0.01629330163974167
5755,-0.012103201262608615
5756,0.0035075262964300697
5757,-0.011758185668576995
5758,-0.002490000687956382
5759,0.0046768297028163385
5760,-0.04774252750288643
5761,0.034036879225262634
5762,0.008114082141342027
5763,-0.008215392541374964
5764,0.02723769532755783
5765,-0.004726784544505389
5766,0.002017264890088924
5767,-0.006689570303210499
5768,0.02336820863498604
5769,-0.0013200358322399972
5770,0.002255645436796149
5771,0.01707016766178418
5772,0.008377278641555543
5773,-0.000608512516407247
5774,0.01575787677912164
5775,0.03582478711423266
5776,0.004615270981110385
5777,0.0017958223204990137
5778,0.002552737126468564
5779,0.01856872824518226
5780,-0.008264495116861474
5781,-0.0037556311589437806
5782,-0.021448295036194266
5783,-0.01648001688600549
5784,-0.0071207307779961974
5785,-0.0006308394313079357
5786,0.025013525585361622
5787,0.007686691976145787
5788,-0.01266095510014886
5789,-0.010074092424605632
5790,0.019472512478757458
5791,0.015985784162363025
5792,0.0005507119427594621
5793,-0.006063020876342052
5794,0.015962212504946453
5795,-0.013802624130833224
5796,0.005663796959428151
5797,0.03208954442723999
5798,0.0030407277806924872
5799,-0.010743353633158832
5800,0.005921478571078555
5801,-0.006449189146346758
5802,-0.019434326990449453
5803,0.010005805128554989
5804,0.015862468485561044
5805,-0.00421355871398058
5806,-0.005145584029317964
5807,-0.013356322502017254
5808,-0.0019516655873623933
5809,-0.007746985619259222
5810,-0.014051414699344329
5811,0.026743067757951027
5812,0.006710109389055581
5813,0.008198200773119828
5814,0.012568295632091882
5815,0.010989416325214435
5816,-0.0056496732647678335
5817,0.003984948980370659
5818,-0.003625133350116684
5819,0.006316255785200506
5820,0.004956448767734112
5821,-0.005221807883721005
5822,-0.018523545949891033
5823,0.002210019437534216
5824,-0.0027151409440883244
5825,-0.026407498865090452
5826,0.007288596995215349
5827,0.01371971540983986
5828,0.035682490516871876
5829,-0.0053417693764289745
5830,-0.007414575308536646
5831,-0.015433923470745544
5832,0.0030869043261848054
5833,0.002998046172542556
5834,-0.011244809282413707
5835,-0.002302873994239264
5836,-0.027648158295253574
5837,0.013172191627738472
5838,-0.01067407640408359
5839,-0.0003318134084683562
5840,-0.019892092463430114
5841,-0.00802780889682966
5842,-0.003773527126504096
5843,-3.491844889728571e-06
5844,0.006896147683729036
5845,0.020376398134406098
5846,0.010450886805901354
5847,0.013675065637510374
5848,0.020475166853972885
5849,0.00816044107440835
5850,-0.000360630949204714
5851,0.014334748876677954
5852,0.015232606128457466
5853,0.009268517624311837
5854,-0.020284610941876363
5855,-0.011668657695814424
5856,-0.003706964236859643
5857,0.011110046131012954
5858,-0.00014478822325404833
5859,0.016129928968612976
5860,0.018636275845358118
5861,0.017005366346706817
5862,0.017094876068976934
5863,-0.01441621006205515
5864,0.0069369391087960525
5865,-0.008381562881981925
5866,-0.023016776618159727
5867,-0.003884253042135918
5868,0.01876977030794626
5869,0.00662930163980243
5870,0.028508512155789336
5871,0.0026455203800659923
5872,0.03455058583716683
5873,0.0026496105088562546
5874,0.00047104507486387954
5875,-0.01782225224947331
5876,0.015760290384922767
5877,-0.006900474499279995
5878,-0.00893686046013601
5879,0.018158437909146806
5880,0.016429986272647263
5881,0.016062238909222544
5882,-0.004934184916587744
5883,-0.0005611278805323719
5884,-0.0006858850259530906
5885,0.011150755719895858
5886,0.021985154309145584
5887,0.005328191937596493
5888,0.027905443693214904
5889,0.012762134649577117
5890,-0.003144133461463247
5891,0.011799842155829765
5892,0.02412626787677005
5893,0.028234220436138834
5894,0.016832825615777498
5895,0.0005159279400407762
5896,-0.002889714121767252
5897,0.00824983172715105
5898,0.0236770990595171
5899,0.006250290745815004
5900,0.006542039569157178
5901,0.0008773816010241633
5902,-0.004452215734036048
5903,-0.0021230791324014435
5904,0.0020581071183145352
5905,0.02429713076058428
5906,-0.003213188181806127
5907,0.0008944432969607561
5908,-0.012004735755400732
5909,0.010224939613597786
5910,0.019359123429347785
5911,0.022981875427741195
5912,0.003012748929930969
5913,0.00822573022289839
5914,-0.002002458031569514
5915,0.007574643153520218
5916,0.004566859226483297
5917,0.0009738670346685181
5918,0.0020908150110002166
5919,0.006505370805158668
5920,-0.003978135705065714
5921,-0.003252293836946541
5922,0.024146245457263994
5923,0.038242546611461745
5924,-0.01676806082472964
5925,-0.017542361053296842
5926,-0.013294319146193974
5927,-0.0012962003099933638
5928,0.012742267064155714
5929,0.008463182578390823
5930,0.002572466250238953
5931,0.0075875265600874615
5932,-0.009569721455074034
5933,-0.0032751413723036437
5934,-0.00012719749908438367
5935,-0.022105533679873873
5936,-0.01616304681873078
5937,-0.015604579983757963
5938,0.010892067281291901
5939,0.003602779487617532
5940,0.008741519314500068
5941,-0.025694842759149485
5942,-0.020691250009890843
5943,0.009474367249328876
5944,-0.0388894544720901
5945,0.017363103207691785
5946,-0.02546527068861982
5947,0.012005465319112577
5948,-0.012330829584748966
5949,0.014893885485427461
5950,0.045234796853815644
5951,-0.03178650799187104
5952,0.009926289104882179
5953,-0.025252327452592625
5954,0.006151927082703528
5955,-0.0027503074184641926
5956,0.0019788049062332506
5957,-0.012655443606272125
5958,0.011122974804610835
5959,-0.020196511106328845
5960,0.017602090646305812
5961,-0.005595439251827189
5962,-0.01955481669770373
5963,0.022566497228389094
5964,-0.0007911066201330835
5965,0.02696040505589881
5966,0.017317109275433142
5967,-0.01106002254208934
5968,-0.0010390764115759117
5969,0.0018559327705711573
5970,0.021602088410257875
5971,0.006302964263349364
5972,0.002632346711910871
5973,-0.0026534560329971642
5974,-0.0005552426773954357
5975,0.01848670351191451
5976,0.00020722798381433218
5977,-0.005395162007697353
5978,-0.007777038832042905
5979,-0.007626096912085658
5980,-0.019546460502593427
5981,-0.010388774408302052
5982,0.021210290093473142
5983,-0.002747877863463529
5984,0.010053238127831297
5985,-0.034675210095984225
5986,0.008140817064730124
5987,-0.002112093598329253
5988,-0.006609816688958624
5989,0.002697930023540286
5990,-0.006811951486359
5991,-0.029688573433234076
5992,0.013114175492819107
5993,0.0035699355732172534
5994,-0.004256216167264918
5995,-0.01342124039722099
5996,-0.020498614917387248
5997,0.003301201719286275
5998,0.022826509040549475
5999,0.003009966049113022
6000,-0.01927478234763628
6001,0.0033184010975979275
6002,-0.000594389262522188
6003,0.012296314625357949
6004,0.008680703885902207
6005,-0.04180027378208157
6006,0.007816660379493712
6007,-0.013945279444047208
6008,-0.01982233101427949
6009,-0.0024931815658059526
6010,0.005929943314389741
6011,-0.022899703019539808
6012,0.01005555309970383
6013,0.010881256353508197
6014,0.0008152504505103941
6015,-0.012036295113545138
6016,-0.013606617332403098
6017,0.014571099120680385
6018,-0.021079859694171345
6019,0.015112622396557123
6020,-0.0021661422512936385
6021,-0.0011914612420862185
6022,-0.023846118430731957
6023,-0.0019064340633877447
6024,0.0087769898671364
6025,-0.01862347165266527
6026,0.007161769083402295
6027,0.001405922229662035
6028,-0.008890602396810025
6029,0.012164644016073985
6030,-0.030789959936666125
6031,0.005026564076185849
6032,0.022910736813755203
6033,0.020388595661627915
6034,0.005632550842682499
6035,-0.00408392057211188
6036,-0.008778849611489996
6037,-0.004101415002131201
6038,0.007796497015754822
6039,-0.01118786496229757
6040,0.01079814101859794
6041,0.030129374603820435
6042,-0.0007143933373886678
6043,-0.018735669284028696
6044,-0.018740586526197752
6045,0.011067112054002699
6046,-0.0006843643849375983
6047,0.012475995594179251
6048,-0.007343226490294468
6049,0.011826710707248445
6050,-0.0020691867546981913
6051,-0.010137655595912783
6052,-0.005479488277441585
6053,-0.01666530755403217
6054,0.028108748174028083
6055,-0.0011991518511597766
6056,0.009211584265016169
6057,-0.00738868162182451
6058,-0.014626054754056574
6059,-0.0031312217279103383
6060,0.015628624450159036
6061,-0.007161926954699347
6062,-0.012077161834816007
6063,0.0023396757264450285
6064,0.007167203288192182
6065,0.023239725914892713
6066,0.005125904738423836
6067,0.009204257643997571
6068,0.010262094307919063
6069,-0.01604649169818603
6070,-0.013381147085923485
6071,-0.01507526128831391
6072,-0.018563551174364996
6073,0.0113326065882624
6074,0.004230815543683471
6075,0.0012722049979445383
6076,-0.036276524745180505
6077,0.029037798748228323
6078,-0.012410746083020098
6079,0.02898631242473111
6080,-0.020208927656001185
6081,-0.011260333769304989
6082,-0.03079828707556948
6083,0.0052435794131591995
6084,-0.015319203667629755
6085,-0.014922153690998972
6086,-0.019130790645715746
6087,0.01107820590798493
6088,0.010152329422581229
6089,0.025617047618776572
6090,-0.009480079089648432
6091,0.0032299134824553453
6092,-0.017961996456634367
6093,-0.004552655655741301
6094,-0.007135419012346399
6095,0.006681404049273754
6096,0.014445895237529267
6097,0.014081185622560837
6098,-0.011687657065826102
6099,0.014185184151220095
6100,-0.00046430246592954146
6101,-0.004405927584123627
6102,-0.009800522810187095
6103,-0.007712803978467499
6104,0.024637372893778025
6105,0.004474759941148834
6106,0.002608729237015531
6107,-0.003529812891322268
6108,0.03452495381172924
6109,0.018492582725121238
6110,-0.009976878591877354
6111,-0.0036895536728013996
6112,-0.0028553059401463213
6113,0.002204889516019056
6114,-0.009698150321376674
6115,0.006321214557456469
6116,0.02055925164208988
6117,-0.018303349528529286
6118,-0.015697048681671814
6119,-0.006633964733697655
6120,-0.005982492769804427
6121,0.028236706034626965
6122,0.014230729657831329
6123,0.01342435519092139
6124,-0.003559585807796596
6125,-0.003867985207161576
6126,-0.020243549736351535
6127,0.011139824279377826
6128,0.007055240592040044
6129,0.018225418852490852
6130,-0.0028073222840651214
6131,-0.0018370547590903584
6132,0.0025445653762507583
6133,0.012687705799829132
6134,-0.02050364686176137
6135,0.010497891925421304
6136,-0.0001328323646670354
6137,-0.01472033287235698
6138,-0.02913678075042698
6139,-0.001762505181286708
6140,0.02049777401867987
6141,0.023687078069729844
6142,0.005148748797750777
6143,0.027724383543288555
6144,-0.00044822673135846427
6145,0.01355055496874942
6146,-0.006185331520049822
6147,-0.00707574946892799
6148,-0.009364891446283732
6149,-0.028798464303902312
6150,0.01824080382854763
6151,-0.008860768500571763
6152,-0.011106295351004703
6153,-0.016425269501908236
6154,-0.0027164048631876294
6155,0.024934963153310473
6156,0.029576001122346957
6157,-0.023182592563221024
6158,-0.0048253818215717595
6159,-0.014379168284336916
6160,0.01404283964941936
6161,0.004182245736239119
6162,-0.008789623930488813
6163,0.00117492636037762
6164,-0.0065533097633189786
6165,0.022837822423635558
6166,0.007840791255778433
6167,0.009567219622656093
6168,-0.03731916331178276
6169,-0.0007833224268245102
6170,0.029427505858540953
6171,0.01878933153322628
6172,-0.025799310361249977
6173,-0.004248956826287981
6174,-0.016728049279229298
6175,0.024198791886093845
6176,0.0035876506568813583
6177,-0.01063355594900969
6178,0.0006351341257503604
6179,-0.0364823660991143
6180,-0.015090226384123637
6181,0.0006672529107532416
6182,0.012038212127521365
6183,-0.02712331115977706
6184,-0.005200660958509197
6185,0.014342812109657046
6186,-0.02024000748955117
6187,0.0033755362155451782
6188,0.001082206116236871
6189,0.024244863547416017
6190,-0.0030786082575178417
6191,-0.002256092397512646
6192,0.012168672127284856
6193,-0.018482093105149307
6194,-0.0029485894504499904
6195,-0.006248480900938772
6196,-0.0017967642779494481
6197,0.01207658804296456
6198,0.007941990101187582
6199,-0.010364985136305325
6200,0.0020759978063675426
6201,0.021098177528531117
6202,-0.011526814962430958
6203,0.0021949803923832973
6204,-0.0025590449282128515
6205,-0.0007301560955713928
6206,-0.022758105714187998
6207,0.019978567419051938
6208,-0.0107256827072548
6209,0.014573064069441933
6210,-0.008576142668981488
6211,-0.008634148085194688
6212,0.01720142456331304
6213,0.014120781664152697
6214,0.003087241457684403
6215,0.010850507377717374
6216,-0.0038994518763480522
6217,3.758391763713888e-05
6218,-0.009141686440450214
6219,0.0128586762659964
6220,-0.009588370315006546
6221,0.02102391130248084
6222,-0.004282797675875823
6223,0.0004433391813474005
6224,0.010816467087227454
6225,0.0004904941775737236
6226,-0.004030911634333391
6227,-0.00026671392994196124
6228,0.012714695709424935
6229,-0.009158939350989161
6230,-0.0016186636105336276
6231,0.0002997065280091731
6232,0.012303924515831292
6233,-0.0012478202434825396
6234,0.02556456793630418
6235,-0.002044447654987869
6236,-0.00318466156550045
6237,-0.002248104417702078
6238,-0.018345691341535693
6239,-0.014412457484511426
6240,-0.0073015304898270475
6241,0.01611533243443867
6242,-0.00031031043257776164
6243,-0.006654840199208016
6244,0.017389876863312816
6245,0.021951605732287615
6246,0.0177952319889745
6247,-0.011832075036972528
6248,-0.006803848890004462
6249,0.025640965876110897
6250,0.0035435485974149327
6251,-0.003605413132174049
6252,0.010249064648232867
6253,0.01430927567953901
6254,-0.007874590390261843
6255,0.0032386337000207374
6256,0.013174767577403663
6257,-0.016148671256957466
6258,0.0003286348776230635
6259,-0.015503740321820685
6260,-0.013665668870936568
6261,-0.007757267062210534
6262,0.006859431296667235
6263,-0.0043697551379761135
6264,-0.008956117907058983
6265,0.0008795836055473309
6266,-0.01596144253010337
6267,0.006180512090098826
6268,0.016052900175018574
6269,-0.0009577775140173219
6270,-0.002692370483838765
6271,0.005402578007275564
6272,-0.028347978226093428
6273,0.0076982796106915925
6274,0.04374146678630103
6275,-0.0015686290443406902
6276,-0.001518729355609905
6277,0.010603993304708672
6278,0.023274636982670363
6279,0.013854971870924552
6280,-0.03013445665033108
6281,0.008071789226594527
6282,0.03629476813772535
6283,0.008901423803817952
6284,-0.01606878492326888
6285,0.004115305233824809
6286,-0.01784047940664865
6287,0.017477965241177545
6288,-0.01327647030789403
6289,0.0011984002355343744
6290,-0.01189797687521707
6291,-0.007523280364764476
6292,0.0210378827720144
6293,0.0016088956277099512
6294,-0.0077024996865891066
6295,-0.015937066499339674
6296,-0.026145145721428016
6297,-0.017427270834094094
6298,0.0017283629849202892
6299,0.013928966271500713
6300,-0.0077186451807205216
6301,0.022223734631147754
6302,-0.009926831289190209
6303,-0.003189271661032816
6304,-0.015014564643005391
6305,0.014076900514250519
6306,0.02962843818136326
6307,-0.02460109777300602
6308,-0.004708951695868329
6309,0.01792727983404039
6310,-0.020176665869210183
6311,0.008117949543568937
6312,0.0173187402514541
6313,0.0012543981884727787
6314,0.007887211338365962
6315,0.024898570699603745
6316,0.02753357599828843
6317,-0.0007155733571831323
6318,-0.00732557212432954
6319,-0.012771984843259695
6320,0.013883023065233811
6321,-0.019120411336156384
6322,-0.0033938947658523873
6323,0.0015981125530913321
6324,-0.006912803101666128
6325,0.004087070618938447
6326,0.03619055021999765
6327,-0.0015534866612822288
6328,-0.005962962060683823
6329,0.014422148369759873
6330,0.0035216837125527675
6331,0.02038006120111644
6332,0.0024692784515052595
6333,-0.003335569168595887
6334,-0.024908938115769816
6335,-0.02260462163466151
6336,-0.02563925061905407
6337,0.005485465476447483
6338,-0.018986555172039607
6339,0.01779797070656976
6340,0.0005801731910021653
6341,-0.003276042742012251
6342,-0.011702310064557969
6343,0.008898862227407133
6344,-0.011149279602769714
6345,-0.013690926633163146
6346,0.01685332087005103
6347,0.005138139176090855
6348,-0.003145960642649639
6349,0.009168289977576979
6350,0.0002806687255483948
6351,0.005537090650168369
6352,-0.011322817414220537
6353,0.029247472474607034
6354,-0.0079893971320055
6355,0.022019603911515615
6356,-0.0024987380958762973
6357,0.01149612786373719
6358,0.010472140566385905
6359,0.01627020730638575
6360,-0.011656904333659799
6361,0.015269507120210005
6362,0.02610050469764318
6363,-0.003479875377269314
6364,0.0006428361121633941
6365,-0.0072000748215219216
6366,-0.004712804399847384
6367,0.024203305786047315
6368,-0.013955890003381793
6369,-0.013083068053674863
6370,0.022790817767936192
6371,0.008931035747872892
6372,0.02994965149480728
6373,-0.006174199164056669
6374,0.001929607825572479
6375,-0.009128373317396962
6376,0.0021687656548491385
6377,-0.024773647107277832
6378,0.009779835539191586
6379,0.0047004744496434575
6380,-0.0006535701804484874
6381,-0.005330061923633416
6382,-0.012417518694454264
6383,0.010380656725073717
6384,-0.016300467904145476
6385,0.007348093271263079
6386,0.029304420399950567
6387,0.02102904213767751
6388,-0.020994219094097172
6389,-0.007386839849597509
6390,0.006077198385007593
6391,-0.0008324079095276742
6392,-0.019508657929036933
6393,0.005569448574802039
6394,1.4409153668928823e-05
6395,0.027054402033418724
6396,-0.0034030938188472984
6397,0.01656742050398746
6398,-0.017649394505542513
6399,-0.014289962407254933
6400,0.010295631464902148
6401,0.015383259750902935
6402,-0.013297690088774471
6403,0.0004934869511728038
6404,-0.019258167336864692
6405,-0.0023912574636467364
6406,0.011915224768711359
6407,-0.005956679214961302
6408,-0.0033441616631836243
6409,-0.015720214927682562
6410,-0.00895527887010624
6411,0.024859346219409703
6412,0.0011798698521497159
6413,-0.013928816045433242
6414,-0.004267871860459942
6415,-0.022291172678970197
6416,-0.014095353973862586
6417,0.01927004447325121
6418,-0.0018469369079735325
6419,0.02672285243455978
6420,-0.0011846228984511405
6421,-0.0003503944027782259
6422,0.009160718634185558
6423,-0.03739883706656854
6424,0.003034877296867232
6425,-0.0005331740459068915
6426,0.021036312478300723
6427,0.013710403193345386
6428,-0.01577496380438399
6429,0.01760913547160111
6430,-0.0035307637182025614
6431,-0.012553808039153298
6432,0.0029247683251780784
6433,-0.002694061761658054
6434,0.02177298496876772
6435,0.004941429663160025
6436,0.0030449887536509886
6437,0.01281064994336492
6438,0.015511702689584196
6439,0.01116602854148348
6440,0.020100824598509537
6441,0.008708093666813231
6442,0.002510925067612272
6443,0.01756745075285239
6444,-0.001122069633794218
6445,0.0006223271605622787
6446,0.024345986892076833
6447,0.0229457106995111
6448,4.027929721503158e-05
6449,-0.006217940790068411
6450,0.02071501825169186
6451,0.011402280962705472
6452,0.004589567960956582
6453,-0.0043676485513445325
6454,0.004816013255724766
6455,-0.00014987545804527898
6456,-0.00917981935680685
6457,0.0019684068450038215
6458,0.0038847814166666334
6459,-0.005119720644805557
6460,0.012855314282340184
6461,0.01826525538617514
6462,0.013783728391689658
6463,-0.003726556049190338
6464,0.010775626024599165
6465,0.0012506405664679324
6466,-0.017208984846924638
6467,0.009608052832088487
6468,0.0022085381791763082
6469,0.036598532542615594
6470,0.020632077051340583
6471,0.010147924336943193
6472,0.0036563939189310766
6473,0.0024557135798957365
6474,-0.01394823018713622
6475,-0.02428030461864756
6476,-0.012105646243448736
6477,-0.0005153360257509173
6478,-0.029430929239944035
6479,-0.0074934030410721926
6480,-0.003324184955900846
6481,-0.002871915014851675
6482,-0.009143080434686172
6483,-0.00464363651692669
6484,0.024378543081348646
6485,0.009459329859487168
6486,-0.007717932548977931
6487,-0.0008052303330185873
6488,-0.00024268420277858053
6489,-0.01063580242670181
6490,-0.010652309963346398
6491,0.014354591268735334
6492,-0.005743459280155569
6493,-0.015227019401677646
6494,-0.00045102665892755823
6495,0.0018133820548425625
6496,-0.027564390782723026
6497,-0.0004173874404320185
6498,0.012351625859485323
6499,0.006495634515786413
6500,0.031487240517253955
6501,0.017735190014853536
6502,0.02051493154453911
6503,0.03950071073085747
6504,0.010808432988508572
6505,0.002446551306847043
6506,0.013837722876132328
6507,-0.0077029768725936885
6508,0.001668321806765874
6509,-0.008946415565975694
6510,0.005747462131845008
6511,-0.009005171350342553
6512,-0.009497248381038895
6513,0.005965102880052437
6514,-0.0017798971913455326
6515,-0.026929498337473694
6516,-0.02029766938878421
6517,-0.015965710873949976
6518,-0.012251962185820486
6519,0.005978452364037371
6520,0.003231592305840669
6521,0.015123988848561958
6522,0.010733194821351514
6523,0.015217060479801845
6524,0.008704071811615628
6525,0.003101481441173347
6526,0.015602758481348702
6527,0.01307433724766817
6528,0.005439885075081418
6529,0.01801569252376592
6530,-0.032806799671794784
6531,-0.003926295872305718
6532,-0.004141668081568951
6533,0.016352143615752626
6534,0.022235698068214012
6535,-0.020222106458414293
6536,0.019984248739622828
6537,-0.01630545901938652
6538,-0.015880681487156042
6539,-0.003136915295424148
6540,-0.0043161322224799445
6541,-0.02174301689972192
6542,0.009286955162802828
6543,0.00970181947753701
6544,0.014966080679169495
6545,-0.005935557354954189
6546,-0.0004010364543441319
6547,-0.00027238678104060394
6548,0.02387411509175452
6549,-0.03967037136672897
6550,-0.013291389695559493
6551,0.00023301949209297547
6552,-0.01509878281521274
6553,-0.003474639460864961
6554,-0.0016163946939959737
6555,-0.009086347448927822
6556,0.0010610504250839594
6557,0.0089816332994222
6558,-0.003164747801366271
6559,-0.006212926587933065
6560,-0.0021740920216519505
6561,5.066986058107938e-05
6562,-0.024299026035102915
6563,0.006640710203781039
6564,-0.006182104448576501
6565,0.01788168575336726
6566,0.008460379766135393
6567,0.016596409117952553
6568,-0.014051008708062179
6569,-0.005063396048571038
6570,-0.017303306003965867
6571,-0.009753867758058475
6572,0.017749184546828212
6573,0.02105671089492465
6574,-0.01597789080481646
6575,-0.006284349696143735
6576,-0.0009155052658779703
6577,0.008383829254430009
6578,-0.024572900563343814
6579,-0.02236947438663236
6580,0.007035168501188988
6581,-0.02723185163471481
6582,-0.006123034213465914
6583,0.002432803278727726
6584,0.005995913389020425
6585,-0.001836196902712298
6586,-0.004984286913838595
6587,0.012022692067331387
6588,0.004162747510822076
6589,-0.008936424616771745
6590,0.0006852272445136288
6591,0.0055392808963069745
6592,0.024299059268592528
6593,0.011204228720997435
6594,0.01722156894309716
6595,-0.00842481854726973
6596,-0.007210420469066558
6597,-0.0031522917733420768
6598,-0.001862256220895412
6599,-0.014009151445092282
6600,0.01794349222493774
6601,0.012567622124789514
6602,-0.004140085815865809
6603,0.00917219159120536
6604,0.0032872408847869853
6605,0.010269861218252171
6606,-0.01873443724749411
6607,-0.0018916018519629185
6608,-0.000660369240066791
6609,0.008918300458511108
6610,-0.008675360569931359
6611,-0.0349727405214584
6612,-0.015044396047220552
6613,-0.0007026567881110361
6614,0.0010528344751397113
6615,0.023814433676933616
6616,0.008343653045325318
6617,0.0013007888885736712
6618,-0.00029998559810915705
6619,0.01567065051269637
6620,-0.008136804703480056
6621,-0.0018160426543169788
6622,-0.015150603320313642
6623,0.020092991925394578
6624,0.005670380658018368
6625,-0.00978663719713944
6626,-0.0014531082864338624
6627,0.00731654544912648
6628,-0.0033678273796260098
6629,-0.007354978821384947
6630,-0.009038397617831581
6631,0.004918102273321296
6632,-0.004876055692219461
6633,-0.006220837621968905
6634,-0.018618577036816013
6635,0.0012461325349582971
6636,-0.002391308224681883
6637,-0.004364495923743852
6638,0.0029481982543429573
6639,0.010665753559190486
6640,0.010013244652620455
6641,0.007921854451716972
6642,-0.0032266284912440602
6643,-0.0078120436374712904
6644,-0.01451347119368472
6645,-0.008179606501391325
6646,0.00043127636261112285
6647,-0.010893377011884585
6648,0.001504913792506795
6649,-0.0134110011144929
6650,-0.023184349192571677
6651,0.011669088470894894
6652,-0.006511098539969809
6653,-0.011606458509756891
6654,-0.015215086182446954
6655,0.006099473382924319
6656,0.019474747072050092
6657,-0.00550865061509011
6658,-0.002873837564518683
6659,0.01521325087553655
6660,-0.025284407012398192
6661,0.027792715938821464
6662,0.0344985606565681
6663,-0.03787307615086979
6664,-0.0012149094755929358
6665,-0.00994715839748373
6666,-0.0035652918247297866
6667,-0.005723796834652206
6668,0.01156163595038762
6669,-0.0014266196616857453
6670,-0.012644496575506934
6671,-0.0022643064128494536
6672,0.007388678714370289
6673,-0.016477957843827475
6674,-0.02297697360084453
6675,0.028156287973092886
6676,-0.00887192881198177
6677,-0.0017748603588487247
6678,-0.00543448013605277
6679,0.007856644061308656
6680,0.025065609024452547
6681,0.008304131669704297
6682,-0.021180222345557546
6683,-0.019293918042877684
6684,-0.005450911590544524
6685,-0.003613930263581517
6686,-0.024040923000962024
6687,0.011668172300107851
6688,-0.01510932601619017
6689,0.021138364232367132
6690,0.025737872771348397
6691,-0.003333184967019242
6692,0.006323408244145
6693,-0.017155606428739964
6694,0.008918781399064516
6695,-0.006845213889627668
6696,-0.015122179864527201
6697,-0.003910443111440288
6698,-0.006389319556443787
6699,-0.004413831681087893
6700,0.013499637084610123
6701,-0.010879627162081669
6702,0.024534925197769484
6703,-0.01846398016172387
6704,0.022854461971785835
6705,-0.014128388181978034
6706,0.0001409245722489127
6707,-0.006732853337211399
6708,-0.004674758693903421
6709,0.011415473660435247
6710,0.021230053902330844
6711,0.016883879961972065
6712,-0.005533697100911579
6713,0.0027442336055570385
6714,-0.010834244603213392
6715,-0.01377765713724194
6716,-0.015952142897353982
6717,-0.005993421319240114
6718,0.0036625081662199693
6719,-0.026708805024517536
6720,-0.0004961793280230134
6721,0.021457665515176038
6722,0.015919751998821577
6723,-0.008067581487983758
6724,-0.019473068035708963
6725,0.006616490789957719
6726,-0.03240829781052595
6727,0.015754548578427126
6728,-0.0028460728702950624
6729,0.02588777082402631
6730,-0.024111380510253886
6731,0.013056540024197065
6732,-0.0012571429264654887
6733,-0.004496611169710724
6734,-0.019093262439895353
6735,0.00852634380093387
6736,0.009655940604104508
6737,0.025238975351369597
6738,0.014319831141007112
6739,-0.008189988090593061
6740,-0.013950663634416483
6741,-0.019074264298455764
6742,0.020856248212891358
6743,-0.010779393120127231
6744,0.020954686677111364
6745,0.007533238309436723
6746,0.004790809030220502
6747,-0.0041568135017349865
6748,0.0094386407994564
6749,-6.222614351515459e-05
6750,-0.005032857115449328
6751,0.009935108402942427
6752,-0.0018678692895154083
6753,-0.011062679324261897
6754,0.008583658230760318
6755,-0.0007439356050361559
6756,0.007025105734683127
6757,-0.006222272616761703
6758,-0.016834866899777604
6759,0.02453564130328505
6760,0.021887450257655094
6761,0.012573710991836542
6762,-0.005294179333338253
6763,-0.004064771077488217
6764,0.019579005844373682
6765,-0.004816698547840521
6766,-0.008733230969249854
6767,0.026462961977489062
6768,-0.0005147832861436302
6769,0.025004279703747866
6770,-0.019494412360549742
6771,0.0074364630605534806
6772,0.02925708359886913
6773,0.0005732061485102544
6774,-0.0035545103702871593
6775,-0.016253562871908503
6776,0.015363760046645109
6777,-0.010666331512242949
6778,-0.001177045190909156
6779,-0.01719150895092076
6780,0.022031945010917608
6781,0.01638309121749884
6782,-0.00028865263532900254
6783,-0.01606241988449767
6784,0.02173703738217603
6785,-0.004986746047566717
6786,-0.015374679469753273
6787,-0.024605328013843887
6788,-0.008921649551224433
6789,-0.02028475884138356
6790,-0.008596436318200609
6791,0.010615258904773862
6792,-0.005119792266330846
6793,0.005153205548278173
6794,-0.010008811368749907
6795,0.0010708884812607527
6796,0.02714679678740685
6797,-0.00474160763098758
6798,0.005556991680699006
6799,-0.02184292268893934
6800,0.021515009862417164
6801,-0.006550330940541575
6802,0.01491678859551419
6803,-0.001575712074612005
6804,0.008748800335369709
6805,0.009583927004537581
6806,-0.006202326176208065
6807,0.01549814038141082
6808,-0.010509752013727646
6809,0.011086343965834057
6810,-0.005327827299486097
6811,0.005066993195446092
6812,-0.006336555899640665
6813,0.00085740198800554
6814,-0.014945950660373325
6815,0.003633721509103366
6816,0.0007760696505915712
6817,-0.00743483283189543
6818,-0.0006180661831804067
6819,0.002038132711857305
6820,-0.008505610141939292
6821,-0.0016540955568017976
6822,-0.01397440172335425
6823,0.03311634809705729
6824,0.015037421300507139
6825,0.00399255765126298
6826,0.01662516594265657
6827,-0.027656403882658807
6828,-0.0357842036991048
6829,-0.005455496420664064
6830,-0.019215801491869303
6831,-0.003169512392890593
6832,0.0030449567120255576
6833,0.013088412778457612
6834,-0.015839211690439066
6835,0.00577059279080372
6836,0.00035735955897066925
6837,0.005038206645503087
6838,-0.0071484397054985315
6839,0.019590355196844975
6840,-0.0012992949305905615
6841,0.025085173003882702
6842,-0.01095102394749406
6843,0.010593037870893628
6844,-0.0006832726019547014
6845,-0.0044501270277739
6846,0.009040172939583934
6847,-0.004048689162758187
6848,-0.03724957805465047
6849,-0.04288288376040491
6850,0.018034666183669078
6851,0.017442200794016944
6852,0.026675228500550492
6853,-9.11370039611295e-05
6854,-0.018008361016935162
6855,-0.00574064145438035
6856,0.00031569421377784
6857,-0.013995286309329568
6858,0.02332019287877406
6859,0.03162364965873853
6860,0.006875747434993903
6861,2.509575979231797e-06
6862,-0.018041131712251725
6863,0.02188495590219963
6864,0.001227391059301921
6865,-0.003908046059671391
6866,0.006916404021539135
6867,-0.008074993012847795
6868,0.0022189859588697095
6869,-0.020113733603802805
6870,0.015430422496163219
6871,-0.0013119749471844772
6872,0.016438110764404216
6873,-0.0026711130811669327
6874,-0.001758655012994608
6875,-0.016879777391802447
6876,0.010830925463233223
6877,-0.012151747201519937
6878,-0.006679826435463579
6879,0.00016987664833406798
6880,0.001858549787887313
6881,-0.0238181450932393
6882,-0.0030880181926702535
6883,0.011329379562216935
6884,-0.005161073902432736
6885,-0.00300266751192024
6886,0.0024372188700195474
6887,-0.0016147773068263885
6888,-0.014325178465990133
6889,-0.00035555732846959934
6890,0.014123431316225439
6891,-0.014615489748631368
6892,-0.005106889086055983
6893,-0.019258900130923302
6894,0.013383037989231841
6895,-0.0011426139385099152
6896,-0.011791460946742884
6897,0.00145163679149235
6898,-0.016757287028358752
6899,-0.014367052494718929
6900,-0.020361977834369705
6901,-0.0148347401686502
6902,0.01922785954028564
6903,-0.010146287125509103
6904,0.006706347871943657
6905,-0.01159616949708283
6906,0.010827788774208593
6907,-0.014262880896800566
6908,0.0007063752645905662
6909,0.0008978049049744303
6910,0.032864436081225315
6911,0.00901361477178689
6912,-0.008176058583150807
6913,0.009781162103847645
6914,0.030199828409854555
6915,-0.02274375160909895
6916,-0.011683016827269143
6917,-0.0031736159327057363
6918,-0.005705574187260117
6919,-0.004520585459314624
6920,-0.018171323361230788
6921,0.01988292131503617
6922,-0.019834694369657672
6923,-0.0026581383260923627
6924,0.014850703336914552
6925,-0.00026898198138222435
6926,-0.013606844443586223
6927,-0.01879582190701408
6928,-0.0030766832360885257
6929,-0.010482277043317039
6930,0.0030389770903203757
6931,-0.019537399383940387
6932,0.011579574699331987
6933,0.0017788120094830015
6934,0.002822657724509665
6935,0.020404525049137152
6936,-0.0059965434527247475
6937,-0.010043687811486925
6938,-0.007541766174158061
6939,-0.0025501347359027458
6940,-0.001123035744056072
6941,-0.011517429057970917
6942,-0.028272322348979983
6943,-0.007726760069911848
6944,0.005211270547630864
6945,0.0020698025189121614
6946,0.017010762158202748
6947,0.0276327798017115
6948,0.010824978825185416
6949,0.01958172055489702
6950,0.010929529678321302
6951,0.024181897644714852
6952,0.026162525197287432
6953,0.013520507402253048
6954,0.01008089829382408
6955,-0.002728668148667353
6956,-0.00042569082681437494
6957,-0.004591976230296646
6958,0.00888471038581411
6959,-0.009966844696742983
6960,-0.002530176479373974
6961,-0.032938626296735336
6962,0.02436724657133879
6963,-0.0029428476502150205
6964,0.006556773539681825
6965,0.020639325282720337
6966,0.004374750433204386
6967,0.020450430394337037
6968,-0.01729317939857642
6969,0.0338420200519905
6970,0.015430745811607345
6971,0.003094781428615742
6972,0.02017973613571153
6973,-0.01626596994676116
6974,-0.0039003244567349486
6975,0.02044911930471602
6976,-0.02607992818318077
6977,0.008030462735761919
6978,0.007633062195420117
6979,0.027825837886827222
6980,-0.022087815810884738
6981,0.022772973993779613
6982,-0.007706269287911434
6983,-0.006126013897745858
6984,-0.017015894179807544
6985,-0.015130845678781334
6986,0.005825276665638614
6987,-0.015474825908805749
6988,0.010557304689648501
6989,-0.009160538766368227
6990,-0.016889843607150238
6991,-0.007261374764685889
6992,0.00488642013744698
6993,-0.0037420812800723863
6994,0.0006358672624702197
6995,0.009937956303561089
6996,0.015364861648595499
6997,-0.004202157799099361
6998,-0.014517776226954084
6999,0.0012244074665334083
7000,0.006768518443168718
7001,-0.020370293206351534
7002,-0.01235926531738447
7003,-0.00995052885988249
7004,-0.002765061900047038
7005,-0.01053854419742495
7006,0.010090180448335448
7007,-0.022399448028851198
7008,-0.022042334841133895
7009,-0.00453649340475137
7010,-0.0023130321710733504
7011,-0.02028483964240961
7012,-0.008370599886132219
7013,-0.005480125355299565
7014,-0.005371283866976036
7015,0.0022893323785376615
7016,-0.009141046981928648
7017,0.020921053322176277
7018,0.007015194164129415
7019,-0.011186034258608939
7020,0.0014831950733421727
7021,0.0018977695608538372
7022,0.017223882088863707
7023,-0.008281141902680538
7024,0.010937460450056315
7025,0.0007432823364983673
7026,0.021113984150579638
7027,0.018294188376169588
7028,0.002923026687796626
7029,-0.0035303154096001906
7030,0.007273760536314423
7031,-0.0023804405916899177
7032,0.023766082058074213
7033,0.0012577883192031883
7034,-0.005544745837398741
7035,-0.006303142489165509
7036,-0.016889868609777293
7037,0.00797568070281513
7038,-0.01136726668733115
7039,0.015585847579546322
7040,-0.0180125800230995
7041,0.001943101694332187
7042,0.01631758918139215
7043,-0.030087246055117468
7044,0.028514922082259007
7045,-0.0058207543251833785
7046,0.0021377709348617446
7047,0.008184909657309825
7048,0.010358401093816716
7049,0.004003656024249725
7050,0.014169961812753816
7051,0.007448910347379347
7052,0.024898272159024647
7053,0.007494673857344704
7054,0.027761337098007793
7055,0.012816716803984433
7056,-0.02521842685315324
7057,0.03684520296177222
7058,-0.007915263130533982
7059,0.021169874174798084
7060,0.0005316514768623373
7061,0.015065125300675455
7062,-0.009519034059413197
7063,0.008947843049017789
7064,-0.003402557650704369
7065,0.02234260387456271
7066,0.006319129926421618
7067,0.013306607261990119
7068,-0.030253473182359398
7069,-0.0010472667631438342
7070,0.005924049054732035
7071,0.0032972981897540997
7072,0.013660911097271517
7073,-0.004986359884127409
7074,0.0008406965258833707
7075,0.016753229481790092
7076,-0.031863951331944564
7077,0.008436450341075648
7078,-0.004536437402045576
7079,-0.012664322053460263
7080,0.00488413019168259
7081,0.017402755828728543
7082,0.014756743987834052
7083,-0.0017433855040255876
7084,0.012460680355482697
7085,0.01235286189143647
7086,-0.0010725397510890512
7087,-0.009583694251596622
7088,-0.008770860947819101
7089,0.011928300625040857
7090,-0.00043706601703944175
7091,-0.014545320134436745
7092,-0.023519773000592707
7093,0.011843683639010808
7094,-0.007527922501227093
7095,0.004797622262543715
7096,0.017574966154063804
7097,-0.018237256204271215
7098,-0.0004790881171752965
7099,-0.00224335533934887
7100,0.005491138218640283
7101,0.0175672812396191
7102,-0.01852569712620099
7103,0.008161706657971207
7104,0.01464967037995902
7105,-0.0024637246484614317
7106,-0.001776181288525272
7107,0.006035024461097785
7108,0.005000376611241179
7109,0.008338119076985473
7110,0.008042023669126847
7111,-0.01364307128966479
7112,0.014069941668508234
7113,0.016550274477080032
7114,0.0027699152207548788
7115,-0.02084003654455285
7116,-0.0014571930114593325
7117,0.0028868660394270633
7118,-0.01592824587604463
7119,-0.004905336093278839
7120,-0.019648662930102315
7121,0.008688559371077884
7122,0.0024870915328545126
7123,-0.022970643037960942
7124,0.005093788278882377
7125,-0.0006388762623526497
7126,0.007411583384981129
7127,-0.005346475668315712
7128,-0.01110686613886272
7129,-0.010676400063807543
7130,-0.007406963864703231
7131,0.00041968385382305134
7132,0.002234207895269728
7133,-0.002524747916198551
7134,-0.005793133920397627
7135,-0.004782598673016502
7136,0.035392583289056284
7137,-0.010674721255390457
7138,-0.0076852097430957465
7139,0.046438919095132224
7140,0.006071051701569072
7141,-0.019235705826391735
7142,0.011996223783763624
7143,-0.012632295263017096
7144,0.012928885659685283
7145,-0.0028091850421002327
7146,-0.006024651487283233
7147,0.022766424731886604
7148,0.008113979217413572
7149,0.013827172185451613
7150,0.006266457859788532
7151,-0.006089972568584146
7152,0.00874563951269942
7153,0.017146513102722475
7154,0.002048440470447256
7155,0.025471033929471355
7156,0.012105825866038039
7157,0.003133845543687987
7158,0.0036889377274196395
7159,0.002083556495618652
7160,-0.017426682805828684
7161,-0.001110491939302656
7162,0.003263175108280177
7163,-0.005691478994488739
7164,0.004900047709697683
7165,0.00045456533506766435
7166,0.011026732667051165
7167,0.009472919107915017
7168,0.0025039249063921382
7169,-0.019056298797999364
7170,0.025317592886644577
7171,-0.0018386264583159682
7172,-0.000981418020975666
7173,-0.0046577869104067905
7174,-0.006707778943931947
7175,0.021851571552084455
7176,0.019631233693618497
7177,0.006399578370921278
7178,-0.0013553817783607577
7179,0.008854729634194744
7180,0.0011921240694776204
7181,-0.002517764864945115
7182,0.004906074459034277
7183,-0.006043788258034992
7184,0.0036998660816696663
7185,0.0030247826907096303
7186,0.008627347954806363
7187,-0.008544672106077844
7188,0.0101336788181203
7189,-0.01257991956671684
7190,-0.007890287105927105
7191,-0.0072770550694453194
7192,-0.014908827457390248
7193,0.014426791831109134
7194,-0.01346152765524626
7195,-0.009665696084564674
7196,0.017795586784704897
7197,-0.007862409535764218
7198,-0.0024885343634891426
7199,-0.014065414458732778
7200,0.011859417940231447
7201,0.012053119076425105
7202,0.010538497679649856
7203,0.007708289536081893
7204,0.001189203163157455
7205,-0.0072131431070702415
7206,-0.011296420231916316
7207,0.01828033458900166
7208,0.010901847835450751
7209,-0.009586837235115726
7210,0.000714860159270999
7211,-0.004061920296467876
7212,-0.01569794753987141
7213,0.002651439333658079
7214,-0.005683154054705587
7215,-0.013229454920017838
7216,-0.020628943581851408
7217,-0.021818701648419807
7218,-0.0050639508952175115
7219,-0.0010405542059400941
7220,-0.01214417139438399
7221,0.0092990599294203
7222,-0.0007658684755132043
7223,0.008261295080856934
7224,-0.002415018127873147
7225,-0.010905061066510917
7226,0.0017586908634123185
7227,-0.017587372492099084
7228,0.007735109624150727
7229,-0.013013237253257983
7230,0.013057752691624085
7231,-0.004600665918318726
7232,0.015085405323150978
7233,-0.015619434261449556
7234,-0.009368553053361565
7235,0.005507888667484616
7236,0.01660246096905558
7237,0.02357360114313094
7238,0.0007364207943886477
7239,0.025978337425317476
7240,-0.003915073962487506
7241,0.015594550690783679
7242,-0.013083941710346436
7243,0.006059630663263594
7244,-0.03274925573942858
7245,-0.015604930575216462
7246,0.0067126946120055694
7247,-0.018286638626606875
7248,0.006154466037276343
7249,0.01289230403612971
7250,-0.0068891638973798625
7251,-0.013460129237704854
7252,-0.006507895074377897
7253,-0.013415998425757494
7254,-0.0012670453519538533
7255,0.0015896936219387825
7256,-0.004144754609230585
7257,0.023682505322094698
7258,-0.009953576974525086
7259,0.0197069555156521
7260,-0.01447586355377441
7261,0.0011777997527941488
7262,0.01677962734452158
7263,0.01605248411275636
7264,-0.005750112972881295
7265,0.00795475221091872
7266,0.006073381184508912
7267,-0.007431820524036086
7268,0.0088102136499205
7269,0.026326064697293535
7270,0.006783287732135938
7271,0.00811334726876677
7272,0.009599981617361244
7273,-0.020373824380404606
7274,0.006622032254103955
7275,-0.014131886356648497
7276,-0.008133664020938555
7277,0.030533795974224735
7278,-0.003403556213797738
7279,-0.01024543167563764
7280,0.016350734265197567
7281,-0.013161169114045886
7282,-0.006131770597026358
7283,0.017706281558899913
7284,0.0007561126599911634
7285,-0.021787697533655948
7286,0.007799059546483067
7287,-0.005415798265654844
7288,0.02179246284154752
7289,-0.008362704390027927
7290,0.014926516818560344
7291,0.02510647246851268
7292,-0.011801909542000031
7293,-0.0025597804400319182
7294,0.005615949689123824
7295,-0.011891874997354685
7296,0.003953225128551001
7297,-0.0030053166969854733
7298,-0.00328841727488978
7299,0.0008428223522531452
7300,0.0011565418034552373
7301,0.0024579409476100838
7302,-0.008259276517511984
7303,-0.00764586140855744
7304,-0.0015111774216263662
7305,-0.0004737521915825698
7306,-0.006011351560732641
7307,0.004707016269689653
7308,-0.025345054126672838
7309,-0.010109021396869615
7310,-0.0037782578997124063
7311,-0.01187458364387196
7312,0.02304792008728522
7313,0.0004202002503225675
7314,0.002639050104211951
7315,-0.006634978590551169
7316,-6.655623466757994e-05
7317,-0.01692103324980266
7318,-0.0022310305822324473
7319,-0.01301125910525585
7320,-0.0037427883937864734
7321,-0.035815634607080114
7322,-0.015695031881632085
7323,0.02072559772449644
7324,0.011823537889195462
7325,0.018689709776851225
7326,0.019654797431023337
7327,0.0096116787737817
7328,-0.006208345099741379
7329,-0.014419821895151091
7330,0.016268701686970272
7331,0.001062442207049335
7332,0.03520004937923004
7333,-0.004975030552852514
7334,0.02787740761019165
7335,-0.002048005689949151
7336,0.018928716269993366
7337,0.023996311530030557
7338,-0.014218870418669182
7339,-0.0066598128837652825
7340,-0.014359797598280858
7341,-0.01712746491343378
7342,0.009528485534851512
7343,-0.002607771395557521
7344,0.0008909900902106982
7345,0.00797118430335917
7346,-0.0259440026576824
7347,0.01823621942606079
7348,-0.004750152172414842
7349,0.0076362258513059935
7350,0.008877139808584662
7351,0.01941697903070305
7352,-0.0013182468095985559
7353,-0.029685236740195055
7354,0.0009578936003463626
7355,0.002975404594663724
7356,-0.014377806535187743
7357,0.002227634425537066
7358,-0.0049177066728592
7359,-0.018712612741327107
7360,0.009590565909620524
7361,-0.007766050312844077
7362,-0.00555509595965094
7363,-0.006344787929244527
7364,0.017515551848515918
7365,-0.0004197734492817465
7366,0.0012666371758415147
7367,-0.006036459073899967
7368,0.006659158544641617
7369,0.019115172632281647
7370,0.009258610993506243
7371,0.009806707789947765
7372,0.008673636356132266
7373,-0.019239387015138082
7374,-0.01215566586524211
7375,-0.00272522863350918
7376,-0.010044353120923213
7377,-0.01480323360244959
7378,-0.026151809732034632
7379,-0.018765661051635477
7380,-0.0034494197392001317
7381,-0.0008203860325731933
7382,-0.01098847304991611
7383,0.0012641836646589129
7384,-0.00594087321287384
7385,0.015479411795102795
7386,-0.0021159305098455874
7387,0.009939690539808683
7388,0.003010630484453687
7389,-0.01954610982087837
7390,-0.0011187258658060578
7391,-0.01720727225467868
7392,-0.0013641033478688778
7393,-0.010315081177314028
7394,0.005522334878675782
7395,-0.018706997575747272
7396,0.0003617454992895198
7397,0.00819848847206415
7398,0.012908286951014734
7399,-0.01058257970848941
7400,0.0004045907410409257
7401,0.002742712532349973
7402,0.02189468496225858
7403,-0.020659821956727224
7404,-0.012647241277088
7405,0.03956220813964449
7406,-0.00368227819102783
7407,-0.026416232777597363
7408,-0.00803057064315917
7409,-0.03875179957982451
7410,0.003540471595316304
7411,0.01153389343763517
7412,-0.01265510777197642
7413,-0.006459238860670417
7414,0.013133934982489997
7415,-0.024438078765906788
7416,-0.018414962443461858
7417,-0.0030502099140152154
7418,-0.010416308830790196
7419,-0.003974123462290496
7420,-0.017602489253841863
7421,0.0031665988104921773
7422,-0.0019417941583877772
7423,0.007872139972701498
7424,0.0029710857427120434
7425,0.0030594780324757175
7426,-0.02016769863491059
7427,0.007076837077979161
7428,-0.004494023862404603
7429,-0.0021858024572368497
7430,0.014884901784322712
7431,-0.009954022926190442
7432,0.019141396759891
7433,0.02045227954014554
7434,0.010732950527034347
7435,-0.013624080691681006
7436,-0.0305656476836282
7437,0.015314465238139332
7438,0.0017202948641159687
7439,-0.010316017763604541
7440,0.016645532488559392
7441,-0.011951075982362565
7442,-0.005804876930830162
7443,0.00753068547230599
7444,-0.015492684260754229
7445,-0.0013832144595637196
7446,0.015459228099473941
7447,0.0031215953156199443
7448,0.017683436110368062
7449,0.016084032734562718
7450,0.0002638976564968968
7451,-0.032679677176124855
7452,-0.015382653083827084
7453,0.010881189817349894
7454,-0.02162827391430796
7455,-0.0044353753155924195
7456,0.004911339465126373
7457,0.020804908767464134
7458,-0.00792475618904945
7459,-0.008886837919722864
7460,-0.0005817822711994734
7461,0.005086033343830994
7462,-0.00201224500986171
7463,0.014899009154442781
7464,-0.011074047791394299
7465,0.0018436094725574072
7466,0.006411090899883864
7467,-0.005468729442347466
7468,0.011954388560576368
7469,0.002248260511030285
7470,0.011239667361484504
7471,0.002882625718633768
7472,0.0054442298697351295
7473,-0.008730922587603792
7474,-0.008708158350068699
7475,0.01735983091535883
7476,0.009085069105235112
7477,-0.014219084536780075
7478,0.0026965735885087555
7479,-0.03320007180927409
7480,-0.00790958708012732
7481,0.013659090900210256
7482,-0.0016033274875938046
7483,0.0018120178816672992
7484,-0.04222967106986718
7485,-0.00535660942699371
7486,0.004908411264478843
7487,0.0066932061980237946
7488,0.01367775184694182
7489,-0.002799285337054781
7490,-0.0021725589408787644
7491,-0.018563153146188695
7492,-0.0027186826565612394
7493,-0.017571923520337075
7494,-0.0258102780724805
7495,-0.015093290558704281
7496,0.021354524089582532
7497,-0.003646642300749656
7498,0.0032447799100435433
7499,-0.007060256396858846
7500,-0.025004855844617715
7501,0.013309002821284397
7502,-0.030367589594399665
7503,-0.007640535202688474
7504,-0.0006122616908896691
7505,0.0033938989031014038
7506,-0.010052862206391228
7507,-0.025671046363723676
7508,-0.01110144071711122
7509,-0.01036604854486702
7510,-0.010708000155664492
7511,0.01378598923770297
7512,-0.016897838549969926
7513,0.004384387506337961
7514,0.0023794808579502345
7515,0.013651044994416201
7516,-0.001715547146089628
7517,0.011271778723893084
7518,-0.002264797891103286
7519,0.006259050543748483
7520,-0.02096349038488374
7521,-0.03691673531460097
7522,0.0054602807039411776
7523,0.006213953490208304
7524,0.006836707062920184
7525,-0.007220953630684774
7526,0.021088069378671262
7527,-0.006306834248269743
7528,0.006069164820202216
7529,0.008510722949383204
7530,0.024306126050403335
7531,-0.004299595622464975
7532,-0.00902321098662355
7533,-0.020896103324807288
7534,0.02196832530354692
7535,0.0060766386624789654
7536,0.0065213730269304574
7537,0.04394968880888615
7538,0.00472254462540124
7539,-0.018144472808690977
7540,-0.002597586898482932
7541,-0.013542042092827031
7542,-0.005407402640441004
7543,-0.005501846035858957
7544,-0.008093440760511456
7545,-0.01942261729394418
7546,0.022532279038014576
7547,0.004354440420568787
7548,-0.00301306960049697
7549,0.010801148211491007
7550,0.0067743876176277265
7551,0.004029044287992555
7552,0.009780447008030293
7553,0.0020371528633937284
7554,0.009572812646629649
7555,0.010737557517719326
7556,0.0024416125676776685
7557,-0.0029417222743270393
7558,0.02165962390917184
7559,-0.006560095515077105
7560,0.005653724841396581
7561,0.005971216957413117
7562,-0.008410070826344294
7563,-0.011195994906253117
7564,-0.004817007447322824
7565,-0.006761247862930123
7566,-0.020333833025563658
7567,-0.008999353931183153
7568,0.0038960077482258202
7569,0.017943632144540568
7570,0.007945219851333634
7571,-0.036372327976524406
7572,0.009166473533987725
7573,-0.007687735893584515
7574,0.006521639567887921
7575,-4.3460246994137756e-05
7576,-0.002552397830324017
7577,-0.0012814084244770466
7578,-0.00015993423766932753
7579,0.01904613629215296
7580,-0.00012109404951342342
7581,0.01540862775359524
7582,0.013362296711443004
7583,0.009528186195498074
7584,-0.02494960234763382
7585,0.01584558211371592
7586,-0.006279061055358001
7587,0.010212240027515905
7588,-0.013510432067775009
7589,-0.016496965594394737
7590,0.027926488018390684
7591,-0.013291933741366493
7592,0.016259737269971944
7593,0.0018191511761091982
7594,-0.005748176116446417
7595,-0.0004747532675147935
7596,-0.01812723284109364
7597,-3.810829807635876e-05
7598,-0.0150590180373607
7599,-0.005401436348361606
7600,0.013157055524381223
7601,0.0037269351647787373
7602,-0.020671631415479723
7603,0.012119890396029549
7604,5.53993979712622e-05
7605,-0.007463381568311161
7606,0.010647121781896647
7607,-0.002194353237754322
7608,-0.016224187014081088
7609,0.02611975336204483
7610,-8.775331486871244e-05
7611,-0.0009884262428005916
7612,-0.00553719368012557
7613,0.016735510126037512
7614,-0.007220194754045002
7615,-0.02155420030254046
7616,-0.009381311315468877
7617,0.01879840223643514
7618,0.011847909071750871
7619,-0.003428203237441873
7620,0.019451525903819097
7621,0.01066490998962161
7622,-0.003590831820591768
7623,-0.0021761286315487025
7624,0.0047825867704389905
7625,-0.011534139345256073
7626,0.0002184652153989471
7627,0.004490253154199633
7628,-0.02354932907526896
7629,-0.0025050819951943715
7630,-0.004103247204304595
7631,0.014601111663915577
7632,-0.025762880422543537
7633,-0.005205589005873308
7634,-0.0066142376506151965
7635,0.013645647603505649
7636,-0.0004567347541428985
7637,0.025393076508228474
7638,0.00946028677591224
7639,-0.005609107020377843
7640,0.0035227383153232923
7641,-0.004820053661852564
7642,0.012231009544836842
7643,-0.018564281259191486
7644,-0.01141904347397019
7645,0.0065583119205399375
7646,0.017378940585430613
7647,-0.030785910661488163
7648,0.019468613633845142
7649,-0.001813953760492713
7650,-0.02631620192656657
7651,-0.04202376801607217
7652,-0.021335083334128414
7653,-0.00012172171485056834
7654,-0.0007708075396390748
7655,0.009052609885936421
7656,-0.007565984712817637
7657,-0.015414525530331787
7658,-0.005649342138074002
7659,0.0006274387010196331
7660,0.003397877621033502
7661,-0.010933825490409459
7662,0.012821885808689792
7663,-0.00857642599989852
7664,-0.012065715295655494
7665,-0.007466279574946867
7666,0.015258332967940859
7667,-0.001710833991966584
7668,-0.009603829435949018
7669,0.01316841179742815
7670,0.030264101177483505
7671,0.0031015281656340704
7672,0.01749256159262746
7673,0.01471366360769594
7674,-0.008355015438191825
7675,0.0005294135898034849
7676,-0.017866578452338848
7677,-0.0027245945258568744
7678,-0.00864378347541601
7679,-0.005506010274944165
7680,-0.010382025772584335
7681,-0.0038789932115450582
7682,0.007633856479256671
7683,-0.0015238845423853912
7684,-0.026042171904154025
7685,-0.01032898866655762
7686,-0.021194754529502122
7687,0.0035845866278728226
7688,0.007227551371697461
7689,0.0037600623313478144
7690,-0.010909090462299032
7691,0.0036238424884976117
7692,-0.006450672101358669
7693,-0.015838670220619192
7694,0.010580427725062543
7695,0.011649720275534382
7696,0.013488614743091121
7697,-0.008393078957663913
7698,0.016727031044439466
7699,-0.006780433823894117
7700,0.009337868820510105
7701,-0.007023952959734545
7702,-0.0029921346036813484
7703,-0.033866140645476064
7704,-0.00408718669040495
7705,0.0014351173201009467
7706,-0.005606670807172508
7707,0.02483232722199855
7708,-0.01617928873328304
7709,-0.007764028100915343
7710,-0.01255970103021023
7711,-0.007766778577971022
7712,0.014648114703965752
7713,0.020923800320449503
7714,-0.009692060636398391
7715,-0.010004214870419085
7716,-0.016104289472011733
7717,0.0185104970140346
7718,0.015907011989809424
7719,-0.0013340465443851869
7720,-0.01946219616882799
7721,-0.018205472842258347
7722,0.002552770383193451
7723,0.007874211511468127
7724,-0.02887737581421447
7725,-0.004359740343664922
7726,0.022894728324777576
7727,-0.002901179520495114
7728,0.021086886780239397
7729,0.009275266457362586
7730,-0.015080647405379455
7731,-0.00395732337070797
7732,-0.001653191519604243
7733,-0.01322910225136481
7734,-0.013472987349701973
7735,0.02132759688313455
7736,-0.013578269952463829
7737,0.015308860947968392
7738,-0.005978121589014798
7739,-0.00020511027592734095
7740,0.008049947223703169
7741,-0.008255515303153682
7742,0.008135098147349362
7743,-0.028600348015897847
7744,0.006333732592653094
7745,-0.03453151341464407
7746,-0.0030323861544031216
7747,0.012158600427764383
7748,0.008899375921010344
7749,-0.018089518232926167
7750,-0.016280436159883376
7751,-0.009521747827710942
7752,0.0027717836366934457
7753,-0.028396649581877056
7754,-3.0649682277403246e-05
7755,0.004531227604272901
7756,-0.00382194915356277
7757,0.007536736122408357
7758,0.0032988333481441963
7759,-0.007455920068434703
7760,-0.02705130033156941
7761,0.002029822700866308
7762,-0.01323702447524688
7763,-0.007971448485058867
7764,0.006887600159910717
7765,0.02007089354020802
7766,-0.0003796416827059124
7767,0.007940632038002873
7768,-0.020142012212797104
7769,0.003605149034604091
7770,-0.000686609242598423
7771,0.017427715370326457
7772,-0.007439117458134152
7773,-0.0032402210973112577
7774,0.015033146916175038
7775,-0.001138055412608337
7776,-0.015425778501468614
7777,0.03600956561840736
7778,-0.015000738521614945
7779,-0.0007539743968760903
7780,0.0050266681599809
7781,0.003915602978076827
7782,-0.0025110311608185706
7783,-0.002441007599231539
7784,-0.0031459949008871392
7785,-0.015525438803812951
7786,0.030369075736423928
7787,-0.0029360514088731145
7788,0.00854296799506294
7789,-0.004547229438023896
7790,-0.004829817564126191
7791,-0.006244527522934202
7792,-0.02162257415165377
7793,-0.0021018139864181756
7794,-0.005563926510119817
7795,0.01661689775336768
7796,-0.016660329963185554
7797,-0.007954650596970802
7798,-0.012469319445368283
7799,0.020424950604425916
7800,-0.012061374526251127
7801,0.008056346671949552
7802,0.013787434906150925
7803,-0.0018980913949623393
7804,-0.019191167119389778
7805,-0.019013314648092736
7806,0.012236180154341051
7807,-0.0175581383367698
7808,0.005663743746240336
7809,0.0017619443408732084
7810,0.0054544581734701555
7811,0.006781659758614935
7812,-0.012964360029852351
7813,-0.013552521319907354
7814,0.010200996721973079
7815,-0.008688105457985242
7816,-0.038488688099983535
7817,0.009271179829897197
7818,-0.014405915663112957
7819,0.006719145395299896
7820,0.01972646848302123
7821,0.0003907005734606542
7822,0.01414721583682855
7823,0.0023162579207410923
7824,0.02246100528116735
7825,-0.014769089515308021
7826,3.972884890120452e-05
7827,0.009614126285154545
7828,-0.0025204183412734097
7829,0.0163456253709028
7830,-0.005915663306651462
7831,0.029233035106822403
7832,0.029975327263772927
7833,0.0041187109335116285
7834,0.007920065400659095
7835,0.01689999330576994
7836,-0.01652680203353955
7837,-0.01828047227763085
7838,0.017809795759843445
7839,0.0040051248976379576
7840,-0.00302758782087197
7841,0.00031146171142997273
7842,-0.03337241996019948
7843,-0.0025225339068283576
7844,-0.01042631215378313
7845,0.013055491896671637
7846,0.014136887198619972
7847,0.00825841343851929
7848,0.005711969197529531
7849,-0.020884881255081925
7850,0.0084546130710347
7851,0.00899917901747087
7852,0.017652049400329668
7853,0.02991929401084949
7854,-0.023627939560147436
7855,-0.005303539636553661
7856,-0.010274835006644847
7857,0.002579155513357085
7858,0.0003434789465997142
7859,-0.003134053988792646
7860,0.014594596542300373
7861,-0.015321415246340977
7862,-0.014474208717865653
7863,-0.014236790963957394
7864,-0.004907999197195891
7865,-0.017108435287294763
7866,-0.0005273426628627908
7867,-0.002170231751297964
7868,-0.01089659470938546
7869,0.0124329326225285
7870,-0.00068091261211366
7871,0.015087005060153714
7872,-0.0025855907556351244
7873,-0.00018481363124782594
7874,-0.007752803266868381
7875,5.614724078591199e-05
7876,0.010163116159388938
7877,-0.005624721638283339
7878,0.007439653883109144
7879,-0.011265192830412675
7880,0.010820999342696704
7881,-0.007993413903085705
7882,0.012122584729042535
7883,0.0010119770199206685
7884,0.02152692011074599
7885,-0.016061278767465503
7886,-0.020587410278530102
7887,-0.008503645632763073
7888,-0.01930076846914562
7889,-0.01927440700733544
7890,0.008888913901003211
7891,9.644353403490282e-05
7892,-0.006585099362805476
7893,-0.005282262381089928
7894,-0.008236953084527958
7895,0.02334540761096744
7896,-0.01017983346477671
7897,-0.01842286905252035
7898,0.011340907437907223
7899,-0.002876538956609871
7900,0.028803093315827883
7901,-0.007238842997298697
7902,0.012042551405118111
7903,0.015361712400818964
7904,-0.007170414664500297
7905,-0.010284026557870347
7906,0.010572511239249757
7907,0.008233284823067996
7908,-0.01966609687350284
7909,-0.015701108163520768
7910,-0.03548561200633618
7911,0.008521270450257985
7912,-0.003523915941783497
7913,-0.0021233027534307905
7914,-0.02361224993803108
7915,-0.015274878505430264
7916,-0.006560901691785812
7917,-0.009292054999630539
7918,0.0018109416151302269
7919,0.008353793852162512
7920,0.03204673748045437
7921,-0.00012610824615400838
7922,0.0158282988041684
7923,-0.011507242251299855
7924,-0.023380430512457077
7925,-0.004795222286668762
7926,-0.022295305193682488
7927,0.0003613428084076116
7928,-0.010811428410048679
7929,-0.02730538083831378
7930,0.02454900690401565
7931,-0.007398413447901148
7932,-0.022855928121383692
7933,0.012775868248164493
7934,-0.010082999381683952
7935,0.015473685033980219
7936,-0.010150165401132635
7937,-0.007445289099082948
7938,0.005000582207727063
7939,0.008490814090284283
7940,0.010953550031994339
7941,-0.0011058400740658369
7942,0.007583046568861956
7943,0.010632400014894188
7944,0.0029734694208361358
7945,-0.0018494056090942403
7946,-0.02015347275676874
7947,0.008574487926472881
7948,0.0007477679196136416
7949,-0.0056567819378513
7950,0.01810976052582763
7951,-0.019908114204419704
7952,0.023256421215492012
7953,-0.00015781203713585818
7954,0.004616784750469052
7955,-0.005395820227734348
7956,-0.02326979700103314
7957,-0.0018065734652035748
7958,0.004858846992775751
7959,0.009657178006477404
7960,-0.002627511409679847
7961,-0.030653422036253188
7962,-0.021507570032577847
7963,0.02898921923839222
7964,-0.015196662386389245
7965,0.020207419455080113
7966,-0.01297020481439421
7967,-0.0024086263521628484
7968,0.008940307434530413
7969,-0.011369841548809979
7970,0.022528253298145347
7971,0.0012192629008971414
7972,0.006630830956888683
7973,-0.0036051313019565536
7974,0.00941120337700122
7975,0.022339647825453664
7976,-0.0016896089098439773
7977,0.024460308527991626
7978,-0.008438707269426875
7979,0.010891896072535732
7980,0.007027976810486799
7981,-0.014860072797283005
7982,0.003159519902383815
7983,0.0002586649073048819
7984,-0.011833510810927268
7985,0.005185651309976967
7986,0.0022107569913730044
7987,-0.000864797088618246
7988,-0.00080845770290593
7989,-0.0011096216300412682
7990,-0.005011587702019553
7991,0.0021200478949366074
7992,-0.008892830952069395
7993,0.03748745454970872
7994,-0.019648155077657558
7995,-0.008061286403347315
7996,-0.0069512986147541945
7997,0.028827258125469653
7998,-0.018394776516986948
7999,0.0061400306996408725
8000,0.0036454837859443766
8001,0.004842791660111707
8002,0.01752770032925564
8003,0.017239449594288775
8004,-0.006181480518614111
8005,0.0028814080315822796
8006,-0.026038361607011614
8007,0.0015475724644709577
8008,-0.011001620406960304
8009,-0.002463799992927176
8010,-0.023526925651566322
8011,0.0058442454052683905
8012,-0.0236842584833663
8013,0.002238790687124827
8014,-0.017079143103687626
8015,-0.011783611772185083
8016,0.0163809384050276
8017,0.008416320712099884
8018,0.016303247876397073
8019,0.022071746482767968
8020,-0.01070441998902436
8021,0.021218037932753918
8022,-0.0204374645382444
8023,0.01063902851934551
8024,-0.006776997703733076
8025,-0.012916997286998888
8026,0.008789416373907824
8027,0.013433196047761104
8028,0.013016101930591847
8029,0.0031742766194134487
8030,0.002009366731421158
8031,0.007558454446681988
8032,0.004423518279071575
8033,0.007762050928012278
8034,0.0030216707709712076
8035,0.011997581451998566
8036,-0.022709630455001344
8037,-0.0016894337918795463
8038,-0.019290026702579396
8039,0.004043254408217866
8040,0.02322682668998779
8041,-0.006506464150089789
8042,0.0019432503783392457
8043,0.010784973266748495
8044,-0.028899550941724698
8045,-0.007181299697210155
8046,0.005277172220478406
8047,-0.04055210535412564
8048,-0.013570511717460603
8049,0.015623923363484475
8050,0.014248823564383423
8051,0.0054149135002083655
8052,0.012551406666314616
8053,0.003177710052898036
8054,0.0079593215976534
8055,-0.004280261940407397
8056,0.0017825098120822299
8057,-0.008730622299879798
8058,0.017909061958642652
8059,0.02153543079915156
8060,0.019545076335641037
8061,-0.005579398775669603
8062,-0.01324684193007397
8063,0.0180986218218931
8064,0.007797901533887947
8065,0.004772281497959667
8066,-0.008748351120362173
8067,0.006136398579725256
8068,-0.015094677299909747
8069,0.00906472121750936
8070,0.01953065802444079
8071,0.023073880735547832
8072,0.010111023520729609
8073,-0.019264383406820598
8074,0.0029279563419855924
8075,0.030221007940434735
8076,-0.012050177486308966
8077,-0.0006764307945631221
8078,0.020017370740212374
8079,0.008826850473781652
8080,0.03500520366938321
8081,-0.01014278901937966
8082,-0.01375244125298027
8083,0.01735602232561523
8084,-0.016648786764695965
8085,-0.002609733252910665
8086,-0.0007672736737850363
8087,0.01471242036601676
8088,0.008786579376009206
8089,0.006577632740830125
8090,-0.005499615705587126
8091,0.017227852278330093
8092,0.05672423152369507
8093,0.009868747318317252
8094,0.0015557111087647396
8095,-0.018081824897090933
8096,-0.00880244065786776
8097,-0.0028477980643479422
8098,-0.0073568001630375445
8099,-7.075644196809084e-05
8100,0.025139044586827558
8101,0.017679790864827526
8102,-0.0020766838613169927
8103,-0.016823044487115624
8104,0.01894725090634424
8105,-0.0005341265358776043
8106,-0.024104845696585706
8107,0.010165909781300785
8108,0.014567650204915256
8109,-0.0339326121727609
8110,-0.011431109056390767
8111,-0.0013968880471608375
8112,0.010476179154560585
8113,-0.0070918770704269446
8114,-0.011537721820492942
8115,0.01037301742612384
8116,-0.006425493374724015
8117,0.007771870305479385
8118,-0.015463356192986333
8119,-0.018847213525629895
8120,0.010767864698254926
8121,0.0037034583087339574
8122,0.013117095293484229
8123,-0.007328595338194008
8124,-0.011017300175821374
8125,0.019275372097432557
8126,-0.021244769778714992
8127,0.017740125296899556
8128,0.018710300519291057
8129,0.012240753223973406
8130,-0.009509599934812304
8131,-0.011318263789403258
8132,-0.0027964472221136466
8133,-0.01804215323687911
8134,-0.013358129638637669
8135,0.009214678456137269
8136,0.009279523870134913
8137,-0.014592991519957169
8138,0.009655723515002738
8139,0.0065388278606742884
8140,0.021371404874320675
8141,0.008152411461289472
8142,0.015029867096041672
8143,0.006858841876995329
8144,0.013924685339847498
8145,-0.017930829544049644
8146,-0.0015555363154743955
8147,-0.00039260627241679245
8148,-0.00326990260559011
8149,0.006392457420900527
8150,0.009069179752205735
8151,0.005666982151014164
8152,-0.002331173805762236
8153,-0.010182986242084132
8154,0.015572327486436657
8155,0.005069450361706455
8156,-0.014157941915571839
8157,-0.0025664481942567156
8158,-0.02434090123432779
8159,0.0006521740307163386
8160,-0.0026323837027178946
8161,-0.007916989249376378
8162,0.022421251501209837
8163,-0.0160905958279179
8164,0.01008107822754882
8165,0.030881802007570937
8166,0.015292446310503567
8167,-0.00028800672609043327
8168,-0.015780260590780866
8169,-0.018983923270517202
8170,-0.005627777326194361
8171,-0.009498263381464303
8172,-0.009955587600631354
8173,-0.00443004790750637
8174,-0.0012815681192731116
8175,0.00697314220040039
8176,-0.017237793910226604
8177,-0.009431421030456813
8178,-0.002088478259952789
8179,-0.002591707988767115
8180,0.025959762352403784
8181,0.003418586764667438
8182,-0.022518276517572773
8183,0.006031258541633305
8184,0.007822583365351458
8185,-0.0016030807358147258
8186,-0.016894942473019727
8187,0.02485855622858716
8188,-0.014878365680294745
8189,0.009440036025863779
8190,0.002966182153264733
8191,0.008597481774655203
8192,0.024139162218186096
8193,0.008047058982352797
8194,-0.007694936486203317
8195,0.01569606826327912
8196,-0.008712763673389584
8197,0.0024534057017896816
8198,-0.01801466743731833
8199,-0.01436404118952312
8200,0.000877224450157875
8201,0.005327350999833553
8202,-0.02376606558569062
8203,0.007142820578201427
8204,-0.01135908550876528
8205,0.01813676271688624
8206,-0.004790483852551108
8207,-0.01563347289794247
8208,0.0012203336275042544
8209,-0.01271936024138812
8210,0.01798580867802158
8211,0.00016261229818766295
8212,-0.00197612965454626
8213,0.008470883908335128
8214,-0.013965907537321477
8215,-0.017959445509038593
8216,0.005893134862337831
8217,-0.015296916323636386
8218,-0.015301686062571308
8219,0.011912881610808779
8220,0.00753312686830296
8221,-0.01746308695640828
8222,-0.008544659255453417
8223,-0.012543667451857385
8224,0.025115202214458784
8225,0.012886013251976618
8226,-0.0057583605065754575
8227,0.008251590781478408
8228,-0.018901356491660668
8229,-0.009296559238750392
8230,0.001628653527464967
8231,0.006509705227225234
8232,-0.0012142897543981936
8233,0.003640136407561521
8234,0.001255910775995054
8235,-0.002143354049542081
8236,-0.004006142655971351
8237,-0.00583452028456787
8238,0.0034142436539229652
8239,0.005927758019651509
8240,0.0029424158984481096
8241,-0.016405953796527484
8242,-0.013881322992311738
8243,0.005760069862756439
8244,0.020834453626332704
8245,0.0022968356011069152
8246,-0.005629417388302527
8247,0.003307493278142975
8248,-0.015818941461129103
8249,0.01854784280339915
8250,0.002777099087390489
8251,-0.009251749715996602
8252,-0.0021885728390403127
8253,-0.007250514120491958
8254,0.01858615885601777
8255,-0.0026866247507348977
8256,0.002338291673270327
8257,0.008216908285389403
8258,-0.010253757211810492
8259,0.002877080387891316
8260,0.00401140729694224
8261,-0.02168205482866572
8262,0.0037059395098708848
8263,-0.0004878659019356235
8264,0.0019813899651018214
8265,0.0006558147753861771
8266,0.003796900593869894
8267,0.018946907806458736
8268,-0.01641874579523952
8269,-0.0046526087286161005
8270,0.00952218732697827
8271,0.006912916132395706
8272,0.006610522350043259
8273,0.03884719110405746
8274,0.008784718333752332
8275,0.01604659151080815
8276,-0.00415967645303008
8277,-0.013796796210572785
8278,-0.004261485140152972
8279,0.010159306295239421
8280,0.005871724169140466
8281,0.005821469020701035
8282,-0.0028567088950825557
8283,-0.005097344279956995
8284,-0.0023721110738195317
8285,0.010335165366453302
8286,0.01196868589522864
8287,-0.01398409320099021
8288,0.010867256961049707
8289,-0.00898848011412769
8290,0.006744238287773095
8291,-0.0025422542461891067
8292,0.022156918785591433
8293,-0.005719434662424453
8294,0.002664935345810371
8295,0.008678736389889743
8296,-0.012125314775246606
8297,-0.0008685925264777692
8298,-0.003590768883536335
8299,-0.007064714001218904
8300,-0.006023627859852567
8301,0.015780691238600927
8302,-0.008255403759918279
8303,0.008114070974211416
8304,0.004575709588929611
8305,-0.019474574453140662
8306,0.007450297593784026
8307,-0.019706890056608563
8308,0.008980826043575208
8309,-0.0069716668788103375
8310,0.0002727349412060385
8311,-0.01803147789176214
8312,0.001874823449286971
8313,0.013180252582590375
8314,-0.011183953327712456
8315,-0.008376476855704652
8316,0.00654329228874497
8317,0.006894543110833436
8318,-0.03404883104931389
8319,0.028474746170235984
8320,0.00758215797682951
8321,0.009947949774878154
8322,-0.0018618037613074994
8323,-0.02591543128666669
8324,0.009636053114228979
8325,-0.007786606007428266
8326,0.007798245678726444
8327,-0.0029193322074444914
8328,0.003499984394655015
8329,-0.010734738657782388
8330,0.01230116685903505
8331,-0.01654340591445123
8332,0.03170889403137048
8333,0.031601810111600806
8334,0.023097122583882072
8335,0.018077619321131635
8336,-0.0010328734571816854
8337,0.016546951897451895
8338,-0.0011962668531205146
8339,-0.02167416799166239
8340,0.02127747250042446
8341,0.016016895900960882
8342,-0.000285200990599155
8343,-0.01706057628861625
8344,-0.008081866294861838
8345,-0.025434756922995887
8346,0.013435013298926332
8347,-0.02237381470449731
8348,0.004185580490267104
8349,-0.011700037543498415
8350,-0.019892233311979774
8351,0.00350442066811908
8352,-0.00453523682800242
8353,0.01193301852522904
8354,-0.017656657268556385
8355,-0.01048628285401444
8356,-0.03339491278457275
8357,-0.03053829545131307
8358,0.025422553349397872
8359,0.029432947813811054
8360,0.0014581090070022772
8361,-0.011420909370006869
8362,-0.004038508059927818
8363,0.012430234000214393
8364,-0.007072801180180029
8365,0.00349428632129716
8366,-2.408022601243075e-05
8367,-0.007837537845116128
8368,-0.007238661833437804
8369,0.004276775074027139
8370,-0.013571630829480305
8371,0.006502659730356365
8372,-0.006471253461763144
8373,0.0019448701616930895
8374,0.01960198181929742
8375,-0.0022081969411392242
8376,0.01307983911047646
8377,-0.025025677943934926
8378,-0.006454167535132108
8379,0.0005442301150426185
8380,0.027180940047214858
8381,-0.027385203431601116
8382,-0.0011967356636615979
8383,0.02062389887529466
8384,-0.010875591734292062
8385,-0.002835553212808446
8386,0.004816609130562112
8387,0.002747793303344605
8388,0.02215666482089651
8389,0.006456914408471956
8390,0.018812429829783064
8391,-0.0049035135191286385
8392,-0.010250368083038943
8393,-0.003016598764281948
8394,-0.0161320334822737
8395,0.006949251031655231
8396,-0.005267023691768101
8397,-0.009284513530133844
8398,0.007162085838638771
8399,-0.015915817844406512
8400,0.010981912756491602
8401,-0.006566219865306593
8402,0.0164422641702941
8403,-0.005363409816640989
8404,0.009034472592194342
8405,0.0026782918064601822
8406,0.010608136736170578
8407,0.0017000863573418611
8408,-0.02321815052498419
8409,0.014330275326548151
8410,-0.0010769189443808318
8411,0.011249087017867079
8412,0.009854195222822736
8413,-0.010710852421655521
8414,-0.012699131686986354
8415,0.009363917302364605
8416,-0.004105956962121021
8417,0.013313445282694287
8418,-0.0023488374707842387
8419,0.014535656134452834
8420,0.006103246357398867
8421,0.004201657200246505
8422,-0.005100275151319186
8423,0.0034211303951181752
8424,0.01691659211179229
8425,-0.0006066491898992674
8426,0.007618986530286799
8427,0.0008065930085743976
8428,0.0019060420477798952
8429,0.02437175518223486
8430,0.017041332166259443
8431,0.001270908771987794
8432,0.003168574486786526
8433,-0.009707206699049929
8434,-0.0022753563408917828
8435,0.004502680667655859
8436,0.012107601790447692
8437,0.010682877258727666
8438,-0.015431647477406229
8439,0.013883284146552108
8440,-0.001092245770218282
8441,-0.01371359672460127
8442,0.018933439560580974
8443,0.02071650064149318
8444,0.003861216077186876
8445,0.010114811085163853
8446,0.010939013301278519
8447,0.019767924821299146
8448,0.010385653644674423
8449,-0.018500916694006782
8450,0.028396076952004537
8451,0.01512929355868877
8452,-0.0070044429933233685
8453,-0.014312666543537543
8454,0.007248573423424238
8455,-0.003754822894877976
8456,0.004792108410880536
8457,0.010601180762940218
8458,-0.007804224681131403
8459,-0.015527885657797716
8460,0.005576509709305385
8461,-0.007339764274236451
8462,0.0022080343576812134
8463,-0.01872065708081617
8464,-0.0033883962042497
8465,0.010201344595357693
8466,0.008669453234341476
8467,-0.010922489705644767
8468,-0.016260763613077718
8469,0.0003766663414475027
8470,0.008038542687231245
8471,0.005848500966116665
8472,-0.007041477808828947
8473,0.004340057226147189
8474,0.021265585693166025
8475,0.0030377629746234534
8476,-0.022793098480833444
8477,0.0030104418537143245
8478,0.028875926469667572
8479,-0.017934674842825366
8480,0.000572839644312021
8481,-0.003025201685678347
8482,0.0015024662956718419
8483,0.00288470598188824
8484,0.016173535884274177
8485,0.0013464986827855315
8486,0.018102639110438253
8487,-0.0014980823597173498
8488,-0.00476480246830272
8489,-0.009247896356912616
8490,-0.02537772792205398
8491,0.004030318471114417
8492,0.029017050648382423
8493,0.006594080967360006
8494,0.009805027123724915
8495,-0.0056485684225220725
8496,-0.0032781009031202595
8497,0.013990901565785993
8498,0.02838042199771102
8499,0.02106313748214945
8500,0.011470097564357776
8501,0.0006490821984278275
8502,0.0031020379552979273
8503,-0.010432784020171823
8504,-0.020193836862079158
8505,-0.015678101861519595
8506,0.0008549297556323186
8507,-0.003947781919383816
8508,-0.020492772122716964
8509,-0.00036928928174131167
8510,-0.0043192776948257315
8511,-0.016325182748716468
8512,-0.0050464269667816145
8513,-0.0043547252073170605
8514,-0.00850954579375135
8515,0.013176314590698795
8516,-0.026583555157721723
8517,-0.027748392554497642
8518,0.00020133242612123685
8519,0.0015058981074750094
8520,0.005835011419081354
8521,-0.007418251358947998
8522,-0.012743090556111718
8523,5.2359052968068264e-05
8524,-0.006049695366863677
8525,0.02195012008664213
8526,-0.004400733485118058
8527,-0.0005921717799101619
8528,0.03493862482560675
8529,-0.0025815210827433888
8530,0.007970028285480232
8531,0.009236811641623365
8532,0.010432489124287282
8533,0.004222906962226421
8534,0.0028789257537722088
8535,0.0015650143914397404
8536,-0.007938445290664248
8537,0.004729205926613641
8538,0.028660781301467233
8539,0.017167119930139904
8540,0.004425681468991136
8541,0.012180897607633325
8542,-0.01205810703318318
8543,-0.003505437605887635
8544,0.013473921923491774
8545,0.021052166841823865
8546,-0.010676702813419911
8547,-0.006640003445459366
8548,0.030806873983135936
8549,0.0015077818636152307
8550,0.025776224728689377
8551,0.0030618280809288356
8552,0.0036143767064501188
8553,-0.004137458546316075
8554,0.013399523141983985
8555,0.0192340417489861
8556,-0.014388223947174567
8557,-0.004797314639952692
8558,0.013013434071302022
8559,-0.0016651971535869608
8560,-0.00677766872053308
8561,0.014340794522718145
8562,0.015660390387351213
8563,-0.0061630064415752325
8564,0.0031392410329497316
8565,-0.01682578244911335
8566,-0.012427733091184376
8567,0.0018998760783459573
8568,0.0005964761190894686
8569,-0.013430946079314787
8570,-0.00990538163258657
8571,-0.014810362589094635
8572,0.006549458577622348
8573,-0.02749321929347015
8574,-0.014059066370747036
8575,-0.02602205500309587
8576,0.006043051196710416
8577,-0.025176039287459637
8578,0.0006010064928849933
8579,0.023193016409968785
8580,0.023669503999798745
8581,-0.02522063917717285
8582,0.004348279619359779
8583,-0.013741417961189842
8584,-0.01661024908707715
8585,-0.0014392667234052322
8586,0.017414557165601797
8587,0.008581298958019056
8588,-0.009893676743894063
8589,0.01006198281309124
8590,-0.03137241866222038
8591,-0.010424893779606172
8592,-0.011421791509405593
8593,0.0012556892081384738
8594,-0.0026948852948706116
8595,-0.0018327261427274952
8596,-0.002299918223945645
8597,0.0004700185365353665
8598,0.007744839568542025
8599,0.002253494500816637
8600,-0.0038404218238390535
8601,0.005800348264642486
8602,0.011763478675800645
8603,-0.007657863770401296
8604,-0.0006795384040100621
8605,0.016481750698401555
8606,-0.015340335182426867
8607,0.02551402593940961
8608,-0.01866204156912597
8609,-0.0046977461825943225
8610,-0.013196480576380308
8611,0.03089892854218381
8612,-0.006917686242061316
8613,-0.006882432696213202
8614,-0.0050544325470374294
8615,0.0014985297344187198
8616,-0.0044599541515098875
8617,-0.0017121035731768512
8618,-0.049435709489112856
8619,0.0009583463771075486
8620,0.0004053726996964698
8621,0.014748663867588975
8622,0.0185494979600125
8623,-0.002482427226010234
8624,0.011624446144561934
8625,-0.015323587184145662
8626,0.01093751166761372
8627,-0.007889010487631238
8628,-0.01649167412936673
8629,-0.002452646606317285
8630,0.019833971244781968
8631,0.0026985704835082317
8632,0.021183140699883907
8633,-0.010365693408738146
8634,0.014879094674191814
8635,-0.009008697575916417
8636,0.0033213792457316934
8637,0.003199891749403746
8638,0.00945014650291454
8639,0.0036784565199081505
8640,-0.010231526732470162
8641,0.01252483957067909
8642,0.02448762198192201
8643,-0.00804818115490745
8644,-0.025632693969164712
8645,0.007171376143899111
8646,-0.004498435940300453
8647,-0.0016870363285587556
8648,0.007970321829842539
8649,-0.006257859172449876
8650,-0.003622624966865434
8651,-0.001251672378581037
8652,0.020807483604804295
8653,0.000577686618210782
8654,-0.017207967546277275
8655,-0.01664878469728544
8656,0.0021115583225793187
8657,-0.015715052421715718
8658,-0.021797624136184503
8659,0.009085428071954614
8660,0.009773425871269462
8661,-0.0050177270021094225
8662,0.004281530392214941
8663,0.0027985628262446544
8664,0.008620088428003556
8665,0.008652835818741893
8666,-0.03646020762555948
8667,-0.0032242211774739667
8668,0.007432518866143306
8669,-0.005612389418283287
8670,0.0006638652707120187
8671,0.010703660692888625
8672,0.001292287054497012
8673,0.02134376776026519
8674,0.015991066191476024
8675,-0.0015108481115510507
8676,-0.002627693690408736
8677,-0.03989631077829486
8678,-0.0044327000170731705
8679,-0.018860363998925548
8680,0.0032637801211008446
8681,0.0023032325632642288
8682,0.009933014291653424
8683,0.019780547597918776
8684,-0.00021396415487062284
8685,0.03219854681470919
8686,0.003421465259841496
8687,-0.018255409639194517
8688,-0.007742819224777984
8689,-0.00508250698785686
8690,0.008475466571696899
8691,-0.013155167660149571
8692,-0.004031861076855463
8693,-0.0021077035627447387
8694,-0.0061416300565852585
8695,0.011556806196451977
8696,0.00916672187698695
8697,0.016547238961588044
8698,-0.0044962549578369876
8699,0.017052538792112576
8700,-0.01901111174737886
8701,-0.01935378992840131
8702,-0.01690063351508467
8703,0.00028460062365789234
8704,0.017050438772867136
8705,-0.008305867737567774
8706,-0.006543119347910854
8707,-0.0028802251273903133
8708,0.00820428531025373
8709,-0.0065562139651134345
8710,-0.007340173211442732
8711,-0.018749727299193438
8712,-0.007878405951755998
8713,0.01670032523320326
8714,0.001432813451691913
8715,-0.010240940883786324
8716,0.017524901402588205
8717,-0.008067994962351268
8718,0.020107739460153373
8719,0.019878016260945815
8720,0.0009422122516544994
8721,-0.020901782159930004
8722,0.03232619536215765
8723,0.005596991086075231
8724,-0.004395952793506095
8725,0.013590241649668348
8726,0.01002360507264477
8727,0.01857587836332672
8728,-0.009151851278844169
8729,0.0046302072729848
8730,-0.016508153255338626
8731,0.009518193409537773
8732,-0.00016725595759772634
8733,0.00410377777842781
8734,-0.001901278461185879
8735,-0.0033716200036113773
8736,-0.012044832045701568
8737,0.011261932064629736
8738,0.02108781342309135
8739,-0.007666891444521795
8740,0.00793326436785544
8741,0.006228012047012924
8742,0.00026894886465991135
8743,-0.021295874837147278
8744,-0.018134298727561463
8745,-0.010818845192727265
8746,-0.029901170632331667
8747,0.01994017683523639
8748,0.005321962519698387
8749,-0.00026583712149615883
8750,-0.030621046955873917
8751,-0.025473051193639056
8752,0.000122261926180675
8753,0.027843601135469794
8754,-0.00966187207408778
8755,0.012292863400711892
8756,-0.006588210811251817
8757,0.0009313592966161636
8758,0.017223353390780596
8759,-0.004705994709125631
8760,-0.009541881840837587
8761,0.02008125193132242
8762,0.0007953200800906033
8763,0.015488285394322392
8764,-0.009473647305964105
8765,0.019921115612805556
8766,0.004000049500979412
8767,0.006264602306112959
8768,0.0020047579648076377
8769,-0.006947545128350485
8770,0.00013151596381610697
8771,-0.006063916978145265
8772,0.013638271926756136
8773,-0.002698105958120737
8774,-0.020873084684467896
8775,-0.02344334520547308
8776,-0.024107905094539462
8777,0.008838609309715676
8778,-0.016025258814056108
8779,0.004371832465727811
8780,0.002074245777060856
8781,-0.0007540940227868185
8782,0.006315434874033824
8783,0.0023795721912378545
8784,-0.03792074200789903
8785,-0.004392274324231719
8786,0.006128520176490308
8787,0.023203678656265794
8788,0.023852506267853252
8789,-0.01899921609274303
8790,-0.004759020611350668
8791,-0.021851179186602575
8792,0.021511903805043652
8793,0.01438736212347091
8794,0.005081465424416003
8795,0.0024890523755402003
8796,0.019555169559413596
8797,0.017176159092936242
8798,0.016427485488153433
8799,0.0065722221295951835
8800,-0.004752036993628557
8801,0.010934455305350201
8802,0.011621816025677715
8803,-0.002523589952995521
8804,-0.004780429827856644
8805,0.016079970593666736
8806,0.02353857344466707
8807,-0.01037501052950199
8808,-0.0035456885705974933
8809,0.00508631587336103
8810,0.006992632404843211
8811,-0.007184895167137972
8812,0.026621547138946298
8813,0.006086254960390376
8814,0.007621922809520227
8815,0.02487021039055876
8816,-0.006154850002360903
8817,-0.0010874429090442358
8818,-0.017455958416156808
8819,-0.0022666292881148883
8820,-0.020766578093634636
8821,0.010663604957094815
8822,0.0060567675644124415
8823,-0.003738091273587591
8824,-0.0012559467320822275
8825,0.010854945776063584
8826,-0.015804533905931662
8827,0.003024037141171882
8828,0.009984359365485465
8829,-0.02488855197626699
8830,0.009779602972641391
8831,-0.02336801102554905
8832,-0.001497222757035297
8833,-0.016192286681155788
8834,0.020266395513086975
8835,-0.01610418275833324
8836,-0.023032564386652087
8837,0.0020289663997427585
8838,-0.005658006216699712
8839,-0.02098687415188365
8840,0.007543680835647641
8841,-0.027828487399853778
8842,-0.014405630199042412
8843,-0.00792754646114729
8844,0.011427630440762533
8845,0.018358501119197693
8846,0.015650962395836257
8847,-0.0019985723323383406
8848,-0.033952282093121317
8849,0.005647252989428199
8850,0.020819003083245666
8851,0.017491830166545375
8852,0.006660313406283463
8853,-0.016559195991256364
8854,-0.007226215779970681
8855,0.027328252560765938
8856,-0.01975208440815452
8857,-0.015973786815504733
8858,0.013399472692071023
8859,-0.0059032938012281815
8860,-0.016450329607282658
8861,0.02162552609755156
8862,0.006633713377355247
8863,-0.0052097362461296925
8864,-0.015944750800632387
8865,0.028924398594632805
8866,-0.00018842390333382444
8867,0.019789787764275587
8868,0.01271209885717455
8869,-0.007164312490134794
8870,-0.007052455872445893
8871,0.0204781287520504
8872,0.020705798079746762
8873,-0.026218417386590108
8874,0.007880427109905289
8875,-0.0015480938782565059
8876,-0.01436463044974498
8877,0.003833100503888392
8878,-0.01880876527645175
8879,-0.006399258867800229
8880,-0.011064631843834632
8881,-0.006867680080619318
8882,-0.0008492215963492797
8883,-0.014115124080439512
8884,0.022260766482699916
8885,0.007086556278943927
8886,0.025371554910951447
8887,-0.0020942096942325314
8888,-0.007556187757393525
8889,0.02486362770263143
8890,-0.007967473512396973
8891,-0.0023501172737156175
8892,0.010272944543858615
8893,-0.017236804524190318
8894,0.01014995517744082
8895,0.00835209276490528
8896,0.017991150748745924
8897,0.012661667258231599
8898,0.0184218734129034
8899,-0.0013964368406458327
8900,-0.011966693407043786
8901,0.02980372846291723
8902,-0.021297278336314573
8903,-0.019889558372769282
8904,0.008096087207549046
8905,0.02298873542585235
8906,0.0028186453262352765
8907,0.014196928367904925
8908,-0.02788896056584628
8909,-0.006864219156004376
8910,-0.026176710010588623
8911,0.011121145977510329
8912,-0.021585836915502955
8913,-0.017800173864871614
8914,0.007378013137948125
8915,0.01507544046535294
8916,-0.0020785863254707566
8917,0.008166969742092809
8918,0.007711919595053853
8919,-0.0028719193140220815
8920,-0.015227147212547969
8921,0.008092762138250924
8922,0.008770107063138334
8923,0.012717591024819517
8924,0.004540179148377288
8925,-0.016264073373732788
8926,0.009855511635301323
8927,0.00013575574186677964
8928,-0.006628047471620343
8929,-0.003984928257527252
8930,-0.009544021475170847
8931,0.012644795222233515
8932,-0.01977154860054389
8933,-0.013804855630598611
8934,-0.004464606700887295
8935,0.022830863447593466
8936,0.014969438338298582
8937,-0.02290119519527568
8938,0.01914368379435906
8939,0.019116608258573208
8940,-0.016341475110244044
8941,-0.035275235926425105
8942,-0.0008596637065284786
8943,0.01592696522487855
8944,0.022514859838628946
8945,-0.0120813111400653
8946,0.024773184760313486
8947,-0.031150742301396358
8948,-0.0050165196919912634
8949,-0.005707294688231918
8950,0.016347283851111026
8951,0.018398324603121723
8952,0.013563483853542288
8953,-0.018822160025909584
8954,0.012276296867089887
8955,0.007307990940937783
8956,-0.023328272145232292
8957,-0.028889586945671005
8958,0.014740520890264824
8959,-0.002375512345543582
8960,-0.017903638893127762
8961,-0.0027699762891230367
8962,0.005270503661546376
8963,-0.0010090247222795078
8964,-0.02165264960026196
8965,0.02665015993473911
8966,0.014265981470483007
8967,-0.004557411107024664
8968,-0.003991375371738165
8969,0.005206517307561797
8970,-0.01571776992200003
8971,0.004689266273243632
8972,-0.018543691853572675
8973,-0.0008359530430601383
8974,-0.01626507927332509
8975,-0.015555651375859956
8976,0.023280116320398687
8977,0.0009873776992096938
8978,0.003069544744524093
8979,-0.02810784344394435
8980,-0.008233638242213757
8981,0.006635907394293422
8982,0.0028830775869679334
8983,-0.030112296551172254
8984,0.0030657709372789986
8985,0.005305881565271809
8986,0.018194008487726364
8987,-0.009051851035245551
8988,-0.03134937957512454
8989,-0.013851012402231924
8990,-0.015260302632369925
8991,0.01050706399122427
8992,-0.03801919905223867
8993,-0.006144941338402209
8994,0.020189799026393913
8995,0.00025650834537107654
8996,0.01274980298285189
8997,-0.022914649980605988
8998,-0.02235527433491511
8999,0.020350646902835858
9000,0.0015773948741433473
9001,0.0016063269665735405
9002,-0.015556618765811854
9003,0.0015713016046914427
9004,-0.015947037443723954
9005,0.01683253199888798
9006,0.03848541277994938
9007,0.006955284169579787
9008,-0.008766819080317402
9009,-0.035446665683045046
9010,-0.023514170352829884
9011,0.022003381453861916
9012,-0.014306579003193398
9013,-0.005055642972131771
9014,0.009363508024685071
9015,0.020983631892826794
9016,-0.002649343622866749
9017,-0.005531034856572275
9018,0.001161548552581341
9019,-0.008664122357112374
9020,-0.007907887398878757
9021,0.005942716293201538
9022,0.002758795163026589
9023,0.03010752147181217
9024,0.006321668328020113
9025,0.016330541754369637
9026,-0.014898055599965314
9027,0.007534436192420848
9028,-0.010003846774288325
9029,0.005711893522868513
9030,0.00982985964121304
9031,0.0008558966355024563
9032,0.03398182078006064
9033,0.020220491765152854
9034,0.016697284195171542
9035,0.010894568017257342
9036,0.024933115475185893
9037,-0.020036484455422228
9038,0.01940976436369376
9039,-0.013773357354735548
9040,-0.0077746775175177255
9041,0.008043596285774036
9042,0.017483817378083133
9043,-0.0160543781273293
9044,-0.007046888123882752
9045,0.0015256388932961844
9046,-0.0024635692486970682
9047,0.012155636617375929
9048,0.04843527214880733
9049,0.006047268132578575
9050,-0.010175487749079226
9051,-0.018062790099885987
9052,-0.004415159701292707
9053,-0.013056806607766095
9054,0.006724961529720776
9055,0.00650676686028286
9056,-0.006353069312179819
9057,0.028046857490784474
9058,-0.010179013017186808
9059,-0.001523029610342138
9060,0.009136388477903497
9061,0.01268991636532776
9062,0.018107092950714443
9063,0.006176201933817557
9064,0.014922114848082091
9065,-0.009190638944599979
9066,0.013055637003313234
9067,0.012868009317806373
9068,0.021413565429669976
9069,-0.023288950384218774
9070,-0.012592167216326508
9071,0.011721568882887863
9072,-0.037100619574287445
9073,0.007068611611521494
9074,0.015047057358081813
9075,-0.007943803783603607
9076,-0.005889674410559773
9077,-0.014938133017749185
9078,-0.007173383581869885
9079,-0.00676618907357403
9080,-0.009439816527362224
9081,-0.010210360038475677
9082,-0.0036528753349045202
9083,-0.0038228925013801514
9084,0.026489620919313183
9085,-0.005383750347623322
9086,0.00499100617047867
9087,-0.007950938021682596
9088,-0.008129572703283107
9089,-0.023793886461697795
9090,-0.021924969977607723
9091,-0.016805035106583384
9092,0.002736387393424321
9093,0.015277070423502832
9094,-0.024950244598557936
9095,-0.0075602182907871015
9096,-0.019051771642065746
9097,-0.0035583408491446553
9098,0.015271391326725206
9099,-0.006124228531584353
9100,-0.0005125250697095694
9101,0.020603377224935243
9102,0.006589380066446339
9103,-0.010525306965137794
9104,0.0023881682095670256
9105,-0.011473184587114719
9106,0.006063586257224155
9107,0.007396490211668106
9108,-0.01905555138474219
9109,0.0026162829273454727
9110,-0.0014969245008552355
9111,0.0078087239618613215
9112,0.011836877052857006
9113,0.006864069239148171
9114,-0.004105174627568352
9115,0.013269895894219062
9116,-0.012112723548900639
9117,-0.018400219292184196
9118,-0.04474356985046049
9119,-0.0008304270585718725
9120,-0.011388839145369834
9121,0.005744229130225405
9122,-0.027543639029436198
9123,-0.008938699969547374
9124,0.006763183347143881
9125,-0.014315632460369565
9126,0.005905853892573552
9127,-0.007671869011751048
9128,-0.0003058455583095232
9129,0.008518054787205926
9130,0.01354343745761346
9131,0.0014548238401847233
9132,-0.011282944629447145
9133,-0.006280994102473748
9134,0.009105372451307091
9135,-0.014195034145637244
9136,-0.002346949698062418
9137,-0.005267107798815743
9138,-0.0012972312480837639
9139,-0.01402682227366215
9140,-0.025867527354510263
9141,0.007472403177189916
9142,0.013702703355784874
9143,-0.025027674691931477
9144,0.005339146606777866
9145,0.01537556138752951
9146,0.008528636171578261
9147,-0.0056996999581694525
9148,-0.01310242473742864
9149,0.0012930296241044055
9150,0.0036369263046321003
9151,0.001501406132622329
9152,-0.002376008774711513
9153,-0.015057773213697065
9154,0.006094587891800983
9155,0.006771397722607659
9156,0.0029770242789408695
9157,0.0017147948588112187
9158,0.023751220882173386
9159,-0.008618327903763653
9160,0.018161311924659015
9161,-0.010159019768437442
9162,0.015737636934332756
9163,0.017485888359795074
9164,-0.0039626616959257885
9165,0.02349426813749284
9166,0.006745843465299368
9167,-0.012171875866457566
9168,-0.005102318185609051
9169,0.016072228702955122
9170,0.01312565224703128
9171,-0.014711945971600868
9172,-0.001801619081383863
9173,0.0030149755116406396
9174,-0.006977469409568233
9175,0.033285903721333804
9176,0.003438499928901446
9177,-0.0007133950558891957
9178,0.01688846553512998
9179,-0.004976654333550187
9180,0.0143110819116252
9181,-0.023279063760487995
9182,-0.006219380637543193
9183,0.014896227923924749
9184,0.022218874479075737
9185,-0.010710841629989653
9186,-0.012348211513656048
9187,0.008128664179551225
9188,-0.00859943011897587
9189,-0.0036187740890557193
9190,0.012470011441762775
9191,-0.007490317170831182
9192,-0.027462116957285964
9193,-0.018127091469492828
9194,0.00029505347488353233
9195,-0.026028822238772467
9196,-0.004020402522107915
9197,-0.019405952308163922
9198,0.023198847678583996
9199,0.030578772367545592
9200,-0.014714147863078057
9201,0.003763019595125243
9202,-0.013339999390267665
9203,-0.004191201713421794
9204,0.025496702228345856
9205,-0.00640253559212367
9206,-0.0038641077584121086
9207,-0.013088835447577767
9208,0.016260899875764692
9209,-0.045698794499493774
9210,-0.0060668268229775784
9211,-0.0004896087043833575
9212,-0.009133999362569567
9213,0.012289315290352083
9214,0.017045509030801737
9215,-0.019686182330641178
9216,0.02957189530074342
9217,-0.019843831051342378
9218,0.018262421039017877
9219,0.002260473518548746
9220,-0.006922619295506389
9221,-0.00559707798671276
9222,-0.0003157446069095804
9223,0.0030837561518682896
9224,-0.012774433189587452
9225,-0.0031320570470613667
9226,-0.010673985957842783
9227,-0.016918167615551594
9228,-0.011329334524457432
9229,-0.01600376445700664
9230,-0.005748665874669262
9231,0.006232104993971365
9232,0.001851329686607699
9233,0.0278977672090257
9234,-0.030905129882791947
9235,0.006750130304823302
9236,0.0002453763655560739
9237,0.011616594991096046
9238,0.01022260899305745
9239,-0.002163227833342022
9240,0.0025811802921922897
9241,-0.010300163990809512
9242,0.008778317223563214
9243,-0.026245959493331975
9244,0.01107077791995873
9245,-0.00017046075946140627
9246,-0.006688814715281307
9247,-0.003112289912859623
9248,-0.002081791854505564
9249,0.018384291243019598
9250,0.045590761257985335
9251,0.017296238435067033
9252,-0.007788541716115736
9253,0.009004573109243557
9254,0.009616480777217235
9255,-0.012844780465110355
9256,-0.017561022816847342
9257,-0.0007340331021229413
9258,0.011504706153243106
9259,-0.022493243057225283
9260,-0.00997457066484891
9261,0.008201806414458392
9262,0.0007414435153161415
9263,0.020056002229308267
9264,-0.019676738862492396
9265,0.0332067261866699
9266,-0.02145601628505721
9267,-0.02835773421749439
9268,-0.0006726538303727272
9269,-0.015785744753845806
9270,-0.00038941510654678837
9271,-0.0008808148956221567
9272,-0.0025957691493759903
9273,-0.01168201902144835
9274,0.006234651796891455
9275,-0.004303916403638705
9276,0.015663364623413233
9277,-0.0023793477379937143
9278,-0.013399629826432648
9279,-0.02355978783020649
9280,-0.0022632422910905435
9281,-0.017679129950131822
9282,-0.01881389497785605
9283,0.007566755026974894
9284,-0.024823858409944985
9285,0.01999866849943638
9286,0.0023994248863607012
9287,-0.0004608948794827321
9288,-0.014384903712086243
9289,0.010895777911573075
9290,0.00011434323943966612
9291,-0.009485559498773485
9292,0.0029630088577392664
9293,-0.02349058258982959
9294,-0.022823719559486078
9295,-0.015585189181763518
9296,0.005066562079514077
9297,0.0001093775872116065
9298,0.014894947085458844
9299,-0.012772121720745417
9300,0.008230136187729054
9301,-0.0014448957464680743
9302,-0.013096085029035953
9303,0.005569332217277455
9304,-0.0007724068932376877
9305,-0.00868493800781128
9306,0.0007453143503354142
9307,-0.0016649406868397324
9308,-0.0020043935813141983
9309,-0.0056424113829662585
9310,-0.01818138811161599
9311,0.0012057320704072845
9312,-0.011124219423919023
9313,-0.014182040454420487
9314,-0.0032270439318922923
9315,0.010469373045327742
9316,0.002763319619725451
9317,-0.007308209453353906
9318,-0.00787313587127582
9319,0.009089324162967063
9320,-0.033522691414723894
9321,0.01135937639828724
9322,-0.02617766506337478
9323,-0.019733513509003476
9324,-0.007071070189936279
9325,0.030648770842690052
9326,0.02372550475009944
9327,0.010082410372346664
9328,0.005165135260920659
9329,-0.026012716626258273
9330,0.002357857287631828
9331,-0.007562251791974299
9332,-0.011320308246390512
9333,0.002330385482144569
9334,-0.006464663984354894
9335,0.01237016844868882
9336,-0.027048003941167624
9337,0.001209188842455335
9338,-0.012197516887959038
9339,-0.00560085643793584
9340,0.004435635548721919
9341,-0.01554474569054014
9342,0.002462878244198487
9343,-0.0028285189333764503
9344,-0.009127107573479972
9345,-0.006457110946702463
9346,-0.0020165316290957315
9347,-0.010634131399789675
9348,0.0002548504379547684
9349,-0.0037536507608920697
9350,-0.008434305321793244
9351,0.022494910348105506
9352,0.005989926762904361
9353,-0.0052225381675088224
9354,0.0022047272563324397
9355,-0.014273252849793852
9356,-0.005982156188391122
9357,-0.004342422368451113
9358,-0.01736422541108952
9359,0.0055980869907988
9360,-0.006949480316532757
9361,-0.00483969573509571
9362,-0.007836233707240415
9363,0.04173497265161942
9364,-0.00915560812235546
9365,-0.028912956431622835
9366,-0.0223263626763114
9367,0.010824541136771556
9368,0.018934394423167154
9369,-0.009425145541157209
9370,0.01812638781034825
9371,0.010575651323925907
9372,-0.0025073275512379387
9373,-0.00350451202423168
9374,0.002696669163793795
9375,0.012484776774627327
9376,0.00573776667492867
9377,-0.00935504390783433
9378,-0.0022927170421170534
9379,0.02799498536254883
9380,0.003685105395782708
9381,0.012370532115653147
9382,0.0077413831722621985
9383,0.003996262179054
9384,0.0016825501329845187
9385,0.012764891666229591
9386,0.010253199653893945
9387,0.003863274568490672
9388,-0.00959327703744625
9389,0.005572861051078012
9390,-0.0007864033365947216
9391,-0.004176311416003047
9392,0.037796117699803476
9393,-0.021470894967869254
9394,0.013623753814469154
9395,-0.011966702196945758
9396,0.0019986620919019414
9397,0.03624779905786819
9398,-0.013367614379945898
9399,-0.010016371036756413
9400,-9.093310007837256e-05
9401,-0.011749549724941435
9402,0.012577524437581492
9403,-0.007355805254198342
9404,0.00934501148509257
9405,-0.01852200602471996
9406,-0.025233621867948808
9407,-0.0030624319137399626
9408,-0.021884804888593474
9409,0.02148919421839324
9410,-0.02134094879815468
9411,-0.01442594473746863
9412,0.005967162730116111
9413,-0.008084160540438683
9414,-0.02118054303464439
9415,0.028819821282661792
9416,-0.013919345813467092
9417,-0.0026025644143624484
9418,-0.0027843171805859226
9419,0.010136106913244125
9420,0.0066519309669191215
9421,-0.011462674397370051
9422,-0.004423215509347336
9423,-0.0030334499529286736
9424,0.010679204201544834
9425,-0.01626157221714141
9426,0.028512744274104652
9427,-0.010512541576221826
9428,3.221947076027557e-05
9429,-0.016144488022345894
9430,-0.018085984727185037
9431,-0.012131912806567904
9432,-0.01348219385320928
9433,-0.00566579139577605
9434,-0.01360081438739439
9435,0.009928751968368756
9436,-0.01084697561209777
9437,-0.012404331399884968
9438,-0.005366659741950298
9439,0.01410608760967248
9440,0.0031745054449156557
9441,-0.001245630393886309
9442,-0.01998133875942742
9443,-0.015901663463200506
9444,-0.017808479652105524
9445,0.018518447903312363
9446,0.007610396528733027
9447,-0.011951941951962784
9448,-0.007775134540807225
9449,-0.011441444450934745
9450,-0.012292561474673018
9451,0.0066231052025288745
9452,-0.003885167639684996
9453,0.029398795523327793
9454,0.017724656160557056
9455,0.018555391070472653
9456,0.009588768434433187
9457,-0.005783853173612511
9458,0.008555050806720645
9459,-0.004746478130233745
9460,0.023063068163347505
9461,0.005835914189475166
9462,0.003841731863842746
9463,0.001940729981704897
9464,0.024608603484809886
9465,-0.019991253025685003
9466,0.025985956132134634
9467,-0.0024605875484609743
9468,-0.01960341115216796
9469,-0.010414550900001474
9470,-0.02304123940298033
9471,0.009340052769342666
9472,-0.01443446366801741
9473,0.0025252042739033493
9474,0.016092669831400213
9475,-0.009287717685341503
9476,-0.0036121104963441225
9477,-0.018159159556847704
9478,-0.005301857431772612
9479,0.03632418477791539
9480,0.011086329128561686
9481,-0.003564710764861005
9482,-0.008440003213043935
9483,-0.0004439032477487507
9484,0.001982576760140142
9485,-0.005733417053412736
9486,0.007603315568025577
9487,-0.013242253406059128
9488,-0.013311670663533311
9489,0.005356982185244644
9490,-0.016266066446837806
9491,0.010398984735990381
9492,-4.5502684618228074e-05
9493,-0.025529796464683906
9494,0.0016937945425788512
9495,-0.023523760677153262
9496,0.009897973288819088
9497,-0.003339659873930018
9498,0.026165765234912063
9499,0.015208768493957546
9500,-0.014749212156619111
9501,-0.028239365994531175
9502,-0.010455181311374224
9503,-0.01700541475652073
9504,0.02580961281681468
9505,1.0225105511363824e-05
9506,0.013271143437503569
9507,-0.0038499641747553916
9508,-0.002369444707643127
9509,-0.0003032981910817865
9510,0.015703755072094792
9511,0.0045339730225314005
9512,-0.014702017737617134
9513,0.022954001256609704
9514,-0.003959349683449421
9515,-0.006245601921438465
9516,-0.03960377431921082
9517,0.009069459893267153
9518,0.001574546258195579
9519,0.0015592724609374297
9520,-0.005505149110715185
9521,-0.007927540414933742
9522,-0.0050380159364890684
9523,0.006663290387193706
9524,0.009135757663667969
9525,-0.003091189949188921
9526,0.013489205094155908
9527,-0.0009545476250549683
9528,-0.006930000870155669
9529,0.0029432085125216433
9530,-0.018946324720832065
9531,0.0034252151108127037
9532,-0.02151488753122854
9533,-0.014285995121842391
9534,-0.028210581995986948
9535,-0.0023055026271554414
9536,0.02277301116402919
9537,-0.0014899465442797294
9538,0.009198534460190057
9539,0.033208819359898625
9540,0.00583277317714116
9541,-0.010597253555746504
9542,-0.008663149794460211
9543,0.00016441090633392938
9544,-0.008737988949467713
9545,-0.007686825548683647
9546,0.013999507029300771
9547,0.014574248764350095
9548,-0.02298623066499699
9549,-0.011341388161384552
9550,-0.00636481897115981
9551,0.008573290585224751
9552,0.01621714631043942
9553,0.03812200068503873
9554,-0.006388269735285682
9555,-0.005686470924623965
9556,0.008425483302696404
9557,-0.009431040554122605
9558,-0.0018255706417931626
9559,-0.005676766845808049
9560,-0.036683140171270466
9561,0.001886780005519416
9562,-0.002407292151478773
9563,0.018017929241083103
9564,0.0002323107985588646
9565,-0.017475985378432566
9566,-0.0034715272631774172
9567,-0.029227793913829035
9568,-0.016860110938917434
9569,0.009085006205333871
9570,-0.003320354599221453
9571,0.013117833087869384
9572,-0.02748272354671601
9573,-0.0032517964857726516
9574,-0.006526525779623869
9575,0.013586316599716009
9576,0.009608522008703761
9577,0.009179800520847995
9578,0.02181436290726739
9579,-0.005017032509748816
9580,0.018915117714059466
9581,-0.014517553303372621
9582,-0.015032846123599257
9583,0.010732418452909101
9584,-0.02098877827389422
9585,0.008203407159050942
9586,0.0015787695087116655
9587,0.015216354705163386
9588,-0.0006801178096050562
9589,0.0009427366544036024
9590,0.007311124778572486
9591,-0.009156091494084266
9592,-0.009768131466654284
9593,0.006821631248515704
9594,-0.00025637706597953283
9595,-0.005568229979889031
9596,-0.0010080828894336621
9597,0.022561195360588475
9598,-0.006069933412925699
9599,-0.006477445328496636
9600,-0.02383707652852617
9601,-0.00043996238506024586
9602,0.009385393829589818
9603,0.011905042032475723
9604,0.0016757871444737222
9605,0.013586105692516002
9606,0.010430082910969335
9607,0.015793838312564337
9608,0.0139861404388348
9609,0.02221578981974559
9610,-0.0022292900233043715
9611,-0.018492060914053633
9612,0.009481439442830092
9613,0.011123144544898652
9614,0.022216031468106485
9615,0.018159278085169567
9616,0.027492066338011868
9617,0.008865071509431091
9618,0.003370305626437609
9619,-0.019305998080910085
9620,0.0044843960450497095
9621,-0.007608366708431602
9622,0.003127205675499726
9623,0.0009211568455501157
9624,0.006783750362395621
9625,-0.0012124853108534386
9626,0.01329364540132273
9627,-0.038109378031259654
9628,0.0028248663585191927
9629,0.017052007805165526
9630,0.026432242939159283
9631,0.010440353702110652
9632,0.02383038078089333
9633,0.0025289747201574808
9634,0.00019538569024156238
9635,0.007594272657023186
9636,0.00011027743325462997
9637,-0.010838173337301667
9638,-0.007084762201477023
9639,-0.015472310558961483
9640,0.007579679442358012
9641,0.0003152346878803783
9642,-0.00490741647001566
9643,-0.0078076233133353365
9644,0.007251986766969799
9645,0.011121669009678958
9646,-0.01573031234664006
9647,-0.0179388039844959
9648,0.013567506815059967
9649,-0.019167591955727446
9650,0.007848200902567413
9651,0.022875243169056023
9652,0.022907921519867827
9653,0.01052341596102429
9654,0.01011503469334336
9655,0.03179795310712889
9656,-0.03264671626515203
9657,-0.006369474097592389
9658,0.012077788046967812
9659,-0.004584243331779911
9660,0.017575969456372853
9661,-0.0003978235018317996
9662,0.002006367554568331
9663,-0.00370444282968219
9664,-0.007186927015239124
9665,-0.007532581164662342
9666,0.003965468948809441
9667,-0.010728676599924327
9668,0.013549168528245208
9669,0.009333999066586513
9670,0.015603667598142646
9671,-0.015707975432855167
9672,-0.02372511830122946
9673,9.634570406220634e-05
9674,0.04088780499963322
9675,0.017947358530639848
9676,-0.007635668191273411
9677,0.006120215715369874
9678,0.010378886165238865
9679,-0.019072814279772185
9680,0.01940052899685942
9681,-0.0021974064969492043
9682,-0.0011190443985851415
9683,0.0004893734012426373
9684,0.016237725519859702
9685,-0.010456318101615262
9686,-0.02383041300400617
9687,0.004693184637485516
9688,-0.028561402550848623
9689,-0.004075810284262766
9690,0.016832585970235032
9691,0.008292329235460093
9692,0.014801880859189726
9693,0.008872060538091708
9694,0.034024098625558545
9695,-0.008110516718708159
9696,0.005749529388148382
9697,-0.0060011098249777165
9698,0.01359970333335682
9699,-0.0007100604142763721
9700,0.024307597524475245
9701,-0.0073036250935029036
9702,0.019927471364502233
9703,0.00848969207173413
9704,-0.0003009662882084669
9705,0.007777317913274988
9706,0.003826331771055047
9707,0.005156877192236753
9708,-0.0027516972508862558
9709,-0.009703244218098069
9710,-0.004553106671547381
9711,-0.0234956344384848
9712,0.011985841494415502
9713,-0.017200806754792113
9714,-0.002903116507122533
9715,0.00926119962625139
9716,0.011949987341545155
9717,-0.024781449083843485
9718,-0.00113544579843878
9719,0.006615287878657196
9720,0.0008860690415510859
9721,0.019041499077941896
9722,-0.011392499018106716
9723,-0.02863704266519393
9724,0.011541498930491407
9725,-0.007391730622047157
9726,-0.024555059788241244
9727,-0.0020721827857616724
9728,0.017446409487022304
9729,-0.017595495774808942
9730,0.032979526956176036
9731,-0.011618373399854897
9732,0.0013777994629560226
9733,-0.016975538561062264
9734,0.0007398519724373771
9735,-0.0017242021988679661
9736,-0.020774536588211212
9737,0.03986241215408195
9738,-0.006805093138282917
9739,-0.006792803487716426
9740,0.013771618564587609
9741,0.025648256003606092
9742,0.015983346490617868
9743,-0.016723280985475434
9744,0.0031609152895921942
9745,-0.026281038208998474
9746,0.012825516462152615
9747,-0.022821766492078014
9748,-0.011131061824813116
9749,0.00011017596503847759
9750,0.006408194185329589
9751,-0.0035113739530847335
9752,0.02150064291535086
9753,0.010317799505336062
9754,0.009214544440250388
9755,-0.017119826683510662
9756,0.024033915731563354
9757,-0.011129148294083128
9758,0.024570327140560393
9759,0.028570137834125098
9760,0.007358781165952801
9761,0.014656546122342365
9762,-0.04316464038894423
9763,-0.0025849242103080255
9764,0.015642298105761364
9765,0.01314596469669259
9766,-0.016983841906773142
9767,-0.003972087988342066
9768,-0.035484705684892
9769,0.00595835177145002
9770,-0.02630852190119512
9771,0.016040128451475667
9772,0.016774280057497037
9773,-0.006510427143411097
9774,0.0074798970726910365
9775,-0.0028954116039749743
9776,0.0035543500665755094
9777,-0.01596561155452406
9778,0.008902148533332694
9779,-0.02290603492830698
9780,-0.02555819385571863
9781,-0.0015581198272943166
9782,-0.0028131335311451866
9783,0.003981423552888444
9784,-0.008971425178032103
9785,0.026652053552887092
9786,0.002411911164083311
9787,0.0034275121098462785
9788,0.0029266038305308844
9789,0.014247600636837042
9790,0.008249099794860998
9791,0.006366198858560097
9792,0.010496879808084673
9793,-0.02548350248427983
9794,-0.024952817770322207
9795,-0.0009135812331347133
9796,-0.002622462466208584
9797,0.008302389310038388
9798,0.000436430570320537
9799,0.00833126651646789
9800,-0.017347382655812153
9801,4.184187618396526e-06
9802,-0.018688764290847527
9803,0.005591115825217711
9804,-0.02623765488990741
9805,0.00504945896699033
9806,-0.020486556787228168
9807,-0.005233998058372851
9808,0.012730283626727316
9809,0.003350203431491179
9810,-0.022968915525038592
9811,-0.009293013941311469
9812,-0.020941533969403424
9813,-0.023658822423442694
9814,0.001808512110725549
9815,0.00802822247742671
9816,0.006346358364573048
9817,0.0086230031257975
9818,-1.2203861293822441e-05
9819,-0.0036863943790513896
9820,-0.014923125678388813
9821,-0.006028639630091398
9822,-0.01841183138041874
9823,-0.011720723945803188
9824,0.0014047224627475377
9825,-0.0015001961169429216
9826,0.04321934256647204
9827,-0.01875535261464384
9828,-0.0016026689212242946
9829,-0.01985048146537474
9830,-0.0052938307227428675
9831,-0.004722035283873392
9832,0.012027036336224166
9833,-0.006163349981548658
9834,-0.0025331749435969064
9835,-0.005891472480115747
9836,-0.01953178714318148
9837,-0.009007887287025625
9838,-0.005211640943716652
9839,0.0011925301822869176
9840,0.008009238041229765
9841,-0.0031412826210423677
9842,-0.0033883054243025747
9843,-0.02402493077604079
9844,0.007739268835572589
9845,-0.009623282178634633
9846,0.010653401902034312
9847,0.018653184344485978
9848,-0.0024853354093725146
9849,-0.014223947982734294
9850,-7.947934318736883e-05
9851,0.005054965762256272
9852,-0.004278383141412102
9853,-0.007770452080187474
9854,0.008073663324513992
9855,0.007146908268269114
9856,-0.004710744275935343
9857,-0.023087032036249795
9858,0.00656798313651784
9859,-0.010626974676476296
9860,0.003166986485022691
9861,0.0022791555205293073
9862,-0.026387477925680868
9863,0.0012944854358496053
9864,0.007385141776304293
9865,0.009108141340558684
9866,0.0018043328278167432
9867,-0.027627367298933087
9868,0.01810013097859143
9869,0.005930667791427978
9870,-0.016753340151246153
9871,-0.010914130006714741
9872,0.003404220692375518
9873,0.009707183917865153
9874,-0.006701472612074446
9875,0.011755073933801052
9876,-0.02503599140558135
9877,-0.014493003280603463
9878,-0.028852352880992485
9879,-0.012454771539619918
9880,0.021345984635563277
9881,0.029070473885839245
9882,0.0034515218494943736
9883,-0.00881575812649487
9884,-0.002959222178549812
9885,0.006806321395675944
9886,-0.021807142160619693
9887,-0.00788933896856997
9888,0.020317634423637435
9889,-0.014538685689260502
9890,-0.01036979906725694
9891,0.00034055338237744454
9892,0.004133749791902189
9893,-0.008627113799019603
9894,0.0012366309710672057
9895,0.008697655062649058
9896,0.02771660123150706
9897,-0.0016187672008327748
9898,-0.00042512924784339327
9899,0.021618235693103744
9900,-0.00756146967899892
9901,-0.018454051335319084
9902,0.003671548155914062
9903,0.015277089671363367
9904,0.005228434079628773
9905,-0.0012080583419175669
9906,-0.02019701043048342
9907,-0.0006650163317573004
9908,0.017482900666254738
9909,-0.017186096318246823
9910,-0.0032839151891922
9911,-0.005289599185294755
9912,-0.009648668882730391
9913,0.0036388646551973
9914,0.006384288003208161
9915,0.006237051130229895
9916,-0.013570529570519616
9917,-0.022973460788611285
9918,0.0038421264022593157
9919,-0.006953784852603534
9920,0.025986301126053976
9921,0.026635445045076145
9922,0.028127440049626827
9923,-0.0130548536531161
9924,0.008155680482471294
9925,0.012393395257986956
9926,0.010811214798811006
9927,-0.004824678516428106
9928,0.01812941217233193
9929,0.00016183635518201116
9930,0.001955251732200026
9931,-0.0214537822038716
9932,0.009215109530499128
9933,-0.0035040262593501754
9934,0.006686025668911249
9935,0.003458874064333084
9936,0.0026976014876496915
9937,-0.00048718450745838834
9938,0.011208107881495169
9939,-0.002639586447172225
9940,-0.02029261783028981
9941,0.008149870442236072
9942,-0.01121261985198228
9943,-0.018452769973312827
9944,-0.014208941676925812
9945,0.004136421270588785
9946,-0.0012010767665351213
9947,-0.029812341031855316
9948,-0.005235798762180941
9949,0.016584673554694656
9950,-0.006186241807966956
9951,-0.0021700400712425507
9952,0.014810808815280246
9953,0.011333019469663065
9954,0.01451234897116777
9955,-0.0388035147456025
9956,0.024513848415508643
9957,0.00909757485733438
9958,0.03474272196595543
9959,-0.010837731595295939
9960,-0.024624053014032726
9961,0.000256592568840203
9962,-0.0037142461117798996
9963,0.009340154474874547
9964,0.015259571877455122
9965,-0.0010714560166409516
9966,-0.0032271591786354435
9967,0.007500185952627418
9968,-0.00344665310625413
9969,-0.004622113567689602
9970,0.014728515929268955
9971,0.01785699411736542
9972,0.01538656837470951
9973,-0.0022087262278941045
9974,-0.0299121907600064
9975,-0.001927363233163036
9976,-0.010495632294809295
9977,-0.0016676755832784847
9978,-0.009274705445937847
9979,-0.00013626506418434097
9980,-0.014448271829903853
9981,-0.01784090355799948
9982,0.01733587305904186
9983,-0.013470030770803647
9984,0.0001598219093161611
9985,0.013567575540937554
9986,0.01300255257673794
9987,0.011324011677056945
9988,0.004410906155217335
9989,0.010328531044563431
9990,0.01944917916795504
9991,0.006127388463664267
9992,-0.025660379322570932
9993,-0.00727154892732511
9994,0.009940241224570838
9995,-0.008656508061809778
9996,0.02292016514251318
9997,-0.0007326124798331812
9998,0.001353039468145047
9999,0.015959561865401914
10000,-0.002414162488522712
