date,close_price,volume,index_close_price,stock_return_pct,index_return_pct
2021-09-27 00:00:00+05:30,1143.3685302734375,15373834,17855.099609375,,
2021-09-28 00:00:00+05:30,1154.0574951171875,18035258,17748.599609375,0.009348661049114027,-0.0059646824901542495
2021-09-29 00:00:00+05:30,1144.90869140625,9719875,17711.30078125,-0.0079275111938929,-0.0021015082285871234
2021-09-30 00:00:00+05:30,1141.013427734375,13590654,17618.150390625,-0.0034022483199865894,-0.005259376020738893
2021-10-01 00:00:00+05:30,1143.0289306640625,8958928,17532.05078125,0.001766414733338939,-0.004886983449795879
2021-10-04 00:00:00+05:30,1157.7261962890625,10918552,17691.25,0.012858174653953336,0.009080467581137563
2021-10-05 00:00:00+05:30,1181.75341796875,13533634,17822.30078125,0.020753803236640556,0.007407660919946268
2021-10-06 00:00:00+05:30,1159.4019775390625,10258881,17646.0,-0.018913793765966913,-0.009892144870289554
2021-10-07 00:00:00+05:30,1165.0860595703125,6336665,17790.349609375,0.0049025981854153855,0.008180302016037588
2021-10-08 00:00:00+05:30,1209.857177734375,15772493,17895.19921875,0.038427305688108815,0.005893622760496431
2021-10-11 00:00:00+05:30,1201.4326171875,14768666,17945.94921875,-0.006963268641883125,0.0028359561343596074
2021-10-12 00:00:00+05:30,1208.2943115234375,6682011,17991.94921875,0.005711260238631111,0.0025632525445875576
2021-10-13 00:00:00+05:30,1220.591064453125,9959762,18161.75,0.010176951767805198,0.00943759784921161
2021-10-14 00:00:00+05:30,1223.0595703125,8623469,18338.55078125,0.0020223856550032338,0.009734787740718787
2021-10-18 00:00:00+05:30,1226.3206787109375,13594479,18477.05078125,0.002666352872415123,0.007552396132719963
2021-10-19 00:00:00+05:30,1237.3037109375,8833409,18418.75,0.008956084992473246,-0.003155307734996393
2021-10-20 00:00:00+05:30,1223.0595703125,12710570,18266.599609375,-0.011512242708952458,-0.008260625212080042
2021-10-21 00:00:00+05:30,1187.7772216796875,20831669,18178.099609375,-0.02884761256869739,-0.004844908296702255
2021-10-22 00:00:00+05:30,1189.99658203125,11027475,18114.900390625,0.0018684988321497897,-0.003476668084567369
2021-10-25 00:00:00+05:30,1178.4017333984375,17198417,18125.400390625,-0.009743598265652853,0.000579633328010587
2021-10-26 00:00:00+05:30,1205.237060546875,9750178,18268.400390625,0.02277264738150553,0.007889480889700096
2021-10-27 00:00:00+05:30,1189.99658203125,9896298,18210.94921875,-0.01264521231093707,-0.0031448386638428527
2021-10-28 00:00:00+05:30,1176.952392578125,9886181,17857.25,-0.010961535226310826,-0.0194223384240636
2021-10-29 00:00:00+05:30,1148.713134765625,14233025,17671.650390625,-0.023993542976399995,-0.010393515763905459
2021-11-01 00:00:00+05:30,1149.415283203125,15481114,17929.650390625,0.0006112478531405952,0.014599655057507821
2021-11-02 00:00:00+05:30,1132.6571044921875,10569130,17888.94921875,-0.014579742374954963,-0.002270048271341696
2021-11-03 00:00:00+05:30,1124.8670654296875,11989430,17829.19921875,-0.00687766759384123,-0.0033400508475575075
2021-11-04 00:00:00+05:30,1131.7740478515625,1705656,17916.80078125,0.006140265489270602,0.004913376165984751
2021-11-08 00:00:00+05:30,1133.1781005859375,20337183,18068.55078125,0.001240576895220613,0.008469704042186388
2021-11-09 00:00:00+05:30,1142.1231689453125,15682497,18044.25,0.007893788588704487,-0.001344921435271762
2021-11-10 00:00:00+05:30,1154.8953857421875,10253470,18017.19921875,0.01118287164130427,-0.0014991358050348014
2021-11-11 00:00:00+05:30,1157.0015869140625,10722478,17873.599609375,0.0018237159814449289,-0.007970140510272006
2021-11-12 00:00:00+05:30,1174.4615478515625,8712341,18102.75,0.015090697484753557,0.012820606684330382
2021-11-15 00:00:00+05:30,1167.5318603515625,4803269,18109.44921875,-0.005900310242320406,0.0003700663573213969
2021-11-16 00:00:00+05:30,1140.402099609375,11337581,17999.19921875,-0.023236848315229985,-0.006087981951756416
2021-11-17 00:00:00+05:30,1115.9898681640625,10202029,17898.650390625,-0.021406687565442506,-0.005586294529162039
2021-11-18 00:00:00+05:30,1120.2017822265625,8505625,17764.80078125,0.0037741508078645847,-0.007478195643460861
2021-11-22 00:00:00+05:30,1070.5848388671875,24124307,17416.55078125,-0.044292862363380814,-0.019603372100156835
2021-11-23 00:00:00+05:30,1080.59423828125,25326999,17503.349609375,0.009349468674200168,0.004983697932798847
2021-11-24 00:00:00+05:30,1064.9912109375,16820296,17415.05078125,-0.01443930273824845,-0.0050446817378146935
2021-11-25 00:00:00+05:30,1129.1015625,42401936,17536.25,0.060198009996781376,0.006959452503032093
2021-11-26 00:00:00+05:30,1092.7098388671875,15763138,17026.44921875,-0.032230691056910565,-0.029071254187753914
2021-11-29 00:00:00+05:30,1105.799072265625,24325354,17053.94921875,0.011978690895660948,0.0016151341742889347
2021-11-30 00:00:00+05:30,1089.4486083984375,32172299,16983.19921875,-0.014786107419757277,-0.004148599194972014
2021-12-01 00:00:00+05:30,1117.3487548828125,10104610,17166.900390625,0.02560941954425,0.01081664117042136
2021-12-02 00:00:00+05:30,1124.5272216796875,12720411,17401.650390625,0.006424553448961312,0.013674571102433752
2021-12-03 00:00:00+05:30,1090.7396240234375,19222481,17196.69921875,-0.030046046911858637,-0.01177768586739425
2021-12-06 00:00:00+05:30,1070.0638427734375,10332254,16912.25,-0.01895574415251622,-0.01654091957599968
2021-12-07 00:00:00+05:30,1078.7825927734375,11235122,17176.69921875,0.008147878333504277,0.015636548581649423
2021-12-08 00:00:00+05:30,1095.2008056640625,8744178,17469.75,0.015219204500153793,0.017060948527881648
2021-12-09 00:00:00+05:30,1112.5703125,13213547,17516.849609375,0.015859654910868715,0.002696066593683266
2021-12-10 00:00:00+05:30,1113.7025146484375,8364414,17511.30078125,0.0010176454788672906,-0.00031677089480919296
2021-12-13 00:00:00+05:30,1091.3736572265625,12901733,17368.25,-0.020049211641515963,-0.008169055116863166
2021-12-14 00:00:00+05:30,1078.012451171875,12991523,17324.900390625,-0.0122425586930891,-0.002495911181322197
2021-12-15 00:00:00+05:30,1074.86474609375,9366969,17221.400390625,-0.0029199153263055333,-0.005974060321640162
2021-12-16 00:00:00+05:30,1088.7691650390625,9761279,17248.400390625,0.012935970777573358,0.0015678167505297491
2021-12-17 00:00:00+05:30,1060.03173828125,21049821,16985.19921875,-0.026394416448027758,-0.01525945397337003
2021-12-20 00:00:00+05:30,1031.4527587890625,14325846,16614.19921875,-0.026960494162680315,-0.021842546279377872
2021-12-21 00:00:00+05:30,1046.806396484375,12836561,16770.849609375,0.014885449250567673,0.00942870544420904
2021-12-22 00:00:00+05:30,1071.64892578125,17658543,16955.44921875,0.023731732419965068,0.011007170994593363
2021-12-23 00:00:00+05:30,1071.26416015625,9072401,17072.599609375,-0.0003590407415557939,0.006909306212627531
2021-12-24 00:00:00+05:30,1074.68359375,7886494,17003.75,0.0031919611622694966,-0.004032754879180422
2021-12-27 00:00:00+05:30,1073.5286865234375,4017223,17086.25,-0.0010746486066030014,0.004851870910828504
2021-12-28 00:00:00+05:30,1086.2784423828125,6374613,17233.25,0.011876492933471816,0.008603409174043453
2021-12-29 00:00:00+05:30,1088.13525390625,15425312,17213.599609375,0.0017093329398716328,-0.0011402602889762914
2021-12-30 00:00:00+05:30,1068.478759765625,29333171,17203.94921875,-0.018064384983448534,-0.0005606259494814747
2021-12-31 00:00:00+05:30,1072.57763671875,9477290,17354.05078125,0.0038361800977906313,0.008724831757606522
2022-01-03 00:00:00+05:30,1088.7467041015625,5421611,17625.69921875,0.015074962249145063,0.015653315812207858
2022-01-04 00:00:00+05:30,1113.3175048828125,10847728,17805.25,0.022567968002737526,0.01018687423526421
2022-01-05 00:00:00+05:30,1118.526123046875,11643813,17925.25,0.004678466063111841,0.0067395852346920915
2022-01-06 00:00:00+05:30,1094.4761962890625,14447422,17745.900390625,-0.021501443964759837,-0.010005417462796928
2022-01-07 00:00:00+05:30,1103.3079833984375,13112115,17812.69921875,0.008069419087706198,0.003764183651131514
2022-01-10 00:00:00+05:30,1104.2138671875,9246731,18003.30078125,0.0008210615736434779,0.010700318921871732
2022-01-11 00:00:00+05:30,1112.16259765625,16205164,18055.75,0.0071985425151341875,0.002913311252602302
2022-01-12 00:00:00+05:30,1141.851318359375,14800442,18212.349609375,0.026694586534100617,0.008673115731830494
2022-01-13 00:00:00+05:30,1148.2828369140625,11856712,18257.80078125,0.005632535910129244,0.0024956237305924223
2022-01-14 00:00:00+05:30,1149.9586181640625,19930176,18255.75,0.0014593802120246302,-0.00011232356375068253
2022-01-17 00:00:00+05:30,1155.9595947265625,8036453,18308.099609375,0.005218428270123976,0.0028675682661627455
2022-01-18 00:00:00+05:30,1142.1683349609375,6215029,18113.05078125,-0.011930572511824944,-0.010653690567923424
2022-01-19 00:00:00+05:30,1142.0777587890625,9755485,17938.400390625,-7.930194622152165e-05,-0.00964224043394124
2022-01-20 00:00:00+05:30,1122.08154296875,16494486,17757.0,-0.017508629045989266,-0.010112406160797005
2022-01-21 00:00:00+05:30,1122.2625732421875,13338594,17617.150390625,0.00016133432955189875,-0.007875745304668613
2022-01-24 00:00:00+05:30,1076.9935302734375,21868937,17149.099609375,-0.04033730077798903,-0.02656790518738339
2022-01-25 00:00:00+05:30,1074.887451171875,24510205,17277.94921875,-0.0019555169482102785,0.007513491221694313
2022-01-27 00:00:00+05:30,1058.96728515625,20020431,17110.150390625,-0.014811007420607925,-0.00971173291462768
2022-01-28 00:00:00+05:30,1057.9482421875,14667727,17101.94921875,-0.0009622988198352278,-0.0004793161771092791
2022-01-31 00:00:00+05:30,1080.9339599609375,12143683,17339.849609375,0.02172669404498495,0.0139107178709299
2022-02-01 00:00:00+05:30,1077.3558349609375,13200509,17576.849609375,-0.0033102161024983756,0.013667938611870323
2022-02-02 00:00:00+05:30,1079.552490234375,10017691,17780.0,0.002038931987143444,0.011557838585399605
2022-02-03 00:00:00+05:30,1065.6025390625,9572839,17560.19921875,-0.012921975816892806,-0.012362248664229525
2022-02-04 00:00:00+05:30,1055.8875732421875,11061241,17516.30078125,-0.009116875630626353,-0.0024998826581151823
2022-02-07 00:00:00+05:30,1049.4560546875,10714467,17213.599609375,-0.006091101664298382,-0.017281112927623465
2022-02-08 00:00:00+05:30,1067.09716796875,12060849,17266.75,0.01680976845333748,0.0030876976246183574
2022-02-09 00:00:00+05:30,1079.5299072265625,11486225,17463.80078125,0.011650990772919645,0.01141215233034587
2022-02-10 00:00:00+05:30,1078.42041015625,12464491,17605.849609375,-0.0010277594561163284,0.008133901085124018
2022-02-11 00:00:00+05:30,1076.3140869140625,15943370,17374.75,-0.0019531559513811247,-0.01312629691281364
2022-02-14 00:00:00+05:30,1059.1712646484375,10719633,16842.80078125,-0.015927341724919497,-0.03061622289529342
2022-02-15 00:00:00+05:30,1095.1328125,11212671,17352.44921875,0.033952533505994476,0.03025912638397754
2022-02-16 00:00:00+05:30,1092.8682861328125,10392840,17322.19921875,-0.0020678098047468563,-0.0017432697608654735
2022-02-17 00:00:00+05:30,1106.704833984375,12853252,17304.599609375,0.012660764363950916,-0.001016014719190439
2022-02-18 00:00:00+05:30,1098.05419921875,6775458,17276.30078125,-0.007816569061581569,-0.0016353356196504576
2022-02-21 00:00:00+05:30,1086.957763671875,11107193,17206.650390625,-0.010105544475646044,-0.004031556958107085
2022-02-22 00:00:00+05:30,1082.02099609375,13494914,17092.19921875,-0.004541820982489675,-0.006651566067580439
2022-02-23 00:00:00+05:30,1075.2498779296875,7310110,17063.25,-0.006257843598698409,-0.0016937094155936583
2022-02-24 00:00:00+05:30,1021.669677734375,24846650,16247.9501953125,-0.04983046387178125,-0.04778103847083648
2022-02-25 00:00:00+05:30,1034.4420166015625,14570089,16658.400390625,0.012501436761352291,0.025261660109649586
2022-02-28 00:00:00+05:30,1068.6824951171875,21297446,16793.900390625,0.033100432857623874,0.008134034290366632
2022-03-02 00:00:00+05:30,1086.3463134765625,21471786,16605.94921875,0.01652859332877732,-0.011191633122935585
2022-03-03 00:00:00+05:30,1077.1746826171875,10186748,16498.05078125,-0.00844264001782602,-0.00649757722841704
2022-03-04 00:00:00+05:30,1053.283203125,10805667,16245.349609375,-0.022179763299058353,-0.015317032007332254
2022-03-07 00:00:00+05:30,1014.3323974609375,17983310,15863.150390625,-0.03698037294100853,-0.02352668473994779
2022-03-08 00:00:00+05:30,1012.4979248046875,21289374,16013.4501953125,-0.0018085517734048873,0.009474776509483585
2022-03-09 00:00:00+05:30,1066.2139892578125,20414228,16345.349609375,0.05305301189973988,0.020726290088294297
2022-03-10 00:00:00+05:30,1083.4927978515625,17980493,16594.900390625,0.016205760539474534,0.01526738719047449
2022-03-11 00:00:00+05:30,1086.617919921875,12257423,16630.44921875,0.002884303501148544,0.0021421537513466316
2022-03-14 00:00:00+05:30,1095.540283203125,8340678,16871.30078125,0.008211132098660201,0.014482565042708062
2022-03-15 00:00:00+05:30,1070.4488525390625,15925769,16663.0,-0.022903247875742716,-0.012346456503312231
2022-03-16 00:00:00+05:30,1088.5203857421875,11149828,16975.349609375,0.016882201480491243,0.018745100484606647
2022-03-17 00:00:00+05:30,1124.0064697265625,21422098,17287.05078125,0.03260029343426529,0.018361988356508263
2022-03-21 00:00:00+05:30,1117.52978515625,11999466,17117.599609375,-0.005762141717821301,-0.009802202470463706
2022-03-22 00:00:00+05:30,1146.4031982421875,22557065,17315.5,0.025836817478561036,0.011561223252155806
2022-03-23 00:00:00+05:30,1150.04931640625,15462187,17245.650390625,0.0031804849896206466,-0.0040339354552280104
2022-03-24 00:00:00+05:30,1167.9166259765625,13168266,17222.75,0.01553612468215304,-0.0013278937068936791
2022-03-25 00:00:00+05:30,1175.7069091796875,14222488,17153.0,0.006670239150514012,-0.004049875890900112
2022-03-28 00:00:00+05:30,1187.5281982421875,9891424,17222.0,0.010054622432003946,0.004022619949862971
2022-03-29 00:00:00+05:30,1187.7999267578125,8684065,17325.30078125,0.00022881857965750818,0.005998187274997013
2022-03-30 00:00:00+05:30,1210.626953125,15811550,17498.25,0.019217905181637462,0.009982465582194733
2022-03-31 00:00:00+05:30,1193.325439453125,13223718,17464.75,-0.01429136665693298,-0.001914477162001882
2022-04-01 00:00:00+05:30,1202.882080078125,7922880,17670.44921875,0.008008411041148689,0.011777965258592316
2022-04-04 00:00:00+05:30,1206.4375,7929162,18053.400390625,0.0029557510089801564,0.021671841339984343
2022-04-05 00:00:00+05:30,1189.3851318359375,13149870,17957.400390625,-0.014134481201108606,-0.005317557796472028
2022-04-06 00:00:00+05:30,1186.2147216796875,12257215,17807.650390625,-0.002665587513571932,-0.008339180323571727
2022-04-07 00:00:00+05:30,1165.2899169921875,15496499,17639.55078125,-0.017639980608123218,-0.00943974110495216
2022-04-08 00:00:00+05:30,1184.6749267578125,15152495,17784.349609375,0.016635353557045374,0.008208759390795572
2022-04-11 00:00:00+05:30,1182.20654296875,9254209,17674.94921875,-0.002083595873694999,-0.006151497975913078
2022-04-12 00:00:00+05:30,1159.9453125,13217742,17530.30078125,-0.018830237914982062,-0.008183810641252287
2022-04-13 00:00:00+05:30,1155.68798828125,10354235,17475.650390625,-0.0036702801182706413,-0.0031174816283502382
2022-04-18 00:00:00+05:30,1152.1551513671875,9974224,17173.650390625,-0.0030569123759056627,-0.017281188010147552
2022-04-19 00:00:00+05:30,1196.0655517578125,26141820,16958.650390625,0.03811153414409452,-0.012519178806467801
2022-04-20 00:00:00+05:30,1231.2344970703125,25072240,17136.55078125,0.029403861068328263,0.010490244596548015
2022-04-21 00:00:00+05:30,1260.0628662109375,21708633,17392.599609375,0.023414198683696208,0.014941678252146096
2022-04-22 00:00:00+05:30,1249.5098876953125,15054154,17171.94921875,-0.008374961915478263,-0.012686452605167986
2022-04-25 00:00:00+05:30,1220.6138916015625,17063215,16953.94921875,-0.02312586429151664,-0.012695122564301942
2022-04-26 00:00:00+05:30,1257.1414794921875,12227666,17200.80078125,0.029925587560450717,0.014560121616207233
2022-04-27 00:00:00+05:30,1258.3646240234375,19338945,17038.400390625,0.0009729569433538643,-0.009441443610115341
2022-04-28 00:00:00+05:30,1277.16064453125,25614076,17245.05078125,0.014936863409045209,0.012128508890934642
2022-04-29 00:00:00+05:30,1263.754150390625,18214862,17102.55078125,-0.010497108721624904,-0.008263240381694681
2022-05-02 00:00:00+05:30,1259.315673828125,9467006,17069.099609375,-0.0035121360916029465,-0.0019559171203674675
2022-05-04 00:00:00+05:30,1220.0023193359375,19247660,16677.599609375,-0.031218030005678354,-0.022936183451936376
2022-05-05 00:00:00+05:30,1196.11083984375,17210669,16682.650390625,-0.01958314268221384,0.00030284821366977077
2022-05-06 00:00:00+05:30,1186.9393310546875,19649948,16411.25,-0.007667774995050336,-0.0162684216398562
2022-05-09 00:00:00+05:30,1140.583251953125,18083752,16301.849609375,-0.03905513777218217,-0.006666182687180999
2022-05-10 00:00:00+05:30,1120.813232421875,19511677,16240.0498046875,-0.017333254277928423,-0.003790968888092272
2022-05-11 00:00:00+05:30,1109.3319091796875,16643899,16167.099609375,-0.010243743480239265,-0.0044919933245182175
2022-05-12 00:00:00+05:30,1086.7313232421875,20490321,15808.0,-0.02037315049759303,-0.022211752141785834
2022-05-13 00:00:00+05:30,1099.050537109375,19308778,15782.150390625,0.011336025385220383,-0.0016352232651188903
2022-05-16 00:00:00+05:30,1099.3223876953125,13437911,15842.2998046875,0.0002473503963271728,0.0038112305721171857
2022-05-17 00:00:00+05:30,1145.497314453125,16551828,16259.2998046875,0.042003080510910396,0.026321935902047233
2022-05-18 00:00:00+05:30,1149.6640625,17276788,16240.2998046875,0.0036375013667004907,-0.0011685620062508173
2022-05-19 00:00:00+05:30,1123.16845703125,14699118,15809.400390625,-0.02304638923054969,-0.026532725334179386
2022-05-20 00:00:00+05:30,1188.660400390625,21793091,16266.150390625,0.05830999165742501,0.028891038794289337
2022-05-23 00:00:00+05:30,1180.7117919921875,15252755,16214.7001953125,-0.006687030539442085,-0.0031630222318707046
2022-05-24 00:00:00+05:30,1184.7652587890625,13527818,16125.150390625,0.0034330704786438293,-0.005522754266735541
2022-05-25 00:00:00+05:30,1183.021728515625,12714544,16025.7998046875,-0.0014716250839592604,-0.006161219184365629
2022-05-26 00:00:00+05:30,1171.7440185546875,17882023,16170.150390625,-0.00953296941983306,0.009007387318995308
2022-05-27 00:00:00+05:30,1166.3089599609375,16521973,16352.4501953125,-0.004638435108424099,0.011273847198922216
2022-05-30 00:00:00+05:30,1206.9356689453125,13853398,16661.400390625,0.034833573589056366,0.018893205092962884
2022-05-31 00:00:00+05:30,1192.374267578125,70620653,16584.55078125,-0.012064770096580246,-0.004612433983534836
2022-06-01 00:00:00+05:30,1192.75927734375,9776989,16522.75,0.0003228933868282269,-0.0037264067061659745
2022-06-02 00:00:00+05:30,1233.8843994140625,22126569,16628.0,0.03447897899557506,0.006370004993115463
2022-06-03 00:00:00+05:30,1258.8853759765625,23939791,16584.30078125,0.020262008802746978,-0.002628050201467391
2022-06-06 00:00:00+05:30,1253.472900390625,11093152,16569.55078125,-0.004299418905981733,-0.0008893953501298846
2022-06-07 00:00:00+05:30,1255.8282470703125,12358255,16416.349609375,0.0018790567222901622,-0.009245946006475991
2022-06-08 00:00:00+05:30,1233.7711181640625,12479250,16356.25,-0.017563810144983205,-0.0036609606157923524
2022-06-09 00:00:00+05:30,1267.60400390625,17278305,16478.099609375,0.027422335669952558,0.00744972774168895
2022-06-10 00:00:00+05:30,1229.3323974609375,18093057,16201.7998046875,-0.030192083905837053,-0.016767698414100085
2022-06-13 00:00:00+05:30,1206.0751953125,17620803,15774.400390625,-0.0189185627877968,-0.026379749115209128
2022-06-14 00:00:00+05:30,1190.3135986328125,14714312,15732.099609375,-0.01306850247890523,-0.00268160945598539
2022-06-15 00:00:00+05:30,1175.910888671875,11195535,15692.150390625,-0.012099928940978555,-0.0025393443813560568
2022-06-16 00:00:00+05:30,1159.469970703125,17111475,15360.599609375,-0.013981431864551475,-0.021128447854290244
2022-06-17 00:00:00+05:30,1173.0572509765625,24457187,15293.5,0.011718527100100573,-0.00436829362663993
2022-06-20 00:00:00+05:30,1151.79296875,12066797,15350.150390625,-0.018127233098691575,0.0037042135956451006
2022-06-21 00:00:00+05:30,1170.3851318359375,11720049,15638.7998046875,0.01614193139771891,0.018804337854487096
2022-06-22 00:00:00+05:30,1134.8311767578125,10617206,15413.2998046875,-0.03037799619203374,-0.014419265085317434
2022-06-23 00:00:00+05:30,1116.419921875,19446323,15556.650390625,-0.016223783114077905,0.009300447519609234
2022-06-24 00:00:00+05:30,1132.3175048828125,14240234,15699.25,0.01423978800119663,0.009166472588529428
2022-06-27 00:00:00+05:30,1128.9658203125,15474529,15832.0498046875,-0.002960021863001594,0.008458990377725017
2022-06-28 00:00:00+05:30,1144.8404541015625,13572847,15850.2001953125,0.014061217357907552,0.0011464333961117568
2022-06-29 00:00:00+05:30,1168.59619140625,19205146,15799.099609375,0.020750260195277814,-0.0032239710103227903
2022-06-30 00:00:00+05:30,1175.6165771484375,23112959,15780.25,0.0060075377566817245,-0.001193081241402827
2022-07-01 00:00:00+05:30,1090.943359375,81997149,15752.0498046875,-0.07202451838406354,-0.0017870563085186086
2022-07-04 00:00:00+05:30,1093.2078857421875,41857728,15835.349609375,0.0020757506315312035,0.005288188249805481
2022-07-05 00:00:00+05:30,1102.0625,17647327,15810.849609375,0.008099661897152277,-0.0015471713984448465
2022-07-06 00:00:00+05:30,1092.3699951171875,23943726,15989.7998046875,-0.008794877679634827,0.011318189707300252
2022-07-07 00:00:00+05:30,1081.61328125,23301033,16132.900390625,-0.009847134135200775,0.00894949203151052
2022-07-08 00:00:00+05:30,1083.1080322265625,19010108,16220.599609375,0.0013819643327928066,0.005436047866567373
2022-07-11 00:00:00+05:30,1097.827880859375,13847467,16216.0,0.013590378978681095,-0.00028356592763323363
2022-07-12 00:00:00+05:30,1096.2650146484375,10778989,16058.2998046875,-0.001423598578780938,-0.0097249750439381
2022-07-13 00:00:00+05:30,1076.8348388671875,14224132,15966.650390625,-0.017723976886629966,-0.005707292501522909
2022-07-14 00:00:00+05:30,1085.7120361328125,16970315,15938.650390625,0.008243787204139652,-0.0017536552323109689
2022-07-15 00:00:00+05:30,1087.818359375,9603210,16049.2001953125,0.0019400385848995505,0.0069359576863876615
2022-07-18 00:00:00+05:30,1097.080322265625,15160908,16278.5,0.008514254986417447,0.014287304158276504
2022-07-19 00:00:00+05:30,1103.806396484375,16439888,16340.5498046875,0.0061308858451309955,0.003811764271124396
2022-07-20 00:00:00+05:30,1133.6534423828125,23924246,16520.849609375,0.027040109564050674,0.01103388850696918
2022-07-21 00:00:00+05:30,1126.0897216796875,16523230,16605.25,-0.006671986711588751,0.005108719746296009
2022-07-22 00:00:00+05:30,1133.6988525390625,10969995,16719.44921875,0.00675712664176098,0.006877295960614926
2022-07-25 00:00:00+05:30,1096.2425537109375,23110452,16631.0,-0.033039019792810764,-0.005290199311757782
2022-07-26 00:00:00+05:30,1096.74072265625,11303288,16483.849609375,0.0004544331394782386,-0.00884795806776506
2022-07-27 00:00:00+05:30,1095.6990966796875,8655086,16641.80078125,-0.0009497467861316888,0.0095821774414373
2022-07-28 00:00:00+05:30,1112.8646240234375,12496073,16929.599609375,0.015666278630480646,0.017293731123692924
2022-07-29 00:00:00+05:30,1136.5748291015625,15130683,17158.25,0.02130556095170255,0.013505953826479233
2022-08-01 00:00:00+05:30,1166.1956787109375,15700044,17340.05078125,0.026061504135886704,0.010595531668439406
2022-08-02 00:00:00+05:30,1170.6341552734375,13917913,17345.44921875,0.0038059449572014348,0.000311327663805816
2022-08-03 00:00:00+05:30,1180.4625244140625,14250977,17388.150390625,0.008395764890636759,0.002461808358865669
2022-08-04 00:00:00+05:30,1164.859619140625,14467127,17382.0,-0.013217620170688726,-0.0003537116074355806
2022-08-05 00:00:00+05:30,1147.694091796875,13942438,17397.5,-0.01473613391836337,0.0008917270739845495
2022-08-08 00:00:00+05:30,1162.708251953125,10165178,17525.099609375,0.013082022695388495,0.007334364671648164
2022-08-10 00:00:00+05:30,1169.66064453125,10724688,17534.75,0.00597948158228534,0.0005506610997998429
2022-08-11 00:00:00+05:30,1173.5555419921875,8198226,17659.0,0.0033299380287334923,0.007085929368824795
2022-08-12 00:00:00+05:30,1192.5328369140625,12650587,17698.150390625,0.01617076844071641,0.0022170219505635025
2022-08-16 00:00:00+05:30,1200.8212890625,6607378,17825.25,0.00695029259729707,0.007181519343531395
2022-08-17 00:00:00+05:30,1207.0943603515625,6595965,17944.25,0.005223984073400301,0.006675923198833145
2022-08-18 00:00:00+05:30,1209.2833251953125,7410035,17956.5,0.0018134165112928535,0.0006826699360520383
2022-08-19 00:00:00+05:30,1187.72216796875,9460724,17758.44921875,-0.017829698613499145,-0.011029475746944017
2022-08-22 00:00:00+05:30,1184.4278564453125,9471680,17490.69921875,-0.0027736381556904277,-0.0150773300473388
2022-08-23 00:00:00+05:30,1202.694580078125,9678484,17577.5,0.01542240292087893,0.00496268217550444
2022-08-24 00:00:00+05:30,1199.490966796875,10369622,17604.94921875,-0.0026636964482220638,0.001561611079505143
2022-08-25 00:00:00+05:30,1195.9920654296875,7871946,17522.44921875,-0.0029169885093265346,-0.004686182219266755
2022-08-26 00:00:00+05:30,1189.60791015625,10742038,17558.900390625,-0.005337957882809108,0.002080255529346653
2022-08-29 00:00:00+05:30,1180.3609619140625,19838975,17312.900390625,-0.0077731058807207765,-0.014009988924553851
2022-08-30 00:00:00+05:30,1198.673095703125,23139054,17759.30078125,0.015514011713304798,0.02578426378902554
2022-09-01 00:00:00+05:30,1163.4346923828125,19909939,17542.80078125,-0.02939784287027991,-0.012190795272107646
2022-09-02 00:00:00+05:30,1149.8482666015625,12999345,17539.44921875,-0.01167785855983361,-0.0001910505934481499
2022-09-05 00:00:00+05:30,1167.7060546875,11327815,17665.80078125,0.015530560513620673,0.007203850071011875
2022-09-06 00:00:00+05:30,1179.9974365234375,10899618,17655.599609375,0.010526092407071586,-0.0005774531254664206
2022-09-07 00:00:00+05:30,1173.1361083984375,7488501,17624.400390625,-0.005814697483763287,-0.0017671004916441913
2022-09-08 00:00:00+05:30,1174.7945556640625,7057077,17798.75,0.0014136869999585855,0.009892512965589573
2022-09-09 00:00:00+05:30,1167.4788818359375,8314850,17833.349609375,-0.006227194187148566,0.0019439347917691308
2022-09-12 00:00:00+05:30,1180.542724609375,7435419,17936.349609375,0.011189789362950897,0.005775695663245095
2022-09-13 00:00:00+05:30,1190.403076171875,8888657,18070.05078125,0.008352388572605562,0.007454201929980142
2022-09-14 00:00:00+05:30,1176.135009765625,8678219,18003.75,-0.011985911908203084,-0.0036690976717561608
2022-09-15 00:00:00+05:30,1164.479736328125,10365600,17877.400390625,-0.009909809112665258,-0.007017960667916379
2022-09-16 00:00:00+05:30,1135.625732421875,20217708,17530.849609375,-0.0247784508446951,-0.019384853148544656
2022-09-19 00:00:00+05:30,1137.1024169921875,7580254,17622.25,0.0013003267961912979,0.0052136885924867205
2022-09-20 00:00:00+05:30,1137.2841796875,8411448,17816.25,0.00015984725086881646,0.011008809885230342
2022-09-21 00:00:00+05:30,1140.4195556640625,9207309,17718.349609375,0.0027568975569711718,-0.005495005437451739
2022-09-22 00:00:00+05:30,1129.673095703125,10308170,17629.80078125,-0.009423251212734463,-0.004997577656902563
2022-09-23 00:00:00+05:30,1108.498291015625,9528051,17327.349609375,-0.01874418782570053,-0.017155677232420508
2022-09-26 00:00:00+05:30,1080.257568359375,12479523,17016.30078125,-0.02547655949056571,-0.017951321762256445
2022-09-27 00:00:00+05:30,1088.8455810546875,16154822,17007.400390625,0.007949967625179744,-0.0005230508522044985
2022-09-28 00:00:00+05:30,1059.8551025390625,16997059,16858.599609375,-0.026624967782432507,-0.00874917846539458
2022-09-29 00:00:00+05:30,1056.6063232421875,14671827,16818.099609375,-0.0030653051432143474,-0.0024023347691036756
2022-09-30 00:00:00+05:30,1080.4393310546875,18613024,17094.349609375,0.02255618510721069,0.01642575596626905
2022-10-03 00:00:00+05:30,1076.6905517578125,11852723,16887.349609375,-0.0034696805171055,-0.012109264448790458
2022-10-04 00:00:00+05:30,1096.5477294921875,8948850,17274.30078125,0.018442789993797337,0.02291367093271912
2022-10-06 00:00:00+05:30,1100.591796875,13352162,17331.80078125,0.003687999413108267,0.0033286441360573793
2022-10-07 00:00:00+05:30,1105.2493896484375,7714340,17314.650390625,0.004231898499209352,-0.0009895331040011834
2022-10-10 00:00:00+05:30,1093.1851806640625,6329527,17241.0,-0.010915372672779755,-0.00425364584114718
2022-10-11 00:00:00+05:30,1071.419677734375,9215177,16983.55078125,-0.019910170129150417,-0.014932383199930399
2022-10-12 00:00:00+05:30,1079.303466796875,7417103,17123.599609375,0.007358264204341491,0.008246145339619648
2022-10-13 00:00:00+05:30,1082.7340087890625,7328492,17014.349609375,0.0031784776920698032,-0.006380083772817624
2022-10-14 00:00:00+05:30,1077.23583984375,9106089,17185.69921875,-0.00507804216056873,0.010070888003887335
2022-10-17 00:00:00+05:30,1094.525634765625,16729355,17311.80078125,0.016050148242730877,0.007337586960815656
2022-10-18 00:00:00+05:30,1113.83740234375,12415820,17486.94921875,0.017643960967858252,0.010117285874136073
2022-10-19 00:00:00+05:30,1133.2174072265625,19247142,17512.25,0.017399312361061625,0.0014468379208691928
2022-10-20 00:00:00+05:30,1136.2618408203125,8717053,17563.94921875,0.0026865397357431764,0.0029521745492440132
2022-10-21 00:00:00+05:30,1123.084228515625,8243452,17576.30078125,-0.011597337718543876,0.0007032337856462956
2022-10-24 00:00:00+05:30,1126.8331298828125,3370033,17730.75,0.0033380411477619276,0.008787356376761757
2022-10-25 00:00:00+05:30,1109.4296875,12233241,17656.349609375,-0.015444560442256838,-0.004196122026705051
2022-10-27 00:00:00+05:30,1113.7919921875,12513059,17736.94921875,0.003932024477666607,0.004564907874966551
2022-10-28 00:00:00+05:30,1147.8717041015625,17609592,17786.80078125,0.030597914290198425,0.002810605244745412
2022-10-31 00:00:00+05:30,1158.5272216796875,12419943,18012.19921875,0.009282847150993367,0.012672230395564199
2022-11-01 00:00:00+05:30,1149.5528564453125,13963166,18145.400390625,-0.007746356810989341,0.007395053222392978
2022-11-02 00:00:00+05:30,1156.7322998046875,8981896,18082.849609375,0.006245422573760928,-0.003447197631545107
2022-11-03 00:00:00+05:30,1161.0491943359375,6693449,18052.69921875,0.0037319737090240057,-0.0016673473084335422
2022-11-04 00:00:00+05:30,1178.1343994140625,12575815,18117.150390625,0.014715315390143147,0.003570168155688336
2022-11-07 00:00:00+05:30,1184.4278564453125,11789748,18202.80078125,0.005341883773515077,0.004727586225111935
2022-11-09 00:00:00+05:30,1183.2464599609375,11254205,18157.0,-0.0009974406443973294,-0.002516139235956394
2022-11-10 00:00:00+05:30,1168.93310546875,5966242,18028.19921875,-0.012096680595739984,-0.007093725904609771
2022-11-11 00:00:00+05:30,1195.878662109375,12310132,18349.69921875,0.023051410311302423,0.017833173247033374
2022-11-14 00:00:00+05:30,1190.0849609375,9043112,18329.150390625,-0.004844723261184125,-0.0011198455015547504
2022-11-15 00:00:00+05:30,1184.7459716796875,7086433,18403.400390625,-0.004486225297399504,0.004050924260950772
2022-11-16 00:00:00+05:30,1177.9527587890625,9716161,18409.650390625,-0.005733898281159666,0.0003396111515991951
2022-11-17 00:00:00+05:30,1180.9970703125,6661451,18343.900390625,0.0025844088404420873,-0.00357149639481924
2022-11-18 00:00:00+05:30,1180.3609619140625,5303197,18307.650390625,-0.0005386197937554682,-0.00197613371355454
2022-11-21 00:00:00+05:30,1159.117919921875,6390268,18159.94921875,-0.017997072656266044,-0.008067729540576885
2022-11-22 00:00:00+05:30,1165.547607421875,6611488,18244.19921875,0.005547052107030881,0.00463933015368867
2022-11-23 00:00:00+05:30,1161.912353515625,6413408,18267.25,-0.0031189235712910657,0.0012634580983039712
2022-11-24 00:00:00+05:30,1171.9320068359375,9389439,18484.099609375,0.008623415776582322,0.011870949889830174
2022-11-25 00:00:00+05:30,1189.42626953125,7349922,18512.75,0.014927711329042692,0.0015500019600884762
2022-11-28 00:00:00+05:30,1230.299072265625,31527484,18562.75,0.03436346058716433,0.0027008413120686026
2022-11-29 00:00:00+05:30,1232.4119873046875,11058913,18618.05078125,0.0017173995223547234,0.00297912654375021
2022-11-30 00:00:00+05:30,1241.1136474609375,26164986,18758.349609375,0.007060674714208792,0.007535634625419174
2022-12-01 00:00:00+05:30,1237.4556884765625,9485801,18812.5,-0.002947319926630776,0.002886735334004964
2022-12-02 00:00:00+05:30,1236.93310546875,11589592,18696.099609375,-0.00042230442082002995,-0.006187396179402005
2022-12-05 00:00:00+05:30,1218.8936767578125,14828536,18701.05078125,-0.014583997009362304,0.00026482378562620035
2022-12-06 00:00:00+05:30,1222.415283203125,8594245,18642.75,0.002889182635420484,-0.0031175136590962937
2022-12-07 00:00:00+05:30,1204.3758544921875,8462111,18560.5,-0.014757201549107202,-0.004411902750398933
2022-12-08 00:00:00+05:30,1203.8076171875,7757008,18609.349609375,-0.0004718106084309337,0.002631912360927746
2022-12-09 00:00:00+05:30,1185.5638427734375,12655763,18496.599609375,-0.015155058128545562,-0.006058782405979346
2022-12-12 00:00:00+05:30,1187.38134765625,9479842,18497.150390625,0.0015330299535458725,2.977743269738653e-05
2022-12-13 00:00:00+05:30,1192.7886962890625,8333348,18608.0,0.004554011770090405,0.0059927938646799905
2022-12-14 00:00:00+05:30,1188.4718017578125,7268947,18660.30078125,-0.0036191611680094216,0.002810661073194387
2022-12-15 00:00:00+05:30,1171.5911865234375,8688551,18414.900390625,-0.014203631259410376,-0.013150934355333654
2022-12-16 00:00:00+05:30,1165.797607421875,15837349,18269.0,-0.004945051796398592,-0.00792295301794177
2022-12-19 00:00:00+05:30,1181.1107177734375,7729933,18420.44921875,0.013135307753313175,0.008289956688926514
2022-12-20 00:00:00+05:30,1191.334716796875,7467588,18385.30078125,0.008656257935506062,-0.0019081205394395617
2022-12-21 00:00:00+05:30,1174.3856201171875,8527550,18199.099609375,-0.014226981251128423,-0.01012771964355863
2022-12-22 00:00:00+05:30,1171.3411865234375,7451122,18127.349609375,-0.0025923627994067777,-0.003942502735851727
2022-12-23 00:00:00+05:30,1136.9888916015625,10257115,17806.80078125,-0.02932731753745743,-0.01768316025411787
2022-12-26 00:00:00+05:30,1146.9173583984375,5990242,18014.599609375,0.008732246084559137,0.011669632893506865
2022-12-27 00:00:00+05:30,1156.30078125,5763271,18132.30078125,0.00818142892585172,0.006533654614990558
2022-12-28 00:00:00+05:30,1156.1871337890625,7459393,18122.5,-9.828537935829829e-05,-0.0005405150382313817
2022-12-29 00:00:00+05:30,1155.6644287109375,6930648,18191.0,-0.0004520938374500405,0.00377983170092433
2022-12-30 00:00:00+05:30,1157.4366455078125,7289476,18105.30078125,0.001533504668696839,-0.00471107793689185
2023-01-02 00:00:00+05:30,1170.4779052734375,5316175,18197.44921875,0.011267363804524422,0.005089583355357918
2023-01-03 00:00:00+05:30,1161.912353515625,7658932,18232.55078125,-0.007317995255802345,0.00192892762485819
2023-01-04 00:00:00+05:30,1144.418212890625,9264891,18042.94921875,-0.01505633413059737,-0.010399069487028845
2023-01-05 00:00:00+05:30,1142.37353515625,13637099,17992.150390625,-0.0017866525640224395,-0.0028154392892826285
2023-01-06 00:00:00+05:30,1152.7562255859375,6349597,17859.44921875,0.009088700070653655,-0.007375503705446151
2023-01-09 00:00:00+05:30,1179.974609375,10722753,18101.19921875,0.023611569545180844,0.013536251708490266
2023-01-10 00:00:00+05:30,1162.52587890625,8047142,17914.150390625,-0.014787377906370525,-0.010333504750958511
2023-01-11 00:00:00+05:30,1147.8717041015625,11509553,17895.69921875,-0.012605461151948494,-0.0010299775022909463
2023-01-12 00:00:00+05:30,1123.084228515625,17688773,17858.19921875,-0.021594290979877973,-0.00209547554088918
2023-01-13 00:00:00+05:30,1121.266845703125,20618583,17956.599609375,-0.0016182070465916576,0.005510095918388247
2023-01-16 00:00:00+05:30,1110.5885009765625,13623855,17894.849609375,-0.009523464256063208,-0.003438847072569362
2023-01-17 00:00:00+05:30,1126.3560791015625,10751000,18053.30078125,0.014197498093249994,0.008854568511824201
2023-01-18 00:00:00+05:30,1124.492919921875,13448286,18165.349609375,-0.0016541475775349035,0.006206556323560042
2023-01-19 00:00:00+05:30,1123.2889404296875,11940054,18107.849609375,-0.0010706865920251385,-0.003165367099256078
2023-01-20 00:00:00+05:30,1109.9296875,14930286,18027.650390625,-0.011892980023979649,-0.004428975305189153
2023-01-23 00:00:00+05:30,1104.3177490234375,10954118,18118.55078125,-0.005056120707252032,0.005042276095628795
2023-01-24 00:00:00+05:30,1097.7972412109375,16488755,18118.30078125,-0.00590455764952269,-1.3798013043020418e-05
2023-01-25 00:00:00+05:30,1082.620361328125,12385018,17891.94921875,-0.013824847898207038,-0.01249297962501228
2023-01-27 00:00:00+05:30,1062.081787109375,25830975,17604.349609375,-0.01897116935206533,-0.016074246906178757
2023-01-30 00:00:00+05:30,1072.26025390625,21772103,17648.94921875,0.009583505639972678,0.0025334426073457816
2023-01-31 00:00:00+05:30,1069.5792236328125,22691594,17662.150390625,-0.0025003540545968095,0.0007479862801675896
2023-02-01 00:00:00+05:30,1063.240478515625,19347800,17616.30078125,-0.005926391404330045,-0.0025959245256645946
2023-02-02 00:00:00+05:30,1057.35595703125,13662663,17610.400390625,-0.005534516041554638,-0.0003349392530399564
2023-02-03 00:00:00+05:30,1058.28759765625,24699575,17854.05078125,0.0008811040584817409,0.013835596307890219
2023-02-06 00:00:00+05:30,1050.31298828125,14837879,17764.599609375,-0.00753538961683109,-0.005010133160870178
2023-02-07 00:00:00+05:30,1047.7911376953125,15135435,17721.5,-0.0024010467489926635,-0.0024261514654264627
2023-02-08 00:00:00+05:30,1068.7159423828125,21160332,17871.69921875,0.019970396708570703,0.008475536424681795
2023-02-09 00:00:00+05:30,1070.578857421875,13172763,17893.44921875,0.0017431339471822849,0.0012170079483646568
2023-02-10 00:00:00+05:30,1061.763671875,10790445,17856.5,-0.008234036648270271,-0.0020649578680046465
2023-02-13 00:00:00+05:30,1055.7200927734375,10352493,17770.900390625,-0.005692019101472878,-0.00479375070002519
2023-02-14 00:00:00+05:30,1080.5985107421875,14321920,17929.849609375,0.0235653542440335,0.0089443537049958
2023-02-15 00:00:00+05:30,1105.0675048828125,33503591,18015.849609375,0.022643927321183366,0.004796470794436125
2023-02-16 00:00:00+05:30,1104.2041015625,17264487,18035.849609375,-0.0007813127401696818,0.0011101336008929596
2023-02-17 00:00:00+05:30,1108.816162109375,11809520,17944.19921875,0.004176818887331457,-0.005081567689351307
2023-02-20 00:00:00+05:30,1097.093017578125,8836937,17844.599609375,-0.010572667437448113,-0.005550518480140765
2023-02-21 00:00:00+05:30,1106.044677734375,13311592,17826.69921875,0.008159435902719725,-0.001003126492992057
2023-02-22 00:00:00+05:30,1080.9617919921875,11024335,17554.30078125,-0.022678004105193383,-0.015280363131582653
2023-02-23 00:00:00+05:30,1075.78173828125,9851910,17511.25,-0.004792078452089177,-0.002452434977984641
2023-02-24 00:00:00+05:30,1083.1429443359375,9434053,17465.80078125,0.006842657569599897,-0.002595429723749043
2023-02-27 00:00:00+05:30,1075.9407958984375,11199715,17392.69921875,-0.006649305592730914,-0.004185411445805309
2023-02-28 00:00:00+05:30,1055.3565673828125,21994038,17303.94921875,-0.019131376553518153,-0.0051027157362857345
2023-03-01 00:00:00+05:30,1065.0579833984375,11551145,17450.900390625,0.00919254810692438,0.008492348770636093
2023-03-02 00:00:00+05:30,1056.947021484375,9333535,17321.900390625,-0.007615512057082219,-0.007392168719804415
2023-03-03 00:00:00+05:30,1083.91552734375,14643807,17594.349609375,0.025515475526389553,0.015728598629827895
2023-03-06 00:00:00+05:30,1094.5028076171875,10171916,17711.44921875,0.009767624880679282,0.006655523618366965
2023-03-08 00:00:00+05:30,1098.4334716796875,15782657,17754.400390625,0.003591278190557823,0.0024250512391459367
2023-03-09 00:00:00+05:30,1072.032958984375,16235128,17589.599609375,-0.02403469429508709,-0.009282249899975281
2023-03-10 00:00:00+05:30,1055.4248046875,13334091,17412.900390625,-0.015492204934267395,-0.010045664635585094
2023-03-13 00:00:00+05:30,1038.06689453125,12771592,17154.30078125,-0.016446373137297576,-0.014851035931626178
2023-03-14 00:00:00+05:30,1034.181884765625,16027522,17043.30078125,-0.0037425427841808467,-0.006470680525861194
2023-03-15 00:00:00+05:30,1016.505859375,21728555,16972.150390625,-0.017091795602889426,-0.004174683738684903
2023-03-16 00:00:00+05:30,1011.4392700195312,18363159,16985.599609375,-0.004984318888809902,0.0007924286811309411
2023-03-17 00:00:00+05:30,1010.1671142578125,34014213,17100.05078125,-0.001257767816049138,0.006738129621978839
2023-03-20 00:00:00+05:30,1000.238525390625,19524589,16988.400390625,-0.00982865976040237,-0.0065292432199922645
2023-03-21 00:00:00+05:30,1031.341796875,21400360,17107.5,0.031095854333573314,0.007010642946744028
2023-03-22 00:00:00+05:30,1034.477294921875,10920094,17151.900390625,0.003040212329584291,0.0025953757489405316
2023-03-23 00:00:00+05:30,1021.3906860351562,16249370,17076.900390625,-0.01265045540483034,-0.004372693304643627
2023-03-24 00:00:00+05:30,1001.1699829101562,12375945,16945.05078125,-0.019797226860852724,-0.007720933328590696
2023-03-27 00:00:00+05:30,1016.73291015625,14054323,16985.69921875,0.01554474016575691,0.0023988383407489433
2023-03-28 00:00:00+05:30,1021.4815673828125,12576424,16951.69921875,0.004670506068140012,-0.002001683861354908
2023-03-29 00:00:00+05:30,1015.4380493164062,18804065,17080.69921875,-0.0059164240054675465,0.007609856589321451
2023-03-31 00:00:00+05:30,1059.218994140625,28171201,17359.75,0.04311532826024411,0.016337198944623932
2023-04-03 00:00:00+05:30,1059.4007568359375,10293043,17398.05078125,0.00017160067589228056,0.002206297973761151
2023-04-05 00:00:00+05:30,1056.856201171875,16262928,17557.05078125,-0.0024018820523238338,0.009138954817361267
2023-04-06 00:00:00+05:30,1063.9447021484375,18435046,17599.150390625,0.006707157481502746,0.002397874785437182
2023-04-10 00:00:00+05:30,1056.401611328125,12961408,17624.05078125,-0.007089739537290418,0.0014148632219350699
2023-04-11 00:00:00+05:30,1061.6273193359375,10542367,17722.30078125,0.004946705828328568,0.005574768321964241
2023-04-12 00:00:00+05:30,1066.3076171875,18179087,17812.400390625,0.004408607207367465,0.005083967961446945
2023-04-13 00:00:00+05:30,1070.3291015625,12378208,17828.0,0.00377141109205148,0.0008757724412713497
2023-04-17 00:00:00+05:30,1075.759033203125,17929479,17706.849609375,0.005073142113671603,-0.006795512150830185
2023-04-18 00:00:00+05:30,1063.4449462890625,10405576,17660.150390625,-0.011446882186428642,-0.0026373533282438855
2023-04-19 00:00:00+05:30,1068.7386474609375,12273475,17618.75,0.004977879852029687,-0.002344283016240789
2023-04-20 00:00:00+05:30,1066.0347900390625,7007330,17624.44921875,-0.0025299519469036413,0.0003234746363958152
2023-04-21 00:00:00+05:30,1067.3753662109375,7647317,17624.05078125,0.0012575351052341865,-2.260708945023282e-05
2023-04-24 00:00:00+05:30,1071.465087890625,12936186,17743.400390625,0.003831568358379389,0.006771973756565242
2023-04-25 00:00:00+05:30,1079.666748046875,9236126,17769.25,0.007654621927436267,0.0014568576938982503
2023-04-26 00:00:00+05:30,1073.328125,8617834,17813.599609375,-0.0058709069797153735,0.0024958627615121465
2023-04-27 00:00:00+05:30,1080.121337890625,9167125,17915.05078125,0.006329111044793612,0.005695152810193838
2023-04-28 00:00:00+05:30,1099.86474609375,15565210,18065.0,0.018278879891107325,0.008370013603697934
2023-05-02 00:00:00+05:30,1109.20263671875,12981805,18147.650390625,0.008490035395865014,0.004575166931912511
2023-05-03 00:00:00+05:30,1099.6829833984375,7061872,18089.849609375,-0.008582429400342595,-0.00318502836487633
2023-05-04 00:00:00+05:30,1112.360595703125,8635233,18255.80078125,0.011528424551509264,0.009173717607303677
2023-05-05 00:00:00+05:30,1109.5206298828125,8746585,18069.0,-0.0025530981871192404,-0.010232406865540389
2023-05-08 00:00:00+05:30,1123.220703125,9153782,18264.400390625,0.012347740883046576,0.010814123118324304
2023-05-09 00:00:00+05:30,1126.6968994140625,6464721,18265.94921875,0.003094847058455308,8.480038171931881e-05
2023-05-10 00:00:00+05:30,1134.4442138671875,10872255,18315.099609375,0.006876130090669452,0.0026908205008338015
2023-05-11 00:00:00+05:30,1127.03759765625,10557860,18297.0,-0.006528850092759719,-0.0009882342854272697
2023-05-12 00:00:00+05:30,1128.8779296875,6955341,18314.80078125,0.001632893201679364,0.0009728797753729701
2023-05-15 00:00:00+05:30,1131.1043701171875,6833343,18398.849609375,0.0019722596847153717,0.004589120522186851
2023-05-16 00:00:00+05:30,1114.99609375,8717229,18286.5,-0.014241193644684236,-0.006106338807060685
2023-05-17 00:00:00+05:30,1108.4073486328125,8798967,18181.75,-0.005909209148014072,-0.005728269488420423
2023-05-18 00:00:00+05:30,1106.0218505859375,10525531,18129.94921875,-0.002152185340360102,-0.002849053652701161
2023-05-19 00:00:00+05:30,1109.6114501953125,8050447,18203.400390625,0.0032455051475459573,0.0040513721791914925
2023-05-22 00:00:00+05:30,1115.541259765625,7434906,18314.400390625,0.005344041438350988,0.006097761825706316
2023-05-23 00:00:00+05:30,1115.3369140625,6092034,18348.0,-0.0001831807665885199,0.001834600568861644
2023-05-24 00:00:00+05:30,1108.839111328125,8112254,18285.400390625,-0.005825865397664831,-0.0034117947119577385
2023-05-25 00:00:00+05:30,1108.7027587890625,11487863,18321.150390625,-0.00012296873159456378,0.001955111686716471
2023-05-26 00:00:00+05:30,1138.9427490234375,12626260,18499.349609375,0.027275110479028086,0.009726420827874671
2023-05-29 00:00:00+05:30,1145.349609375,10010304,18598.650390625,0.005625269889163453,0.005367798508963517
2023-05-30 00:00:00+05:30,1145.0543212890625,11342504,18633.849609375,-0.0002578148047727158,0.0018925684396833287
2023-05-31 00:00:00+05:30,1122.3118896484375,27107927,18534.400390625,-0.019861443442283466,-0.0053370195013254795
2023-06-01 00:00:00+05:30,1119.2901611328125,14592692,18487.75,-0.0026924142419729735,-0.0025169624936233204
2023-06-02 00:00:00+05:30,1115.6322021484375,15800644,18534.099609375,-0.003268106083120448,0.002507044360454902
2023-06-05 00:00:00+05:30,1125.6517333984375,10908682,18593.849609375,0.008981034458045212,0.003223787573137793
2023-06-06 00:00:00+05:30,1126.6058349609375,7493309,18599.0,0.0008475992477881,0.00027699431442118616
2023-06-07 00:00:00+05:30,1135.148681640625,10312545,18726.400390625,0.007582817711913936,0.006849851638528914
2023-06-08 00:00:00+05:30,1135.830078125,12071109,18634.55078125,0.0006002706917564993,-0.0049048192636628185
2023-06-09 00:00:00+05:30,1127.7874755859375,5877018,18563.400390625,-0.007080814898245191,-0.00381819725413457
2023-06-12 00:00:00+05:30,1128.7869873046875,6391969,18601.5,0.0008862589276679156,0.0020524046550352004
2023-06-13 00:00:00+05:30,1145.46337890625,11248016,18716.150390625,0.01477372771755836,0.0061635024393194016
2023-06-14 00:00:00+05:30,1159.549560546875,13277380,18755.900390625,0.012297365328322707,0.0021238341844009856
2023-06-15 00:00:00+05:30,1159.8677978515625,11813494,18688.099609375,0.00027444907532658824,-0.0036149041015322014
2023-06-16 00:00:00+05:30,1171.1595458984375,24171579,18826.0,0.009735375072737362,0.0073790483520230765
2023-06-19 00:00:00+05:30,1159.52685546875,6798554,18755.44921875,-0.009932626575454018,-0.0037475183921172883
2023-06-20 00:00:00+05:30,1161.9351806640625,6921096,18816.69921875,0.002076989578942534,0.003265717567498605
2023-06-21 00:00:00+05:30,1165.206787109375,6961603,18856.849609375,0.0028156531446468236,0.0021337637466720683
2023-06-22 00:00:00+05:30,1152.1202392578125,7619166,18771.25,-0.011231094769047267,-0.004539443817404343
2023-06-23 00:00:00+05:30,1142.6915283203125,6628570,18665.5,-0.008183790733139018,-0.005633615236065759
2023-06-26 00:00:00+05:30,1133.96728515625,12641159,18691.19921875,-0.007634819150962424,0.0013768299134766515
2023-06-27 00:00:00+05:30,1134.3760986328125,9689466,18817.400390625,0.0003605161118085398,0.00675190341711196
2023-06-28 00:00:00+05:30,1149.3939208984375,11354006,18972.099609375,0.01323883876231613,0.00822107281232487
2023-06-30 00:00:00+05:30,1158.8226318359375,11151555,19189.05078125,0.008203202371324547,0.01143527476356887
2023-07-03 00:00:00+05:30,1188.5628662109375,12154387,19322.55078125,0.025664181521793505,0.00695709243369369
2023-07-04 00:00:00+05:30,1176.3167724609375,8061643,19389.0,-0.01030327810008047,0.003438946519135566
2023-07-05 00:00:00+05:30,1174.3856201171875,10248062,19398.5,-0.0016416941328736279,0.0004899685388621844
2023-07-06 00:00:00+05:30,1199.0367431640625,19117987,19497.30078125,0.020990654708813006,0.00509321758125636
2023-07-07 00:00:00+05:30,1196.6966552734375,13375267,19331.80078125,-0.001951639850877207,-0.00848835445771845
2023-07-10 00:00:00+05:30,1242.7950439453125,33240016,19355.900390625,0.03852136501655212,0.0012466303397029588
2023-07-11 00:00:00+05:30,1256.2677001953125,20069348,19439.400390625,0.010840609894315678,0.004313930032438185
2023-07-12 00:00:00+05:30,1257.653564453125,18733835,19384.30078125,0.001103159985405222,-0.002834429471475497
2023-07-13 00:00:00+05:30,1246.4072265625,14682934,19413.75,-0.008942317827815627,0.0015192303855748879
2023-07-14 00:00:00+05:30,1245.3623046875,15124144,19564.5,-0.0008383470929335113,0.007765114931427508
2023-07-17 00:00:00+05:30,1270.8084716796875,22220040,19711.44921875,0.020432742260151127,0.007511013251041421
2023-07-18 00:00:00+05:30,1281.600341796875,25867313,19749.25,0.008492129504710899,0.001917706853032497
2023-07-19 00:00:00+05:30,1291.3243408203125,39122156,19833.150390625,0.007587387976039306,0.004248282371482448
2023-07-20 00:00:00+05:30,1289.7606201171875,38717624,19979.150390625,-0.0012109434118864337,0.007361412439498949
2023-07-21 00:00:00+05:30,1249.8345947265625,30249238,19745.0,-0.030956151682625666,-0.011719737128305097
2023-07-24 00:00:00+05:30,1224.554931640625,23727866,19672.349609375,-0.020226406912242756,-0.0036794322929856182
2023-07-25 00:00:00+05:30,1223.767333984375,12026020,19680.599609375,-0.0006431705396791054,0.0004193703428323481
2023-07-26 00:00:00+05:30,1243.65625,12911012,19778.30078125,0.016252203718226443,0.004964339187534694
2023-07-27 00:00:00+05:30,1232.0872802734375,17226898,19659.900390625,-0.009302385387089496,-0.0059863783008722304
2023-07-28 00:00:00+05:30,1244.4686279296875,20827852,19646.05078125,0.010049083254477065,-0.0007044597937843067
2023-07-31 00:00:00+05:30,1255.00390625,8551174,19753.80078125,0.008465684135275486,0.005484562836559181
2023-08-01 00:00:00+05:30,1237.25634765625,9536632,19733.55078125,-0.014141436935268481,-0.0010251191770254131
2023-08-02 00:00:00+05:30,1224.0379638671875,12748214,19526.55078125,-0.0106836257612275,-0.010489749274959825
2023-08-03 00:00:00+05:30,1218.8934326171875,10168350,19381.650390625,-0.004202918048184179,-0.007420685416911321
2023-08-04 00:00:00+05:30,1235.4593505859375,22885610,19517.0,0.013590948581271745,0.006983389270114548
2023-08-07 00:00:00+05:30,1242.4993896484375,5982870,19597.30078125,0.005698317034195544,0.004114401867602702
2023-08-08 00:00:00+05:30,1235.0162353515625,9844072,19570.849609375,-0.0060226623523672584,-0.0013497354646058168
2023-08-09 00:00:00+05:30,1243.1640625,11486586,19632.55078125,0.006597344160514718,0.003152707884763739
2023-08-10 00:00:00+05:30,1248.7025146484375,15470598,19543.099609375,0.0044551256873526235,-0.004556268458015711
2023-08-11 00:00:00+05:30,1253.969970703125,22179330,19428.30078125,0.004218343434801541,-0.005874136161590715
2023-08-14 00:00:00+05:30,1268.788330078125,9575812,19434.55078125,0.01181715648795878,0.00032169565781225984
2023-08-16 00:00:00+05:30,1267.7545166015625,10203112,19465.0,-0.0008148037399577923,0.0015667570139761278
2023-08-17 00:00:00+05:30,1249.4654541015625,13673744,19365.25,-0.014426343791720031,-0.005124582584125403
2023-08-18 00:00:00+05:30,1258.720703125,18639978,19310.150390625,0.007407366880817445,-0.0028452826260957353
2023-08-21 00:00:00+05:30,1244.986328125,9221746,19393.599609375,-0.010911376102658799,0.0043215209131937105
2023-08-22 00:00:00+05:30,1244.68994140625,7713044,19396.44921875,-0.00023806423577066305,0.00014693555773015454
2023-08-23 00:00:00+05:30,1246.0732421875,9517952,19444.0,0.001111361741774175,0.0024515199000461063
2023-08-24 00:00:00+05:30,1225.1258544921875,14140020,19386.69921875,-0.016810719455414236,-0.002946964680621278
2023-08-25 00:00:00+05:30,1219.4691162109375,22222400,19265.80078125,-0.004617271164842673,-0.006236153774081932
2023-08-28 00:00:00+05:30,1207.315673828125,12580826,19306.05078125,-0.009966174806111505,0.002089194238900971
2023-08-29 00:00:00+05:30,1195.755126953125,16876644,19342.650390625,-0.009575413560518165,0.0018957584743610756
2023-08-30 00:00:00+05:30,1194.61865234375,12168946,19347.44921875,-0.0009504241995356155,0.0002480956863764039
2023-08-31 00:00:00+05:30,1189.1595458984375,21638600,19253.80078125,-0.004569748207599256,-0.004840350603388277
2023-09-01 00:00:00+05:30,1191.950927734375,18112842,19435.30078125,0.0023473568753371588,0.009426710188917609
2023-09-04 00:00:00+05:30,1190.9874267578125,9347626,19528.80078125,-0.0008083394661170251,0.004810833701642592
2023-09-05 00:00:00+05:30,1197.3607177734375,8675876,19574.900390625,0.005351266413428757,0.0023605960187407238
2023-09-06 00:00:00+05:30,1199.88037109375,8200370,19611.05078125,0.002104339388215415,0.0018467726478093027
2023-09-07 00:00:00+05:30,1201.5107421875,13652572,19727.05078125,0.0013587780357335877,0.005915032360780392
2023-09-08 00:00:00+05:30,1209.5140380859375,23109288,19819.94921875,0.00666102733619045,0.004709190366575022
2023-09-11 00:00:00+05:30,1222.5570068359375,13271074,19996.349609375,0.010783643958891531,0.008900143420050854
2023-09-12 00:00:00+05:30,1204.89501953125,16255666,19993.19921875,-0.014446759706034484,-0.0001575482868895195
2023-09-13 00:00:00+05:30,1210.9222412109375,12803338,20070.0,0.005002279519781272,0.003841345269944396
2023-09-14 00:00:00+05:30,1212.0338134765625,9209636,20103.099609375,0.000917955115361746,0.001649208239910216
2023-09-15 00:00:00+05:30,1214.28173828125,25468592,20192.349609375,0.0018546716928957707,0.004439613877174287
2023-09-18 00:00:00+05:30,1203.709228515625,7516300,20133.30078125,-0.00870680125733403,-0.002924316846098174
2023-09-20 00:00:00+05:30,1176.8826904296875,57081884,19901.400390625,-0.0222865601180271,-0.011518249945432046
2023-09-21 00:00:00+05:30,1168.31103515625,12226182,19742.349609375,-0.0072833557185788544,-0.007991939166498319
2023-09-22 00:00:00+05:30,1163.4447021484375,19176786,19674.25,-0.004165271799526971,-0.003449417659114995
2023-09-25 00:00:00+05:30,1156.2811279296875,14254884,19674.55078125,-0.0061572107428239375,1.5288066889551644e-05
2023-09-26 00:00:00+05:30,1157.2938232421875,10087782,19664.69921875,0.0008758210162205238,-0.0005007261720755274
2023-09-27 00:00:00+05:30,1170.3365478515625,11722778,19716.44921875,0.011270020065289543,0.002631619198663282
2023-09-28 00:00:00+05:30,1153.14404296875,14518346,19523.55078125,-0.014690223008393177,-0.009783629666773708
2023-09-29 00:00:00+05:30,1158.529052734375,12342014,19638.30078125,0.004669850049054958,0.005877516917168757
2023-10-03 00:00:00+05:30,1145.263916015625,8859056,19528.75,-0.011449981929621433,-0.005578424654468894
2023-10-04 00:00:00+05:30,1143.2877197265625,10286386,19436.099609375,-0.0017255378969222024,-0.004744307271330683
2023-10-05 00:00:00+05:30,1143.2630615234375,10953682,19545.75,-2.156780196227448e-05,0.005641584105285702
2023-10-06 00:00:00+05:30,1145.18994140625,5431026,19653.5,0.001685421271500509,0.0055127073660514725
2023-10-09 00:00:00+05:30,1135.4324951171875,7576878,19512.349609375,-0.00852037372689518,-0.00718194675884698
2023-10-10 00:00:00+05:30,1140.447021484375,10236032,19689.849609375,0.0044164020219183975,0.00909680297624016
2023-10-11 00:00:00+05:30,1158.5537109375,9814118,19811.349609375,0.01587683523392247,0.006170692128707245
2023-10-12 00:00:00+05:30,1160.70263671875,12554450,19794.0,0.0018548348349867183,-0.0008757409120068171
2023-10-13 00:00:00+05:30,1160.6534423828125,10150316,19751.05078125,-4.238323786065479e-05,-0.0021698099802970328
2023-10-16 00:00:00+05:30,1158.0596923828125,5929036,19731.75,-0.002234732526769645,-0.0009772027556287366
2023-10-17 00:00:00+05:30,1163.593017578125,7928180,19811.5,0.0047781001546882695,0.004041709427698992
2023-10-18 00:00:00+05:30,1148.154052734375,8918320,19671.099609375,-0.013268354665692539,-0.007086812741337156
2023-10-19 00:00:00+05:30,1139.33544921875,12032556,19624.69921875,-0.007680679691565051,-0.0023588102112444
2023-10-20 00:00:00+05:30,1135.8525390625,8913312,19542.650390625,-0.0030569663733699404,-0.004180896084593599
2023-10-23 00:00:00+05:30,1118.1163330078125,7853962,19281.75,-0.01561488436635139,-0.013350307425555652
2023-10-25 00:00:00+05:30,1115.522705078125,11620688,19122.150390625,-0.00231964049993838,-0.008277236732921023
2023-10-26 00:00:00+05:30,1099.985107421875,15222534,18857.25,-0.013928535551557264,-0.013853064912347501
2023-10-27 00:00:00+05:30,1119.40087890625,11771084,19047.25,0.017650940320347974,0.010075700327460302
2023-10-30 00:00:00+05:30,1142.4725341796875,16813304,19140.900390625,0.020610717490217256,0.004916740769664862
2023-10-31 00:00:00+05:30,1130.319091796875,12808438,19079.599609375,-0.010637842065532754,-0.0032026069828995363
2023-11-01 00:00:00+05:30,1135.0125732421875,10309190,18989.150390625,0.004152350853289688,-0.004740624572936891
2023-11-02 00:00:00+05:30,1146.2767333984375,10562104,19133.25,0.009924260243279637,0.007588523257266999
2023-11-03 00:00:00+05:30,1146.0296630859375,8850156,19230.599609375,-0.00021554159244552284,0.005087980838331285
2023-11-06 00:00:00+05:30,1155.564697265625,10647304,19411.75,0.008320058796743801,0.00941990339899168
2023-11-07 00:00:00+05:30,1148.0552978515625,6960204,19406.69921875,-0.0064984673137140625,-0.000260191958478706
2023-11-08 00:00:00+05:30,1154.033203125,7884494,19443.5,0.005206983744271199,0.0018962926582819506
2023-11-09 00:00:00+05:30,1141.50927734375,14513610,19395.30078125,-0.010852309749265876,-0.002478937369815082
2023-11-10 00:00:00+05:30,1143.658203125,7734954,19425.349609375,0.001882530281532624,0.001549283945833313
2023-11-13 00:00:00+05:30,1143.5101318359375,3854810,19443.55078125,-0.0001294716276750707,0.0009369804014345284
2023-11-15 00:00:00+05:30,1164.185791015625,12220648,19675.44921875,0.018080870998923526,0.011926753508604282
2023-11-16 00:00:00+05:30,1166.285400390625,13134910,19765.19921875,0.0018035002584666504,0.004561522280999375
2023-11-17 00:00:00+05:30,1163.7412109375,7758634,19731.80078125,-0.0021814467130196746,-0.0016897597201204206
2023-11-20 00:00:00+05:30,1160.6781005859375,4490186,19694.0,-0.002632123295775446,-0.0019157289123818977
2023-11-21 00:00:00+05:30,1175.2769775390625,8214450,19783.400390625,0.01257788610447208,0.0045394734754240496
2023-11-22 00:00:00+05:30,1179.87158203125,8534814,19811.849609375,0.00390938015463238,0.0014380348265852216
2023-11-23 00:00:00+05:30,1183.4781494140625,8531542,19802.0,0.003056745698208463,-0.0004971574875239915
2023-11-24 00:00:00+05:30,1182.6876220703125,6749486,19794.69921875,-0.0006679695304399047,-0.00036868908443588033
2023-11-28 00:00:00+05:30,1182.9346923828125,13792174,19889.69921875,0.00020890580732335629,0.004799264638990497
2023-11-29 00:00:00+05:30,1186.047119140625,12531306,20096.599609375,0.0026311061615269526,0.010402389113554511
2023-11-30 00:00:00+05:30,1174.5606689453125,28439984,20133.150390625,-0.009684649125605738,0.0018187545137213768
2023-12-01 00:00:00+05:30,1182.88525390625,14342842,20267.900390625,0.007087403129556913,0.0066929416105065975
2023-12-04 00:00:00+05:30,1195.680908203125,15590990,20686.80078125,0.01081732505720212,0.020668169003769332
2023-12-05 00:00:00+05:30,1204.3514404296875,12693624,20855.099609375,0.007251543590833576,0.008135565760247543
2023-12-06 00:00:00+05:30,1215.8873291015625,16422442,20937.69921875,0.009578506974475154,0.003960643244200535
2023-12-07 00:00:00+05:30,1213.886474609375,8142096,20901.150390625,-0.0016455920250981748,-0.0017455990623970186
2023-12-08 00:00:00+05:30,1213.2442626953125,10204894,20969.400390625,-0.0005290543452748375,0.003265370504707432
2023-12-11 00:00:00+05:30,1215.022705078125,7066138,20997.099609375,0.0014658568249574788,0.001320935183362959
2023-12-12 00:00:00+05:30,1197.5831298828125,9197124,20906.400390625,-0.014353291607164809,-0.004319607014175553
2023-12-13 00:00:00+05:30,1202.4739990234375,10031182,20926.349609375,0.004083949596971781,0.0009542158562574343
2023-12-14 00:00:00+05:30,1217.39404296875,16972354,21182.69921875,0.01240778923904351,0.012250087289956912
2023-12-15 00:00:00+05:30,1232.9317626953125,15932152,21456.650390625,0.012763098206618473,0.012932779200891975
2023-12-18 00:00:00+05:30,1245.4803466796875,14165188,21418.650390625,0.010177841437828183,-0.0017710126840955187
2023-12-19 00:00:00+05:30,1263.8094482421875,16820604,21453.099609375,0.014716492003557846,0.0016083748565725031
2023-12-20 00:00:00+05:30,1248.518798828125,17736722,21150.150390625,-0.012098856702907224,-0.01412146609423337
2023-12-21 00:00:00+05:30,1266.0079345703125,13765454,21255.05078125,0.014007907416855092,0.004959794076523361
2023-12-22 00:00:00+05:30,1267.242919921875,16541784,21349.400390625,0.0009754957436201028,0.004438926556610712
2023-12-26 00:00:00+05:30,1273.66552734375,7465664,21441.349609375,0.005068173844893886,0.004306875934107168
2023-12-27 00:00:00+05:30,1278.01318359375,9204156,21654.75,0.003413499193204217,0.0099527499207277
2023-12-28 00:00:00+05:30,1287.251708984375,12302636,21778.69921875,0.0072288185358513335,0.005723881307796219
2023-12-29 00:00:00+05:30,1277.074462890625,10864584,21731.400390625,-0.007906181846734306,-0.0021717930740454694
2024-01-01 00:00:00+05:30,1279.69287109375,4030540,21741.900390625,0.002050317565037041,0.00048317180721269004
2024-01-02 00:00:00+05:30,1290.2900390625,7448800,21665.80078125,0.008281024461512132,-0.003500136051024061
2024-01-03 00:00:00+05:30,1276.2593994140625,9037536,21517.349609375,-0.010874019967349269,-0.00685186637566948
2024-01-04 00:00:00+05:30,1282.8546142578125,9612778,21658.599609375,0.00516761314101033,0.006564470186349425
2024-01-05 00:00:00+05:30,1288.3138427734375,8086406,21710.80078125,0.004255531729745909,0.002410182228605562
2024-01-08 00:00:00+05:30,1278.26025390625,7734652,21513.0,-0.00780367992130282,-0.00911070868564301
2024-01-09 00:00:00+05:30,1274.8758544921875,5403074,21544.849609375,-0.002647660680773045,0.0014804820050666745
2024-01-10 00:00:00+05:30,1309.26123046875,11102740,21618.69921875,0.026971548527961575,0.0034277152411805734
2024-01-11 00:00:00+05:30,1343.6961669921875,23725852,21647.19921875,0.026301043460294604,0.0013183031833516878
2024-01-12 00:00:00+05:30,1354.3919677734375,15012164,21894.55078125,0.007959984588772118,0.011426492637705898
2024-01-15 00:00:00+05:30,1377.51318359375,8610594,22097.44921875,0.01707128834965177,0.009267074694848665
2024-01-16 00:00:00+05:30,1358.24560546875,9069024,22032.30078125,-0.013987218673823132,-0.0029482333845447517
2024-01-17 00:00:00+05:30,1345.35107421875,12197382,21571.94921875,-0.009493519580024645,-0.020894393512082443
2024-01-18 00:00:00+05:30,1351.6500244140625,10279438,21462.25,0.004682012239050959,-0.0050852715087356115
2024-01-19 00:00:00+05:30,1351.156005859375,10422704,21622.400390625,-0.00036549294992371806,0.00746195718645537
2024-01-23 00:00:00+05:30,1312.7442626953125,20055420,21238.80078125,-0.02842879948539434,-0.01774084294273448
2024-01-24 00:00:00+05:30,1327.862060546875,21919128,21453.94921875,0.01151617895516277,0.010129971071150878
2024-01-25 00:00:00+05:30,1336.9522705078125,11808872,21352.599609375,0.006845748689584319,-0.004724053755400193
2024-01-29 00:00:00+05:30,1430.7957763671875,23893438,21737.599609375,0.07019211375715795,0.018030591452244726
2024-01-30 00:00:00+05:30,1390.852294921875,14093978,21522.099609375,-0.027916969077676157,-0.009913698102483215
2024-01-31 00:00:00+05:30,1409.6258544921875,15130226,21725.69921875,0.013497881578695692,0.009460025419002926
2024-02-01 00:00:00+05:30,1409.650634765625,13349362,21697.44921875,1.757932671186957e-05,-0.0013003033741542103
2024-02-02 00:00:00+05:30,1440.3306884765625,19652588,21853.80078125,0.021764296027886765,0.007205988175093214
2024-02-05 00:00:00+05:30,1421.878173828125,8814432,21771.69921875,-0.012811304234553789,-0.0037568550808078083
2024-02-06 00:00:00+05:30,1410.7869873046875,9047984,21929.400390625,-0.007800377506025469,0.007243402101531293
2024-02-07 00:00:00+05:30,1424.9659423828125,9296568,21930.5,0.010050386915755327,5.014315737827957e-05
2024-02-08 00:00:00+05:30,1432.845947265625,14694634,21717.94921875,0.0055299601544409605,-0.009692017110872975
2024-02-09 00:00:00+05:30,1443.3443603515625,12556798,21782.5,0.007326965683905007,0.0029722318898448563
2024-02-12 00:00:00+05:30,1435.04443359375,6674430,21616.05078125,-0.005750482688546277,-0.0076414194307357075
2024-02-13 00:00:00+05:30,1447.642333984375,7715594,21743.25,0.008778752835601367,0.005884480011507653
2024-02-14 00:00:00+05:30,1463.7235107421875,7117888,21840.05078125,0.011108528937221696,0.004451992284961959
2024-02-15 00:00:00+05:30,1453.076904296875,10006782,21910.75,-0.007273645854000144,0.0032371361888359207
2024-02-16 00:00:00+05:30,1443.17138671875,9767498,22040.69921875,-0.006816925896236836,0.005930843022260657
2024-02-19 00:00:00+05:30,1456.4364013671875,6729828,22122.25,0.009191572650700364,0.0037000088082788096
2024-02-20 00:00:00+05:30,1453.4969482421875,7117496,22196.94921875,-0.002018250245764741,0.0033766555730090353
2024-02-21 00:00:00+05:30,1450.2115478515625,12720292,22055.05078125,-0.0022603421318484473,-0.006392700010330099
2024-02-22 00:00:00+05:30,1464.0941162109375,18493728,22217.44921875,0.009572788452789194,0.0073633218581414805
2024-02-23 00:00:00+05:30,1475.82763671875,14438584,22212.69921875,0.008014184592298523,-0.0002137959201901074
2024-02-26 00:00:00+05:30,1469.6026611328125,7513106,22122.05078125,-0.004217955695542952,-0.004080928508836235
2024-02-27 00:00:00+05:30,1467.94775390625,10826044,22198.349609375,-0.001126091609882418,0.003448994348646428
2024-02-28 00:00:00+05:30,1438.2803955078125,8647950,21951.150390625,-0.020210091482814607,-0.011135927809948543
2024-02-29 00:00:00+05:30,1443.3939208984375,23628976,21982.80078125,0.003555304936781578,0.0014418556686905948
2024-03-01 00:00:00+05:30,1474.345458984375,12132926,22338.75,0.02144358351368969,0.016192168700068565
2024-03-04 00:00:00+05:30,1489.4384765625,10024420,22405.599609375,0.010237097069856427,0.0029925402887358565
2024-03-05 00:00:00+05:30,1482.32421875,7107668,22356.30078125,-0.004776469739736444,-0.00220029050703785
2024-03-06 00:00:00+05:30,1485.0908203125,7805676,22474.05078125,0.0018663943606298528,0.005266971542034149
2024-03-07 00:00:00+05:30,1461.3028564453125,8315726,22493.55078125,-0.016017851259885862,0.0008676673462120199
2024-03-11 00:00:00+05:30,1449.1246337890625,11277130,22332.650390625,-0.008333811572690752,-0.007153178801771132
2024-03-12 00:00:00+05:30,1457.8446044921875,9432678,22335.69921875,0.006017405611499882,0.0001365188668460693
2024-03-13 00:00:00+05:30,1415.10986328125,13522134,21997.69921875,-0.029313646378533842,-0.015132725270416536
2024-03-14 00:00:00+05:30,1414.4180908203125,18571102,22146.650390625,-0.0004888471763835334,0.006771215952804832
2024-03-15 00:00:00+05:30,1401.3260498046875,19223818,22023.349609375,-0.00925613232791167,-0.005567468627318717
2024-03-18 00:00:00+05:30,1422.3228759765625,9169392,22055.69921875,0.01498354089314291,0.0014688778023679294
2024-03-19 00:00:00+05:30,1408.267333984375,8275764,21817.44921875,-0.009882103585331814,-0.010802196640288697
2024-03-20 00:00:00+05:30,1426.546875,8488806,21839.099609375,0.012980164045918174,0.0009923428906801757
2024-03-21 00:00:00+05:30,1433.685791015625,13006936,22011.94921875,0.005004333289521323,0.0079146856998078
2024-03-22 00:00:00+05:30,1437.6876220703125,19527608,22096.75,0.002791288774545597,0.0038524885010076115
2024-03-26 00:00:00+05:30,1424.3978271484375,11415906,22004.69921875,-0.00924386822134371,-0.00416580634029895
2024-03-27 00:00:00+05:30,1475.061767578125,16326644,22123.650390625,0.03556867292553645,0.005405716783151604
2024-03-28 00:00:00+05:30,1468.1451416015625,21854364,22326.900390625,-0.0046890415903863,0.009187001078543977
2024-04-01 00:00:00+05:30,1467.0830078125,5013880,22462.0,-0.0007234528514693528,0.006050979178091831
2024-04-02 00:00:00+05:30,1469.2320556640625,8910166,22453.30078125,0.0014648440750240077,-0.0003872860275131451
2024-04-03 00:00:00+05:30,1454.0650634765625,7008292,22434.650390625,-0.010323074649119857,-0.0008306302403686683
2024-04-04 00:00:00+05:30,1445.493408203125,14490272,22514.650390625,-0.005894959922180698,0.003565912488363576
2024-04-05 00:00:00+05:30,1442.7020263671875,7442298,22513.69921875,-0.0019310927466680283,-4.224679746289706e-05
2024-04-08 00:00:00+05:30,1468.2686767578125,8357118,22666.30078125,0.017721365828398783,0.006778164752814453
2024-04-09 00:00:00+05:30,1446.2098388671875,7071414,22642.75,-0.015023706655197921,-0.0010390218270411866
2024-04-10 00:00:00+05:30,1461.945068359375,9138330,22753.80078125,0.010880322529483566,0.0049044741142307835
2024-04-12 00:00:00+05:30,1449.6680908203125,15551012,22519.400390625,-0.008397700983963752,-0.010301592814249916
2024-04-15 00:00:00+05:30,1447.3707275390625,12902062,22272.5,-0.0015847512239508532,-0.010963897188301042
2024-04-16 00:00:00+05:30,1448.2847900390625,9366184,22147.900390625,0.0006315330845154676,-0.005594325260972033
2024-04-18 00:00:00+05:30,1446.876708984375,19005692,21995.849609375,-0.0009722404490967174,-0.0068652458503182245
2024-04-19 00:00:00+05:30,1452.607666015625,15741778,22147.0,0.003960915947892163,0.0068717686886063944
2024-04-22 00:00:00+05:30,1462.2166748046875,10350362,22336.400390625,0.006615006249704791,0.008551965982977361
2024-04-23 00:00:00+05:30,1441.936279296875,14605554,22368.0,-0.013869624014868687,0.0014147135985376202
2024-04-24 00:00:00+05:30,1432.8953857421875,10462776,22402.400390625,-0.0062699674628452495,0.0015379287654238016
2024-04-25 00:00:00+05:30,1442.5784912109375,15943926,22570.349609375,0.0067577197645412035,0.0074969296067168845
2024-04-26 00:00:00+05:30,1435.2420654296875,9413848,22419.94921875,-0.005085633694074887,-0.006663626980883297
2024-04-29 00:00:00+05:30,1447.5684814453125,7247974,22643.400390625,0.008588388197732222,0.00996662256880243
2024-04-30 00:00:00+05:30,1449.5198974609375,11474262,22604.849609375,0.0013480647310561977,-0.00170251731563964
2024-05-02 00:00:00+05:30,1449.0753173828125,14512646,22648.19921875,-0.0003067085032111283,0.0019177127972140884
2024-05-03 00:00:00+05:30,1416.9130859375,17226958,22475.849609375,-0.022195003295895632,-0.007609859296553445
2024-05-06 00:00:00+05:30,1402.610595703125,7394208,22442.69921875,-0.010094119657954703,-0.0014749338156797576
2024-05-07 00:00:00+05:30,1384.775634765625,14517472,22302.5,-0.012715546989404691,-0.006246985595782073
2024-05-08 00:00:00+05:30,1401.6470947265625,9439002,22302.5,0.012183533229044086,0.0
2024-05-09 00:00:00+05:30,1377.51318359375,11009612,21957.5,-0.017218250744864272,-0.01546911781190452
2024-05-10 00:00:00+05:30,1390.65478515625,10505096,22055.19921875,0.009540091317467692,0.0044494691449390444
2024-05-13 00:00:00+05:30,1385.986083984375,8456620,22104.05078125,-0.003357196352184899,0.0022149680905385605
2024-05-14 00:00:00+05:30,1403.1539306640625,7188300,22217.849609375,0.012386738134003483,0.005148324587705533
2024-05-15 00:00:00+05:30,1399.3994140625,5046534,22200.55078125,-0.0026757695784564994,-0.0007786004689536163
2024-05-16 00:00:00+05:30,1408.3660888671875,14711774,22403.849609375,0.006407516477841657,0.009157377676264788
2024-05-17 00:00:00+05:30,1418.5927734375,10916476,22466.099609375,0.007261382286290585,0.0027785403439750667
2024-05-21 00:00:00+05:30,1419.0126953125,11176128,22529.05078125,0.00029601298051340486,0.002802051667603722
2024-05-22 00:00:00+05:30,1443.2454833984375,10281604,22597.80078125,0.01707721725534017,0.0030516154749500313
2024-05-23 00:00:00+05:30,1468.343017578125,14608260,22967.650390625,0.017389650248958333,0.01636661960848307
2024-05-24 00:00:00+05:30,1462.6119384765625,7094776,22957.099609375,-0.0039030928284150557,-0.0004593757337192361
2024-05-27 00:00:00+05:30,1448.77880859375,6629010,22932.44921875,-0.009457826453420637,-0.0010737589261899938
2024-05-28 00:00:00+05:30,1438.8486328125,7820162,22888.150390625,-0.006854169678868094,-0.0019317094176221072
2024-05-29 00:00:00+05:30,1423.607421875,7383556,22704.69921875,-0.010592643722160067,-0.008015115627261094
2024-05-30 00:00:00+05:30,1407.8720703125,13206858,22488.650390625,-0.011053153643843294,-0.009515599658179275
2024-05-31 00:00:00+05:30,1413.35595703125,31069832,22530.69921875,0.003895159819125249,0.0018697799732139142
2024-06-03 00:00:00+05:30,1492.32861328125,21527942,23263.900390625,0.055875984996647254,0.03254231769535276
2024-06-04 00:00:00+05:30,1380.625732421875,36709098,21884.5,-0.07485139657931561,-0.05929359941641077
2024-06-05 00:00:00+05:30,1403.821044921875,17464890,22620.349609375,0.016800579588873044,0.033624236760035675
2024-06-06 00:00:00+05:30,1414.5416259765625,17855722,22821.400390625,0.007636714874355022,0.008888049244237806
2024-06-07 00:00:00+05:30,1452.4345703125,18558696,23290.150390625,0.02678814369268001,0.020539931466807104
2024-06-10 00:00:00+05:30,1453.867431640625,9251760,23259.19921875,0.000986523838947706,-0.0013289382574128705
2024-06-11 00:00:00+05:30,1439.3179931640625,11774902,23264.849609375,-0.010007403811325588,0.0002429314342191624
2024-06-12 00:00:00+05:30,1445.8885498046875,10081742,23322.94921875,0.004565048635417179,0.002497312914139238
2024-06-13 00:00:00+05:30,1447.790771484375,9181160,23398.900390625,0.0013156074027589337,0.0032564994745150067
2024-06-14 00:00:00+05:30,1459.9442138671875,8157998,23465.599609375,0.008394474272240382,0.0028505279152657437
2024-06-18 00:00:00+05:30,1463.3778076171875,7196766,23557.900390625,0.00235186640515872,0.003933450786960613
2024-06-19 00:00:00+05:30,1441.26953125,8725874,23516.0,-0.015107702366476627,-0.0017786131162043084
2024-06-20 00:00:00+05:30,1456.139892578125,16113776,23567.0,0.01031754366945381,0.0021687361796223215
2024-06-21 00:00:00+05:30,1436.8724365234375,31170360,23501.099609375,-0.013231871575590248,-0.00279629951309035
2024-06-24 00:00:00+05:30,1424.298828125,8878386,23537.849609375,-0.008750678264007772,0.00156375661610908
2024-06-25 00:00:00+05:30,1436.822998046875,7045386,23721.30078125,0.008793217879960125,0.007793879853915442
2024-06-26 00:00:00+05:30,1495.9844970703125,22014882,23868.80078125,0.04117521720062789,0.006218040121837909
2024-06-27 00:00:00+05:30,1512.312744140625,28383030,24044.5,0.010914716764972576,0.007361040898544724
2024-06-28 00:00:00+05:30,1546.7474365234375,28957336,24010.599609375,0.02276955776259104,-0.0014099020825968367
2024-07-01 00:00:00+05:30,1541.5599365234375,7724306,24141.94921875,-0.0033538119265674737,0.005470484349075377
2024-07-02 00:00:00+05:30,1546.5250244140625,7749246,24123.849609375,0.0032208205292505454,-0.0007497161563467802
2024-07-03 00:00:00+05:30,1533.927001953125,9049620,24286.5,-0.008146019147482364,0.006742306607722792
2024-07-04 00:00:00+05:30,1535.5079345703125,6837176,24302.150390625,0.0010306439714371507,0.0006444070008029268
2024-07-05 00:00:00+05:30,1569.6956787109375,12269710,24323.849609375,0.02226477856019149,0.0008928929498506211
2024-07-08 00:00:00+05:30,1581.824462890625,9500806,24320.55078125,0.0077268379751467275,-0.00013562113637344275
2024-07-09 00:00:00+05:30,1571.3260498046875,6960002,24433.19921875,-0.006636901459187605,0.004631820986013446
2024-07-10 00:00:00+05:30,1565.3480224609375,7134578,24324.44921875,-0.0038044474248314364,-0.004450911197766749
2024-07-11 00:00:00+05:30,1561.815673828125,11940946,24315.94921875,-0.00225658996090794,-0.0003494426502141934
2024-07-12 00:00:00+05:30,1577.6990966796875,12924784,24502.150390625,0.010169844699170483,0.007657573644356042
2024-07-15 00:00:00+05:30,1578.1932373046875,5329688,24586.69921875,0.00031320333898898767,0.003450669707641296
2024-07-16 00:00:00+05:30,1557.468017578125,9386838,24613.0,-0.013132244668566662,0.0010697158254551198
2024-07-18 00:00:00+05:30,1567.76904296875,12298374,24800.849609375,0.00661395628954442,0.007632129743428306
2024-07-19 00:00:00+05:30,1536.61962890625,13140390,24530.900390625,-0.01986862427358238,-0.010884676251089243
2024-07-22 00:00:00+05:30,1482.7935791015625,19674376,24509.25,-0.03502887038023872,-0.0008825762723847497
2024-07-23 00:00:00+05:30,1470.1707763671875,18052044,24479.05078125,-0.008512852302761664,-0.0012321559717249908
2024-07-24 00:00:00+05:30,1477.8778076171875,11913362,24413.5,0.005242269383863185,-0.002677831825905974
2024-07-25 00:00:00+05:30,1474.6171875,12519876,24406.099609375,-0.002206285323713364,-0.0003031269840456652
2024-07-26 00:00:00+05:30,1491.044189453125,9859940,24834.849609375,0.011139841643223125,0.01756732976027453
2024-07-29 00:00:00+05:30,1501.987060546875,7538550,24836.099609375,0.007339065583135795,5.03324972633834e-05
2024-07-30 00:00:00+05:30,1495.1199951171875,8228208,24857.30078125,-0.0045719870763648585,0.0008536433743000504
2024-07-31 00:00:00+05:30,1487.487060546875,10057346,24951.150390625,-0.0051052320852108535,0.00377553501085659
2024-08-01 00:00:00+05:30,1497.244384765625,10764222,25010.900390625,0.006559602753897442,0.0023946791656728195
2024-08-02 00:00:00+05:30,1481.4595947265625,10268248,24717.69921875,-0.010542560853573302,-0.011722935491954689
2024-08-05 00:00:00+05:30,1430.079345703125,17046704,24055.599609375,-0.03468218047007954,-0.02678645789462286
2024-08-06 00:00:00+05:30,1438.7003173828125,10236186,23992.55078125,0.006028317034009634,-0.0026209626510589334
2024-08-07 00:00:00+05:30,1447.3707275390625,8174568,24297.5,0.0060265574779483355,0.012710162480444431
2024-08-08 00:00:00+05:30,1431.8577880859375,12387192,24117.0,-0.010718013814954852,-0.007428747813561065
2024-08-09 00:00:00+05:30,1456.7330322265625,6249776,24367.5,0.017372705828472945,0.010386864037815746
2024-08-12 00:00:00+05:30,1443.220703125,8184584,24347.0,-0.009275775864647895,-0.0008412844977941925
2024-08-13 00:00:00+05:30,1446.1851806640625,6265064,24139.0,0.0020540708241252315,-0.008543146999630324
2024-08-14 00:00:00+05:30,1444.43115234375,6267466,24143.75,-0.0012128656438776808,0.00019677699987563635
2024-08-16 00:00:00+05:30,1460.58642578125,9416902,24541.150390625,0.01118452299459638,0.016459762490292462
2024-08-19 00:00:00+05:30,1475.65625,13797742,24572.650390625,0.01031765320610134,0.0012835584110202358
2024-08-20 00:00:00+05:30,1483.1416015625,8411808,24698.849609375,0.005072557760318563,0.005135759339910173
2024-08-21 00:00:00+05:30,1485.8433837890625,7769996,24770.19921875,0.001821661683359288,0.0028887826964991703
2024-08-22 00:00:00+05:30,1485.2979736328125,10445782,24811.5,-0.0003670710938989963,0.001667357653657442
2024-08-23 00:00:00+05:30,1487.1322021484375,9249654,24823.150390625,0.001234922923336823,0.00046955607782672715
2024-08-26 00:00:00+05:30,1499.649169921875,8816114,25010.599609375,0.008416849393318548,0.007551387144671073
2024-08-27 00:00:00+05:30,1487.6031494140625,6251156,25017.75,-0.008032559047420396,0.0002858944102370753
2024-08-28 00:00:00+05:30,1485.4716796875,9610286,25052.349609375,-0.0014328214668017925,0.0013830024432652799
2024-08-29 00:00:00+05:30,1507.90283203125,38335358,25151.94921875,0.015100356775882062,0.00397565940632294
2024-08-30 00:00:00+05:30,1496.6995849609375,41620730,25235.900390625,-0.00742968766443719,0.003337760073577778
2024-09-02 00:00:00+05:30,1503.2679443359375,11240852,25278.69921875,0.0043885623013462105,0.001695950113232314
2024-09-03 00:00:00+05:30,1496.203857421875,10923800,25279.849609375,-0.004699153561198988,4.550829989491412e-05
2024-09-04 00:00:00+05:30,1501.5823974609375,11983304,25198.69921875,0.0035947909186186955,-0.0032100820170585243
2024-09-05 00:00:00+05:30,1480.192138671875,16264168,25145.099609375,-0.014245144871990911,-0.0021270784221717465
2024-09-06 00:00:00+05:30,1452.2830810546875,19394228,24852.150390625,-0.01885502353919355,-0.011650350298901935
2024-09-09 00:00:00+05:30,1449.928466796875,9010298,24936.400390625,-0.0016213190723826099,0.003390048695012693
2024-09-10 00:00:00+05:30,1449.011474609375,10768260,25041.099609375,-0.000632439605469437,0.0041986500501236534
2024-09-11 00:00:00+05:30,1439.072265625,9760202,24918.44921875,-0.006859303158420094,-0.004897963449619458
2024-09-12 00:00:00+05:30,1467.1298828125,22349376,25388.900390625,0.01949701752838262,0.01887963282727112
2024-09-13 00:00:00+05:30,1460.016357421875,8711328,25356.5,-0.004848599618861527,-0.0012761636040355961
2024-09-16 00:00:00+05:30,1458.7523193359375,5481774,25383.75,-0.000865769811079109,0.0010746751326089488
2024-09-17 00:00:00+05:30,1459.6942138671875,5935328,25418.55078125,0.0006456850273792725,0.0013709866056039743
2024-09-18 00:00:00+05:30,1450.9197998046875,8574714,25377.55078125,-0.006011131632325806,-0.0016129951842196455
2024-09-19 00:00:00+05:30,1457.0916748046875,16955902,25415.80078125,0.00425376716261705,0.0015072376499098983
2024-09-20 00:00:00+05:30,1473.2025146484375,30897320,25790.94921875,0.011056847089535138,0.014760441377741573
2024-09-23 00:00:00+05:30,1480.5887451171875,8832314,25939.05078125,0.005013723772059109,0.005742385099666292
2024-09-24 00:00:00+05:30,1476.6229248046875,17137444,25940.400390625,-0.0026785427929117978,5.2030021699067674e-05
2024-09-25 00:00:00+05:30,1481.15869140625,7069002,26004.150390625,0.0030717162285438526,0.0024575565157058943
2024-09-26 00:00:00+05:30,1485.12451171875,18818998,26216.05078125,0.00267751209611089,0.008148714241454025
2024-09-27 00:00:00+05:30,1513.10791015625,20597478,26178.94921875,0.01884245948180774,-0.0014152231703233875
2024-09-30 00:00:00+05:30,1463.9324951171875,27008814,25810.849609375,-0.03249960872518631,-0.014060900852023384
2024-10-01 00:00:00+05:30,1452.2830810546875,16431642,25796.900390625,-0.007957616967555259,-0.0005404401234794243
2024-10-03 00:00:00+05:30,1394.928466796875,37757294,25250.099609375,-0.03949272356471989,-0.021196375260987388
2024-10-04 00:00:00+05:30,1374.653564453125,37072876,25014.599609375,-0.01453472549048096,-0.009326695880144675
2024-10-07 00:00:00+05:30,1358.98876953125,22181340,24795.75,-0.011395449244047784,-0.008748875168602677
2024-10-08 00:00:00+05:30,1385.3857421875,17020808,25013.150390625,0.01942398145450097,0.00876764730346924
2024-10-09 00:00:00+05:30,1362.8306884765625,14310610,24981.94921875,-0.016280702929224233,-0.0012473907279866303
2024-10-10 00:00:00+05:30,1359.31103515625,22358646,24998.44921875,-0.0025826049780599547,0.0006604768849507447
2024-10-11 00:00:00+05:30,1360.35205078125,7980122,24964.25,0.0007658406340240731,-0.0013680536120755926
2024-10-14 00:00:00+05:30,1360.7734375,12221432,25127.94921875,0.0003097629900348231,0.006557345754428789
2024-10-15 00:00:00+05:30,1332.5174560546875,33762794,25057.349609375,-0.020764648005787145,-0.0028096049048969007
2024-10-16 00:00:00+05:30,1342.4814453125,20034438,24971.30078125,0.0074775675264426855,-0.0034340754096676696
2024-10-17 00:00:00+05:30,1344.811279296875,15543660,24749.849609375,0.0017354682945600608,-0.008868227322834543
2024-10-18 00:00:00+05:30,1347.66162109375,12082452,24854.05078125,0.0021195106263276475,0.004210173941240125
2024-10-21 00:00:00+05:30,1357.4769287109375,14067408,24781.099609375,0.007283213726322124,-0.00293518237799828
2024-10-22 00:00:00+05:30,1331.84814453125,15831960,24472.099609375,-0.018879719896252367,-0.012469180337869368
2024-10-23 00:00:00+05:30,1327.064453125,17214742,24435.5,-0.003591769396453004,-0.001495564743491773
2024-10-24 00:00:00+05:30,1328.3287353515625,22155934,24399.400390625,0.000952690898761821,-0.0014773427748562273
2024-10-25 00:00:00+05:30,1316.4808349609375,18597496,24180.80078125,-0.008919403815719762,-0.008959220549493163
2024-10-28 00:00:00+05:30,1322.9251708984375,10824350,24339.150390625,0.004895123245520772,0.0065485676346082045
2024-10-29 00:00:00+05:30,1328.52685546875,12008361,24466.849609375,0.004234317022260736,0.0052466588480091225
2024-10-30 00:00:00+05:30,1332.3935546875,11984423,24340.849609375,0.0029105164135998507,-0.005149825253829232
2024-10-31 00:00:00+05:30,1320.64501953125,9331650,24205.349609375,-0.008817616322833066,-0.005566773640794054
2024-11-01 00:00:00+05:30,1327.1884765625,2127335,24304.349609375,0.004954743276563756,0.004090004961616156
2024-11-04 00:00:00+05:30,1291.0009765625,19796890,23995.349609375,-0.027266285564600312,-0.0127137736646451
2024-11-05 00:00:00+05:30,1294.1240234375,16267479,24213.30078125,0.0024190894752966763,0.00908305881860727
2024-11-06 00:00:00+05:30,1314.0023193359375,21625209,24484.05078125,0.015360425692149793,0.011181870759630508
2024-11-07 00:00:00+05:30,1294.4710693359375,9611974,24199.349609375,-0.014863938756113138,-0.011628025706147627
2024-11-08 00:00:00+05:30,1272.7584228515625,19814406,24148.19921875,-0.016773373309542983,-0.002113709312467793
2024-11-11 00:00:00+05:30,1261.802978515625,9056552,24141.30078125,-0.008607638448302146,-0.00028567088740283353
2024-11-12 00:00:00+05:30,1263.33984375,10671091,23883.44921875,0.0012179914460044294,-0.010680930776533315
2024-11-13 00:00:00+05:30,1241.3299560546875,14633633,23559.05078125,-0.017421984911027644,-0.013582562322921432
2024-11-14 00:00:00+05:30,1256.746826171875,12612633,23532.69921875,0.012419639147505102,-0.0011185324376894457
2024-11-18 00:00:00+05:30,1249.9554443359375,13620611,23453.80078125,-0.0054039379248916886,-0.0033527151631265184
2024-11-19 00:00:00+05:30,1231.0189208984375,14183746,23518.5,-0.015149758756049403,0.002758581406631766
2024-11-21 00:00:00+05:30,1212.5286865234375,19433843,23349.900390625,-0.015020268219358646,-0.007168807933116472
2024-11-22 00:00:00+05:30,1254.5655517578125,20471957,23907.25,0.034668759346967004,0.023869464111237804
2024-11-25 00:00:00+05:30,1275.9805908203125,28923341,24221.900390625,0.01706968522489305,0.013161295867362366
2024-11-26 00:00:00+05:30,1284.606201171875,9247557,24194.5,0.006759985546502145,-0.0011312238174179257
2024-11-27 00:00:00+05:30,1282.1275634765625,9572746,24274.900390625,-0.0019294922389845315,0.003323085437806128
2024-11-28 00:00:00+05:30,1259.91943359375,15027412,23914.150390625,-0.01732131069906484,-0.014861029054492936
2024-11-29 00:00:00+05:30,1281.1361083984375,13202307,24131.099609375,0.016839707555085237,0.009072001940535257
2024-12-02 00:00:00+05:30,1297.941162109375,11024152,24276.05078125,0.013117305492189812,0.006006820004948565
2024-12-03 00:00:00+05:30,1311.9698486328125,16869482,24457.150390625,0.010808414844197145,0.007460011144599932
2024-12-04 00:00:00+05:30,1297.74267578125,19608540,24467.44921875,-0.010844130958031162,0.00042109681465385407
2024-12-05 00:00:00+05:30,1310.7305908203125,16858723,24708.400390625,0.010008081942164404,0.009847825562885104
2024-12-06 00:00:00+05:30,1300.3204345703125,9037514,24677.80078125,-0.007942254741674204,-0.0012384293961259507
2024-12-09 00:00:00+05:30,1284.0609130859375,14650002,24619.0,-0.012504242071492144,-0.0023827399277279726
2024-12-10 00:00:00+05:30,1273.8489990234375,16043729,24610.05078125,-0.007952826815636138,-0.0003635086213900074
2024-12-11 00:00:00+05:30,1267.2559814453125,11724373,24641.80078125,-0.005175666490439101,0.0012901233029631864
2024-12-12 00:00:00+05:30,1252.0870361328125,20906813,24548.69921875,-0.011969914156727657,-0.003778196379659149
2024-12-13 00:00:00+05:30,1261.951904296875,28630222,24768.30078125,0.007878739959269243,0.008945547808588916
2024-12-16 00:00:00+05:30,1257.44091796875,9486781,24668.25,-0.0035746103419356245,-0.004039468921733236
2024-12-17 00:00:00+05:30,1234.6376953125,17462791,24336.0,-0.018134627504476253,-0.013468730047733413
2024-12-18 00:00:00+05:30,1242.5196533203125,12670179,24198.849609375,0.006384025076941802,-0.005635699812006956
2024-12-19 00:00:00+05:30,1219.914794921875,14244653,23951.69921875,-0.01819275722362368,-0.010213311567061067
2024-12-20 00:00:00+05:30,1194.980224609375,20312896,23587.5,-0.020439599893611327,-0.01520556915080562
2024-12-23 00:00:00+05:30,1211.834716796875,10052824,23753.44921875,0.014104410968817094,0.0070354729729729115
2024-12-24 00:00:00+05:30,1212.28076171875,6734917,23727.650390625,0.00036807405803163107,-0.0010861087115143775
2024-12-26 00:00:00+05:30,1206.1339111328125,10016178,23750.19921875,-0.005070484313569934,0.0009503186263191132
2024-12-27 00:00:00+05:30,1210.595458984375,7000397,23813.400390625,0.003699048513918557,0.002661079652128029
2024-12-30 00:00:00+05:30,1200.333984375,8818766,23644.900390625,-0.008476386172787898,-0.007075847935867907
2024-12-31 00:00:00+05:30,1205.043212890625,6405475,23644.80078125,0.0039232651719653955,-4.212721278373799e-06
2025-01-01 00:00:00+05:30,1210.7935791015625,5892590,23742.900390625,0.004771917014613658,0.004148887118253564
2025-01-02 00:00:00+05:30,1231.167724609375,15486276,24188.650390625,0.016827100720942623,0.018774033191665485
2025-01-03 00:00:00+05:30,1240.437744140625,15521102,24004.75,0.00752945301111696,-0.007602755327609123
2025-01-06 00:00:00+05:30,1207.5714111328125,14816766,23616.05078125,-0.026495753747466266,-0.016192595996625703
2025-01-07 00:00:00+05:30,1230.2257080078125,10070505,23707.900390625,0.01876021299125341,0.0038892874268343647
2025-01-08 00:00:00+05:30,1254.664794921875,19346579,23688.94921875,0.019865530979382928,-0.0007993610384197103
2025-01-09 00:00:00+05:30,1244.0067138671875,12794704,23526.5,-0.008494763778998937,-0.006857594959147506
2025-01-10 00:00:00+05:30,1231.266845703125,8120332,23431.5,-0.010240996308177985,-0.004037999702463213
2025-01-13 00:00:00+05:30,1229.234375,13764861,23085.94921875,-0.0016507150421680716,-0.014747275302477436
2025-01-14 00:00:00+05:30,1228.143798828125,13095266,23176.05078125,-0.0008871995398558319,0.003902874499386977
2025-01-15 00:00:00+05:30,1241.478515625,9578856,23213.19921875,0.010857618472363662,0.0016028803979861728
2025-01-16 00:00:00+05:30,1255.6065673828125,14117603,23311.80078125,0.011380021144143493,0.004247650725383689
2025-01-17 00:00:00+05:30,1291.19921875,29366277,23203.19921875,0.028346977701285025,-0.004658651792672774
2025-01-20 00:00:00+05:30,1294.272705078125,14040244,23344.75,0.0023803347179069956,0.006100485537167577
2025-01-21 00:00:00+05:30,1262.7945556640625,14562976,23024.650390625,-0.024321110451110406,-0.013711845677293555
2025-01-22 00:00:00+05:30,1266.1654052734375,10273590,23155.349609375,0.00266935709712679,0.0056764909144164655
2025-01-23 00:00:00+05:30,1252.83056640625,8720682,23205.349609375,-0.01053167209564354,0.0021593282262408753
2025-01-24 00:00:00+05:30,1235.6292724609375,14235970,23092.19921875,-0.013729944340881262,-0.004876047658393667
2025-01-27 00:00:00+05:30,1218.82421875,9536019,22829.150390625,-0.013600401095603454,-0.011391241935562957
2025-01-28 00:00:00+05:30,1223.8311767578125,10568025,22957.25,0.004108023069107958,0.005611229817278129
2025-01-29 00:00:00+05:30,1224.921630859375,5928156,23163.099609375,0.0008910167695281856,0.008966649288351114
2025-01-30 00:00:00+05:30,1242.3214111328125,9269259,23249.5,0.01420481101409754,0.003730087599762788
2025-01-31 00:00:00+05:30,1254.2681884765625,6584612,23508.400390625,0.0096164947627011,0.011135740150325812
2025-02-01 00:00:00+05:30,1253.7724609375,7118453,23482.150390625,-0.00039523248984307813,-0.0011166221250199504
2025-02-03 00:00:00+05:30,1235.232666015625,9252345,23361.05078125,-0.014787208604033264,-0.005157091976693451
2025-02-04 00:00:00+05:30,1274.196044921875,16691069,23739.25,0.03154335209732628,0.016189306820631133
2025-02-05 00:00:00+05:30,1267.2559814453125,10112028,23696.30078125,-0.005446621423933262,-0.001809207062143936
2025-02-06 00:00:00+05:30,1270.577392578125,9956001,23603.349609375,0.0026209472919784815,-0.003922602634608197
2025-02-07 00:00:00+05:30,1255.8544921875,8764283,23559.94921875,-0.01158756678390982,-0.0018387386257991967
2025-02-10 00:00:00+05:30,1242.916259765625,6970972,23381.599609375,-0.010302333990412138,-0.007570033692307909
2025-02-11 00:00:00+05:30,1224.2772216796875,8859714,23071.80078125,-0.014996213895739241,-0.013249684936046169
2025-02-12 00:00:00+05:30,1206.1339111328125,21131654,23045.25,-0.014819609664862288,-0.0011507892904301098
2025-02-13 00:00:00+05:30,1205.687744140625,8511216,23031.400390625,-0.0003699149721845263,-0.0006009745771905495
2025-02-14 00:00:00+05:30,1206.827880859375,10298145,22929.25,0.0009456318389988727,-0.004435266153706374
2025-02-17 00:00:00+05:30,1214.412353515625,8166683,22959.5,0.006284634931411404,0.0013192755977626813
2025-02-18 00:00:00+05:30,1214.908203125,6673250,22945.30078125,0.0004083041546305566,-0.0006184463402948426
2025-02-19 00:00:00+05:30,1216.9405517578125,6217338,22932.900390625,0.0016728413122777397,-0.0005404326900405598
2025-02-20 00:00:00+05:30,1222.4429931640625,7795582,22913.150390625,0.004521536732671194,-0.0008612081186238907
2025-02-21 00:00:00+05:30,1217.634521484375,6904025,22795.900390625,-0.003933493591583903,-0.005117148798882476
2025-02-24 00:00:00+05:30,1204.1510009765625,7172498,22553.349609375,-0.011073536656446947,-0.010640105330068539
2025-02-25 00:00:00+05:30,1193.6912841796875,11552182,22547.55078125,-0.008686383010429899,-0.00025711604818956513
2025-02-27 00:00:00+05:30,1196.7647705078125,11509215,22545.05078125,0.002574774875932162,-0.00011087678764998277
2025-02-28 00:00:00+05:30,1189.82470703125,23007298,22124.69921875,-0.005799020532345489,-0.018644959666695105
2025-03-03 00:00:00+05:30,1161.2216796875,17944938,22119.30078125,-0.024039698599903736,-0.00024400049223838316
2025-03-04 00:00:00+05:30,1151.9517822265625,11377373,22082.650390625,-0.007982883563999676,-0.0016569416451024388
2025-03-05 00:00:00+05:30,1165.5345458984375,8664095,22337.30078125,0.01179108698944109,0.011531695069225467
2025-03-06 00:00:00+05:30,1199.243408203125,14468014,22544.69921875,0.02892137553821139,0.009284847776867
2025-03-07 00:00:00+05:30,1239.0992431640625,16474965,22552.5,0.03323414970498373,0.00034601398645017767
2025-03-10 00:00:00+05:30,1227.7967529296875,11931051,22460.30078125,-0.009121537517458145,-0.004088203913091726
2025-03-11 00:00:00+05:30,1236.62060546875,10089838,22497.900390625,0.0071867371517375656,0.0016740474556060647
2025-03-12 00:00:00+05:30,1246.287109375,11977555,22470.5,0.007816871127249048,-0.0012179087892316698
2025-03-13 00:00:00+05:30,1237.215576171875,9505270,22397.19921875,-0.0072788470127675975,-0.003262089461738671
2025-03-17 00:00:00+05:30,1228.2427978515625,16640917,22508.75,-0.007252396828106189,0.004980568336268254
2025-03-18 00:00:00+05:30,1228.2427978515625,0,22834.30078125,0.0,0.01446329899483545
2025-03-19 00:00:00+05:30,1236.471923828125,16162399,22907.599609375,0.006699917956740187,0.0032100316461272094
2025-03-20 00:00:00+05:30,1258.2835693359375,15971477,23190.650390625,0.01764022707469448,0.012356195589090069
2025-03-21 00:00:00+05:30,1265.4217529296875,21780769,23350.400390625,0.005672953035154915,0.0068885519512889015
2025-03-24 00:00:00+05:30,1290.9512939453125,20299319,23658.349609375,0.020174729062875096,0.013188177230298859
2025-03-25 00:00:00+05:30,1274.4439697265625,13713899,23668.650390625,-0.012786945794292182,0.00043539728764163677
2025-03-26 00:00:00+05:30,1262.150146484375,12074747,23486.849609375,-0.009646421132837424,-0.007681079328545448
2025-03-27 00:00:00+05:30,1267.2559814453125,15028056,23591.94921875,0.004045346724523613,0.004474827877002596
2025-03-28 00:00:00+05:30,1264.1824951171875,18147129,23519.349609375,-0.002425308203808707,-0.0030773044101545244
2025-04-01 00:00:00+05:30,1241.8751220703125,12099648,23165.69921875,-0.017645690501992828,-0.015036571865236992
2025-04-02 00:00:00+05:30,1240.437744140625,10142590,23332.349609375,-0.0011574254964470398,0.0071938424586863725
2025-04-03 00:00:00+05:30,1238.0086669921875,7434366,23250.099609375,-0.0019582418867142293,-0.0035251486188494496
2025-04-04 00:00:00+05:30,1194.38525390625,17908652,22904.44921875,-0.03523675903814394,-0.014866619775066536
2025-04-07 00:00:00+05:30,1155.7191162109375,22156106,22161.599609375,-0.032373254415905106,-0.03243254628305536
2025-04-08 00:00:00+05:30,1172.0780029296875,19555040,22535.849609375,0.014154725390701506,0.016887318902814252
2025-04-09 00:00:00+05:30,1175.2010498046875,10223104,22399.150390625,0.0026645384242292014,-0.006065856008070525
2025-04-11 00:00:00+05:30,1208.5133056640625,11224242,22828.55078125,0.02834600587270697,0.019170387409190415
2025-04-15 00:00:00+05:30,1229.4822998046875,13378535,23328.55078125,0.01735106601006997,0.02190239778210845
2025-04-16 00:00:00+05:30,1228.689208984375,8248464,23437.19921875,-0.0006450607873236258,0.004657316201027051
2025-04-17 00:00:00+05:30,1263.5877685546875,15398401,23851.650390625,0.028403081361119353,0.017683476937954135
2025-04-21 00:00:00+05:30,1284.4078369140625,10429964,24125.55078125,0.016476946736505127,0.011483498464016417
2025-04-22 00:00:00+05:30,1280.144775390625,13051707,24167.25,-0.003319087131763432,0.0017284255654137493
2025-04-23 00:00:00+05:30,1288.869384765625,10480888,24328.94921875,0.006815330221019433,0.006690840652122221
2025-04-24 00:00:00+05:30,1290.4556884765625,10468940,24246.69921875,0.0012307715038371025,-0.0033807460922566923
2025-04-25 00:00:00+05:30,1289.2659912109375,14431012,24039.349609375,-0.0009219202768825374,-0.00855166336268387
2025-04-28 00:00:00+05:30,1357.0804443359375,31104496,24328.5,0.05259927244439733,0.012028211882747275
2025-04-29 00:00:00+05:30,1387.7156982421875,32538970,24335.94921875,0.022574383142954124,0.0003061930965739812
2025-04-30 00:00:00+05:30,1392.9703369140625,25480745,24334.19921875,0.0037865383223170124,-7.191007773188485e-05
2025-05-02 00:00:00+05:30,1407.6436767578125,13007841,24346.69921875,0.010533849468939094,0.0005136803511647248
2025-05-05 00:00:00+05:30,1419.0452880859375,12685649,24461.150390625,0.008099785134819015,0.004700890697612925
2025-05-06 00:00:00+05:30,1408.7342529296875,14084117,24379.599609375,-0.007266177649733696,-0.0033338898599493128
2025-05-07 00:00:00+05:30,1393.9617919921875,13440169,24414.400390625,-0.010486336160832499,0.0014274549954715887
2025-05-08 00:00:00+05:30,1394.9532470703125,16106175,24273.80078125,0.0007112498232164643,-0.005758880297096702
2025-05-09 00:00:00+05:30,1365.4083251953125,13668904,24008.0,-0.021179865301615197,-0.0109501096942064
2025-05-12 00:00:00+05:30,1424.2005615234375,10674081,24924.69921875,0.04305835495745569,0.038183073090219954
2025-05-13 00:00:00+05:30,1403.57861328125,11407896,24578.349609375,-0.014479665855579138,-0.01389583907654357
2025-05-14 00:00:00+05:30,1412.204345703125,5570160,24666.900390625,0.006145528537022882,0.0036027960647213586
2025-05-15 00:00:00+05:30,1441.7491455078125,20177211,25062.099609375,0.020921051471469054,0.01602143814146184
2025-05-16 00:00:00+05:30,1443.9302978515625,9036695,25019.80078125,0.0015128514905287105,-0.0016877607536591732
2025-05-19 00:00:00+05:30,1428.4638671875,6195791,24945.44921875,-0.010711341598050206,-0.0029717088137536374
2025-05-20 00:00:00+05:30,1412.4024658203125,11270560,24683.900390625,-0.011243827538186757,-0.010484831354666824
2025-05-21 00:00:00+05:30,1416.9630126953125,6136364,24813.44921875,0.003228928712150969,0.00524831270888626
2025-05-22 00:00:00+05:30,1397.332763671875,12134466,24609.69921875,-0.013853748367148477,-0.008211272774042211
2025-05-23 00:00:00+05:30,1414.5838623046875,6474883,24853.150390625,0.012345734016484755,0.009892488718005854
2025-05-26 00:00:00+05:30,1422.5152587890625,4842944,25001.150390625,0.0056068761250060994,0.005954979456279652
2025-05-27 00:00:00+05:30,1409.9239501953125,12640414,24826.19921875,-0.008851440092437768,-0.0069977248703164685
2025-05-28 00:00:00+05:30,1400.8028564453125,5944611,24752.44921875,-0.006469209739104365,-0.0029706520659956714
2025-05-29 00:00:00+05:30,1405.660888671875,13771917,24833.599609375,0.003468034209246351,0.003278479228775888
2025-05-30 00:00:00+05:30,1408.7342529296875,13788484,24750.69921875,0.0021864194149390226,-0.00333823496911434
2025-06-02 00:00:00+05:30,1401.5958251953125,8098668,24716.599609375,-0.0050672635520357945,-0.0013777230725331435
2025-06-03 00:00:00+05:30,1393.466064453125,11252626,24542.5,-0.005800360272230853,-0.007043833380258491
2025-06-04 00:00:00+05:30,1411.3118896484375,8126827,24620.19921875,0.012806788518611167,0.003165904807986175
2025-06-05 00:00:00+05:30,1430.0501708984375,13716817,24750.900390625,0.013277207814544667,0.005308696762106768
2025-06-06 00:00:00+05:30,1431.140625,8182161,25003.05078125,0.0007625285628107825,0.01018752395450262
2025-06-09 00:00:00+05:30,1436.3953857421875,7885125,25103.19921875,0.0036717291441485944,0.004005448710087123
2025-06-10 00:00:00+05:30,1426.1834716796875,7913181,25104.25,-0.007109403277025583,4.18584595869298e-05
2025-06-11 00:00:00+05:30,1436.4945068359375,8195700,25141.400390625,0.007229809741173154,0.0014798446727146697
2025-06-12 00:00:00+05:30,1429.2569580078125,8828114,24888.19921875,-0.005038340761961302,-0.010071084662786611
2025-06-13 00:00:00+05:30,1415.67431640625,9757276,24718.599609375,-0.00950328877215667,-0.006814458847919758
2025-06-16 00:00:00+05:30,1425.489501953125,8458093,24946.5,0.006933222869926148,0.00921979376770854
2025-06-17 00:00:00+05:30,1418.9459228515625,10366599,24853.400390625,-0.004590408482557651,-0.0037319707924959866
2025-06-18 00:00:00+05:30,1417.85546875,6681735,24812.05078125,-0.0007684958841638334,-0.0016637405234334324
2025-06-19 00:00:00+05:30,1421.028076171875,10007230,24793.25,0.0022376098916994103,-0.0007577278241026608
2025-06-20 00:00:00+05:30,1453.6463623046875,29010635,25112.400390625,0.0229540053991637,0.01287247095983779
2025-06-23 00:00:00+05:30,1444.326904296875,5989078,24971.900390625,-0.006411090241396078,-0.0055948454872697395
2025-06-24 00:00:00+05:30,1438.378173828125,16402744,25044.349609375,-0.004118687016805178,0.0029012296868362597
2025-06-25 00:00:00+05:30,1454.737060546875,7525851,25244.75,0.011373147212886403,0.008001820520425307
2025-06-26 00:00:00+05:30,1482.4971923828125,14657893,25549.0,0.01908257690602988,0.012052010814129765
2025-06-27 00:00:00+05:30,1502.425048828125,11117052,25637.80078125,0.013442087140335568,0.003475704773181043
2025-06-30 00:00:00+05:30,1487.7518310546875,8409527,25517.05078125,-0.009766355922302017,-0.004709842354665206
2025-07-01 00:00:00+05:30,1515.3138427734375,10368523,25541.80078125,0.018525947099128137,0.0009699396772837598
2025-07-02 00:00:00+05:30,1505.796142578125,6361002,25453.400390625,-0.006281009205256427,-0.0034610085397696055
2025-07-03 00:00:00+05:30,1504.8045654296875,11283291,25405.30078125,-0.0006585068990413445,-0.00188971251922454
2025-07-04 00:00:00+05:30,1514.223388671875,6603501,25461.0,0.006259167109516239,0.0021924250859925998
2025-07-07 00:00:00+05:30,1528.3016357421875,7251074,25461.30078125,0.009297338276263556,1.1813410706551508e-05
2025-07-08 00:00:00+05:30,1524.43505859375,7171261,25522.5,-0.002529982994201152,0.0024036171315751087
2025-07-09 00:00:00+05:30,1505.9942626953125,8870660,25476.099609375,-0.012096806482165712,-0.00181801902732881
2025-07-10 00:00:00+05:30,1504.209716796875,10047129,25355.25,-0.00118496195014961,-0.004743646446198069
2025-07-11 00:00:00+05:30,1482.3980712890625,7234991,25149.849609375,-0.014500401948113417,-0.008100901810276007
2025-07-14 00:00:00+05:30,1470.9964599609375,10311846,25082.30078125,-0.007691329035668826,-0.002685854157148504
2025-07-15 00:00:00+05:30,1472.6820068359375,8132454,25195.80078125,0.0011458537942672375,0.004525103218794291
2025-07-16 00:00:00+05:30,1472.8802490234375,10409983,25212.05078125,0.0001346130302264381,0.0006449487413033861
2025-07-17 00:00:00+05:30,1463.759033203125,11854613,25111.44921875,-0.006192774888766461,-0.003990217351728331
2025-07-18 00:00:00+05:30,1463.3624267578125,10296318,24968.400390625,-0.00027095063894810867,-0.0056965580472427835
2025-07-21 00:00:00+05:30,1416.3682861328125,22442744,25090.69921875,-0.03211380842210021,0.004898144302865282
2025-07-22 00:00:00+05:30,1400.70361328125,20396320,25060.900390625,-0.011059745551301958,-0.0011876443882732346
2025-07-23 00:00:00+05:30,1412.4024658203125,8354596,25219.900390625,0.008352125623248163,0.006344544590244583
2025-07-24 00:00:00+05:30,1390.8883056640625,14740507,25062.099609375,-0.015232315630201554,-0.006256994627491075
2025-07-25 00:00:00+05:30,1379.7841796875,11854722,24837.0,-0.007983477847461673,-0.008981674037030651
2025-07-28 00:00:00+05:30,1375.7193603515625,7748361,24680.900390625,-0.002945981984557977,-0.006284962329387578
2025-07-29 00:00:00+05:30,1404.966796875,10750072,24821.099609375,0.02125974044296597,0.005680474234370125
2025-07-30 00:00:00+05:30,1398.0267333984375,7209849,24855.05078125,-0.004939663693119933,0.001367835124523431
2025-07-31 00:00:00+05:30,1378.2969970703125,17065827,24768.349609375,-0.01411256012262685,-0.0034882717656889994
2025-08-01 00:00:00+05:30,1381.76708984375,10321171,24565.349609375,0.002517666933043783,-0.008195943742782208
2025-08-04 00:00:00+05:30,1399.4146728515625,6312820,24722.75,0.012771749405182442,0.006407415043054421
2025-08-05 00:00:00+05:30,1379.7841796875,9315972,24649.55078125,-0.014027645661354837,-0.0029608040671041946
2025-08-06 00:00:00+05:30,1380.8748779296875,5834312,24574.19921875,0.0007904846701709545,-0.003056914228121266
2025-08-07 00:00:00+05:30,1377.50390625,9976705,24596.150390625,-0.002441185464059914,0.0008932609229541644
2025-08-08 00:00:00+05:30,1356.0888671875,8793606,24363.30078125,-0.015546263763997925,-0.009466912735407229
2025-08-11 00:00:00+05:30,1374.331298828125,9997486,24585.05078125,0.01345223906930193,0.009101804471857822
2025-08-12 00:00:00+05:30,1368.5810546875,12244664,24487.400390625,-0.004184030550368867,-0.003971941790719136
2025-08-13 00:00:00+05:30,1370.7620849609375,7457021,24619.349609375,0.00159364347911084,0.005388453516712133
2025-08-14 00:00:00+05:30,1367.4774169921875,7126128,24631.30078125,-0.002396234915443829,0.00048543816407109475
2025-08-18 00:00:00+05:30,1375.3409423828125,11785109,24876.94921875,0.005750387752597064,0.009973019276634965
2025-08-19 00:00:00+05:30,1413.564208984375,14384719,24980.650390625,0.0277918481328272,0.004168564680625764
2025-08-20 00:00:00+05:30,1406.4969482421875,8725641,25050.55078125,-0.004999603624136206,0.0027981813736617234
2025-08-21 00:00:00+05:30,1418.24267578125,11021323,25083.75,0.008351050852788644,0.0013252889742787488
2025-08-22 00:00:00+05:30,1402.71435546875,5818868,24870.099609375,-0.010948986783200665,-0.008517482060098724
2025-08-25 00:00:00+05:30,1406.0987548828125,5979407,24967.75,0.002412750251587381,0.003926417350905487
2025-08-26 00:00:00+05:30,1378.5262451171875,12145259,24712.05078125,-0.019609227068779322,-0.010241179872034878
2025-08-28 00:00:00+05:30,1379.521728515625,13161813,24500.900390625,0.0007221359781603987,-0.008544430103923584
2025-08-29 00:00:00+05:30,1350.9537353515625,18758842,24426.849609375,-0.02070862138199292,-0.0030223697933294824
2025-09-01 00:00:00+05:30,1347.6689453125,11232238,24625.05078125,-0.0024314600515965568,0.008114070174605414
2025-09-02 00:00:00+05:30,1360.2109375,11517006,24579.599609375,0.009306434069823899,-0.0018457290617897026
2025-09-03 00:00:00+05:30,1366.2828369140625,7847563,24715.05078125,0.004463939560155561,0.0055107151470170646
2025-09-04 00:00:00+05:30,1353.0440673828125,13223177,24734.30078125,-0.009689625876550978,0.0007788776228048189
2025-09-05 00:00:00+05:30,1368.671875,5777575,24741.0,0.011550109855192225,0.00027084730671167456
2025-09-08 00:00:00+05:30,1372.15576171875,6986720,24773.150390625,0.0025454506535760313,0.0012994782193525012
2025-09-09 00:00:00+05:30,1369.8662109375,9754452,24868.599609375,-0.001668579358936717,0.003852930178235292
2025-09-10 00:00:00+05:30,1370.66259765625,7790815,24973.099609375,0.0005813609478000359,0.0042020862308871365
2025-09-11 00:00:00+05:30,1376.9337158203125,9766072,25005.5,0.004575245705825681,0.0012974116602184615
2025-09-12 00:00:00+05:30,1388.579833984375,7403368,25114.0,0.008458009292861446,0.004339045410009845
2025-09-15 00:00:00+05:30,1392.8599853515625,5396697,25069.19921875,0.0030823948774383325,-0.0017838966811339896
2025-09-16 00:00:00+05:30,1398.8323974609375,8686961,25239.099609375,0.004287876866437168,0.006777256391098607
2025-09-17 00:00:00+05:30,1407.2933349609375,7519417,25330.25,0.0060485713051525725,0.003611475529465391
2025-09-18 00:00:00+05:30,1408.4876708984375,9332642,25423.599609375,0.0008486758999204369,0.0036853015416349333
2025-09-19 00:00:00+05:30,1400.9227294921875,13461373,25327.05078125,-0.005370967430211482,-0.0037976065391384095
2025-09-22 00:00:00+05:30,1384.199951171875,7757970,25202.349609375,-0.01193697408733907,-0.004923635718664832
2025-09-23 00:00:00+05:30,1383.40380859375,14014702,25169.5,-0.0005751644315916682,-0.0013034343973540308
2025-09-24 00:00:00+05:30,1376.635009765625,5922759,25056.900390625,-0.004892858315176718,-0.00447365300760838
2025-09-25 00:00:00+05:30,1366.0838623046875,11411143,24890.849609375,-0.007664448009885971,-0.006626948212322681
2025-09-26 00:00:00+05:30,1371.2598876953125,9879109,24654.69921875,0.0037889514205171615,-0.009487437927231501
2025-09-29 00:00:00+05:30,1366.48193359375,14231999,24634.900390625,-0.0034843534361621575,-0.0008030448049409777
2025-09-30 00:00:00+05:30,1357.722412109375,14604684,24611.099609375,-0.006410272444172027,-0.0009661407544825362
2025-10-01 00:00:00+05:30,1362.4007568359375,12045916,24836.30078125,0.003445729911237372,0.009150390492475902
2025-10-03 00:00:00+05:30,1357.125244140625,12842347,24894.25,-0.0038722179717254335,0.0023332467769816567
2025-10-06 00:00:00+05:30,1368.671875,12396580,25077.650390625,0.008508154209957652,0.007367178791287232
2025-10-07 00:00:00+05:30,1378.4267578125,11244040,25108.30078125,0.00712726183001311,0.0012222193924698033
2025-10-08 00:00:00+05:30,1361.1068115234375,8525081,25046.150390625,-0.012565010212474692,-0.0024752925801897474
2025-10-09 00:00:00+05:30,1371.458984375,8826633,25181.80078125,0.007605702038898432,0.005416017571936882
2025-10-10 00:00:00+05:30,1375.3409423828125,6373084,25285.349609375,0.0028305316105254885,0.0041120501676790155
2025-10-13 00:00:00+05:30,1368.671875,7600682,25227.349609375,-0.0048490284679943985,-0.0022938183927065925
2025-10-14 00:00:00+05:30,1369.5677490234375,9768174,25145.5,0.0006545571950453688,-0.003244479132464395
2025-10-15 00:00:00+05:30,1367.97509765625,10882743,25323.55078125,-0.001162886150263942,0.007080820872521931
2025-10-16 00:00:00+05:30,1391.8646240234375,12315932,25585.30078125,0.017463421964418302,0.010336228211479837
2025-10-17 00:00:00+05:30,1410.279541015625,19335561,25709.849609375,0.013230393728203227,0.004867983737610659
2025-10-20 00:00:00+05:30,1460.04931640625,24721978,25843.150390625,0.035290716445324666,0.005184813729964155
2025-10-21 00:00:00+05:30,1458.4566650390625,2066169,25868.599609375,-0.0010908202546936474,0.0009847568259027106
2025-10-23 00:00:00+05:30,1441.7340087890625,18707090,25891.400390625,-0.0114659946029676,0.0008814076368377499
2025-10-24 00:00:00+05:30,1444.9193115234375,9700837,25795.150390625,0.002209355342217556,-0.0037174505259611745
2025-10-27 00:00:00+05:30,1477.2696533203125,14113867,25966.05078125,0.022389029988648,0.006625291500029773
2025-10-28 00:00:00+05:30,1480.056884765625,17631577,25936.19921875,0.0018867452120525652,-0.001149638146805021
2025-10-29 00:00:00+05:30,1497.277099609375,11884745,26053.900390625,0.01163483310742941,0.0045381040946781415
2025-10-30 00:00:00+05:30,1481.6494140625,9318663,25877.849609375,-0.010437403705000348,-0.0067571756478100875
2025-10-31 00:00:00+05:30,1479.5592041015625,8758053,25722.099609375,-0.0014107318108448341,-0.006018660837397216
2025-11-03 00:00:00+05:30,1477.866943359375,8452085,25763.349609375,-0.0011437600722541408,0.0016036793506921665
2025-11-04 00:00:00+05:30,1466.3203125,10007806,25597.650390625,-0.0078130381840249,-0.006431586779760301
2025-11-06 00:00:00+05:30,1489.2144775390625,16772678,25509.69921875,0.015613345081491259,-0.0034359080045569534
2025-11-07 00:00:00+05:30,1471.19775390625,7821765,25492.30078125,-0.012098138921255441,-0.0006820322478444663
2025-11-10 00:00:00+05:30,1482.44580078125,7068438,25574.349609375,0.007645503023053557,0.0032185728871263475
2025-11-11 00:00:00+05:30,1486.5269775390625,7127506,25694.94921875,0.0027530023395538894,0.0047156471705849246
2025-11-12 00:00:00+05:30,1504.5435791015625,12384459,25875.80078125,0.01211992909292925,0.0070384090258497345
2025-11-13 00:00:00+05:30,1503.9464111328125,7196443,25879.150390625,-0.00039690971869799085,0.00012944949620363744
2025-11-14 00:00:00+05:30,1511.9095458984375,7682823,25910.05078125,0.005294826136542197,0.001194026471448284
2025-11-17 00:00:00+05:30,1511.3123779296875,5871416,26013.44921875,-0.0003949759893837612,0.0039906690408659795
2025-11-18 00:00:00+05:30,1512.4072265625,11045042,25910.05078125,0.0007244356949636099,-0.003974806902018679
2025-11-19 00:00:00+05:30,1511.9095458984375,5692366,26052.650390625,-0.0003290652512906167,0.005503640675154298
2025-11-20 00:00:00+05:30,1541.9705810546875,18171724,26192.150390625,0.019882826481121718,0.005354541588221684
2025-11-21 00:00:00+05:30,1539.4820556640625,9615271,26068.150390625,-0.001613860485537244,-0.0047342428227803435
2025-11-24 00:00:00+05:30,1528.831298828125,18433951,25959.5,-0.006918402716518335,-0.004167936312968079
2025-11-25 00:00:00+05:30,1532.61376953125,15033482,25884.80078125,0.0024740929270772316,-0.002877529180069005
2025-11-26 00:00:00+05:30,1562.6748046875,14054299,26205.30078125,0.019614227507197768,0.012381783530362567
2025-11-27 00:00:00+05:30,1556.2047119140625,9794643,26215.55078125,-0.004140396168178739,0.0003911422381892571
2025-11-28 00:00:00+05:30,1560.285888671875,8959508,26202.94921875,0.002622519213936192,-0.0004806903583736144
2025-12-01 00:00:00+05:30,1558.892333984375,8920233,26175.75,-0.0008931406081523763,-0.0010380212747401751
2025-12-02 00:00:00+05:30,1539.1834716796875,11389150,26032.19921875,-0.012642863060538412,-0.005484113396941881
2025-12-03 00:00:00+05:30,1531.718017578125,6090883,25986.0,-0.004850269145247221,-0.0017746951904364927
2025-12-04 00:00:00+05:30,1528.53271484375,11867930,26033.75,-0.002079562098127874,0.0018375278996383138
2025-12-05 00:00:00+05:30,1533.5096435546875,10183266,26186.44921875,0.003256017134998901,0.005865433091659877
2025-12-08 00:00:00+05:30,1535.898681640625,11301491,25960.55078125,0.001557889183141814,-0.00862653945989178
2025-12-09 00:00:00+05:30,1522.3612060546875,11503971,25839.650390625,-0.008814042063944538,-0.004657081109092687
2025-12-10 00:00:00+05:30,1529.8267822265625,7991629,25758.0,0.004903945359473916,-0.0031598875909956137
2025-12-11 00:00:00+05:30,1537.889404296875,4706197,25898.55078125,0.005270284298839245,0.0054565875164998
2025-12-12 00:00:00+05:30,1549.3365478515625,5106655,26046.94921875,0.007443411420030577,0.005729990019651465
2025-12-15 00:00:00+05:30,1549.037841796875,5774543,26027.30078125,-0.00019279610688960336,-0.0007543469807149705
2025-12-16 00:00:00+05:30,1535.201904296875,11731856,25860.099609375,-0.008931955777110256,-0.006424068837574293
2025-12-17 00:00:00+05:30,1537.292236328125,7116649,25818.55078125,0.0013616007284771303,-0.001606677033445636
2025-12-18 00:00:00+05:30,1537.292236328125,6580829,25815.55078125,0.0,-0.00011619552256891819
2025-12-19 00:00:00+05:30,1557.8968505859375,13937275,25966.400390625,0.013403186310904314,0.005843362036054733
2025-12-22 00:00:00+05:30,1568.1495361328125,10184852,26172.400390625,0.00658110679344337,0.00793332910611566
2025-12-23 00:00:00+05:30,1563.4710693359375,7506564,26177.150390625,-0.002983431547231463,0.00018148889399149937
2025-12-24 00:00:00+05:30,1551.0286865234375,8815745,26142.099609375,-0.00795817911602592,-0.0013389838361685946
2025-12-26 00:00:00+05:30,1552.0240478515625,2311495,26042.30078125,0.0006417426942348925,-0.0038175521330050532
2025-12-29 00:00:00+05:30,1538.4866943359375,5972105,25942.099609375,-0.008722386443924313,-0.003847631310177624
2025-12-30 00:00:00+05:30,1532.71337890625,8815884,25938.849609375,-0.0037525936694431383,-0.00012527898855285713
2025-12-31 00:00:00+05:30,1563.172607421875,5771830,26129.599609375,0.019872749161595316,0.0073538342244390265
2026-01-01 00:00:00+05:30,1568.3485107421875,6408128,26146.55078125,0.0033111527772029525,0.0006487344669803274
2026-01-02 00:00:00+05:30,1584.9718017578125,6602230,26328.55078125,0.010599232824698213,0.006960765170238581
2026-01-05 00:00:00+05:30,1570.8370361328125,8704973,26250.30078125,-0.008917991859113128,-0.0029720587604740167
2026-01-06 00:00:00+05:30,1500.6614990234375,27417125,26178.69921875,-0.04467397667305939,-0.0027276473171363724
2026-01-07 00:00:00+05:30,1497.277099609375,11199340,26140.75,-0.0022552717026890212,-0.001449622016468255
2026-01-08 00:00:00+05:30,1463.831787109375,16518684,25876.849609375,-0.022337423385908717,-0.010095364158449915
2026-01-09 00:00:00+05:30,1468.51025390625,8335311,25683.30078125,0.003196041265173921,-0.007479613285493514
2026-01-12 00:00:00+05:30,1476.373779296875,8883745,25790.25,0.0053547636931428055,0.004164153963733375
2026-01-13 00:00:00+05:30,1446.11376953125,13499760,25732.30078125,-0.020496171220296455,-0.002246942885392733
2026-01-14 00:00:00+05:30,1452.086181640625,8321764,25665.599609375,0.004129973889475558,-0.00259211846006413
2026-01-16 00:00:00+05:30,1451.1903076171875,17167161,25694.349609375,-0.0006169565104086061,0.0011201764399650926
2026-01-19 00:00:00+05:30,1407.0941162109375,20392765,25585.5,-0.030386222382269512,-0.004236324757381116
2026-01-20 00:00:00+05:30,1387.5843505859375,13189498,25232.5,-0.013865288327362557,-0.013796877137441155
2026-01-21 00:00:00+05:30,1398.1356201171875,17352720,25157.5,0.007604056306050433,-0.0029723570791637677
2026-01-22 00:00:00+05:30,1396.0452880859375,15721693,25289.900390625,-0.0014950853130218933,0.00526285960946038
2026-01-23 00:00:00+05:30,1379.720703125,9837802,25048.650390625,-0.011693449417618407,-0.009539381186706164
2026-01-27 00:00:00+05:30,1374.146484375,26302396,25175.400390625,-0.00404010662257559,0.005060152863462841
2026-01-28 00:00:00+05:30,1390.2718505859375,11121657,25342.75,0.011734823320726173,0.006647346488174222
2026-01-29 00:00:00+05:30,1384.59814453125,20846683,25418.900390625,-0.00408100477061113,0.0030048195489833507
2026-01-30 00:00:00+05:30,1388.9779052734375,11239835,25320.650390625,0.0031631999215702145,-0.003865234077404689
2026-02-02 00:00:00+05:30,1384.0009765625,15711165,25088.400390625,-0.0035831590207748842,-0.00917235522852089
2026-02-03 00:00:00+05:30,1430.4859619140625,25456171,25727.55078125,0.033587393461975035,0.025475932330218942
2026-02-04 00:00:00+05:30,1450.095458984375,8333387,25776.0,0.013708276482541581,0.0018831648283172964
2026-02-05 00:00:00+05:30,1436.757080078125,11763658,25642.80078125,-0.009198276446980902,-0.00516756745616076
2026-02-06 00:00:00+05:30,1444.123046875,8277304,25693.69921875,0.0051268004167235315,0.0019849016468285186
2026-02-09 00:00:00+05:30,1454.873291015625,5775864,25867.30078125,0.007444133077086468,0.006756581098813275
2026-02-10 00:00:00+05:30,1451.7874755859375,10259630,25935.150390625,-0.002121020056346845,0.0026229876069705504
2026-02-11 00:00:00+05:30,1461.9405517578125,7106877,25953.849609375,0.0069935003177907795,0.0007209990483325601
2026-02-12 00:00:00+05:30,1442.231689453125,11135399,25807.19921875,-0.01348130215075427,-0.00565042923620962
2026-02-13 00:00:00+05:30,1413.0665283203125,10755693,25471.099609375,-0.02022224400288386,-0.01302348257655217
2026-02-16 00:00:00+05:30,1430.4859619140625,5896514,25682.75,0.012327398069824858,0.008309432803093486
2026-02-17 00:00:00+05:30,1416.450927734375,10731630,25725.400390625,-0.009811374982602317,0.00166066292063749
2026-02-18 00:00:00+05:30,1434.666748046875,5521096,25819.349609375,0.012860184532927255,0.003652002197183979
2026-02-19 00:00:00+05:30,1403.0130615234375,11884664,25454.349609375,-0.022063441957186347,-0.014136684522350174
2026-02-20 00:00:00+05:30,1412.8675537109375,8177670,25571.25,0.007023806447532088,0.004592550680687868
2026-02-23 00:00:00+05:30,1421.4278564453125,7758856,25713.0,0.006058814721798367,0.00554333479982394
2026-02-24 00:00:00+05:30,1422.2242431640625,12529409,25424.650390625,0.0005602723452611258,-0.011214156627970318
2026-02-25 00:00:00+05:30,1392.063720703125,10728792,25482.5,-0.02120658722132207,0.002275335490801167
2026-02-26 00:00:00+05:30,1400.3255615234375,16683858,25496.55078125,0.0059349587935093595,0.0005513894339252978
2026-02-27 00:00:00+05:30,1387.48486328125,12031440,25178.650390625,-0.009169794935556141,-0.012468368500212268
2026-03-02 00:00:00+05:30,1351.75,23728722,24865.69921875,-0.025755137390645833,-0.012429227421638323
2026-03-04 00:00:00+05:30,1338.8099365234375,32495007,24480.5,-0.009572822989874274,-0.015491187895474101
2026-03-05 00:00:00+05:30,1383.005615234375,25957532,24765.900390625,0.03301116723536035,0.011658274570576665
2026-03-06 00:00:00+05:30,1398.334716796875,19311971,24450.44921875,0.011083904066363504,-0.012737318930444053
2026-03-09 00:00:00+05:30,1417.4462890625,24870822,24028.05078125,0.013667380231682458,-0.017275692308183932
2026-03-10 00:00:00+05:30,1402.3162841796875,18071259,24261.599609375,-0.010674129241834973,0.009719840791548862
2026-03-11 00:00:00+05:30,1383.8017578125,21848087,23866.849609375,-0.01320281777802923,-0.01627056774308744
2026-03-12 00:00:00+05:30,1385.7926025390625,20939959,23639.150390625,0.0014386776973818183,-0.009540396930332928
2026-03-13 00:00:00+05:30,1374.3455810546875,17265090,23151.099609375,-0.008260270305528894,-0.02064586811222946
2026-03-16 00:00:00+05:30,1388.6793212890625,22837802,23408.80078125,0.010429502180503425,0.011131271353117311
2026-03-17 00:00:00+05:30,1391.167724609375,19007744,23581.150390625,0.0017919207711702967,0.007362598835607637
2026-03-18 00:00:00+05:30,1401.6195068359375,9559327,23777.80078125,0.007512956232144763,0.008339304375208911
2026-03-19 00:00:00+05:30,1378.4267578125,16498373,23002.150390625,-0.016547107763784985,-0.03262077926216955
2026-03-20 00:00:00+05:30,1407.8905029296875,22994918,23114.5,0.0213749079885428,0.004884308965338757
2026-03-23 00:00:00+05:30,1401.3209228515625,18979554,22512.650390625,-0.004666257826481779,-0.026037751600726855
2026-03-24 00:00:00+05:30,1405.302490234375,18620893,22912.400390625,0.0028412958929566745,0.017756683156527453
2026-03-25 00:00:00+05:30,1406.596435546875,19041331,23306.44921875,0.0009207592824262978,0.01719805962740728
2026-03-27 00:00:00+05:30,1341.8956298828125,23266517,22819.599609375,-0.04599812997457742,-0.02088905112938999
2026-03-30 00:00:00+05:30,1337.7149658203125,24393861,22331.400390625,-0.003115491227037581,-0.02139385559374285
2026-04-01 00:00:00+05:30,1362.8984375,14404619,22679.400390625,0.01882573816032962,0.015583438293735208
2026-04-02 00:00:00+05:30,1344.2845458984375,21280051,22713.099609375,-0.013657577915861752,0.0014858954897207788
2026-04-06 00:00:00+05:30,1298.6953125,29274881,22968.25,-0.03391338056926663,0.01123362266767347
2026-04-07 00:00:00+05:30,1298.5958251953125,28388922,23123.650390625,-7.660557771316245e-05,0.0067658785769486585
2026-04-08 00:00:00+05:30,1341.5970458984375,21817543,23997.349609375,0.03311362925154748,0.03778379295615997
2026-04-09 00:00:00+05:30,1323.87890625,20725390,23775.099609375,-0.013206752133664734,-0.009261439434677166
2026-04-10 00:00:00+05:30,1343.9859619140625,19364461,24050.599609375,0.015187987035020889,0.011587753764504383
2026-04-13 00:00:00+05:30,1309.0474853515625,28753269,23842.650390625,-0.02599616182950437,-0.008646321593950623
2026-04-15 00:00:00+05:30,1337.9140625,15313779,24231.30078125,0.02205158901526394,0.016300637062472756
2026-04-16 00:00:00+05:30,1337.1177978515625,30211012,24196.75,-0.0005951538075245066,-0.0014258739785333319
2026-04-17 00:00:00+05:30,1358.7178955078125,13869105,24353.55078125,0.016154221932395352,0.006480241406387144
2026-04-20 00:00:00+05:30,1357.0257568359375,13614733,24364.849609375,-0.0012453936740434157,0.00046394992773279853
2026-04-21 00:00:00+05:30,1347.07177734375,27293629,24576.599609375,-0.00733514411354752,0.008690798564113589
2026-04-22 00:00:00+05:30,1355.8311767578125,9525953,24378.099609375,0.006502548387833373,-0.00807678861823835
2026-04-23 00:00:00+05:30,1337.21728515625,16385079,24173.05078125,-0.013728767947403075,-0.008411190019346093
2026-04-24 00:00:00+05:30,1321.6890869140625,11744802,23897.94921875,-0.011612322406057696,-0.011380506539678703
2026-04-27 00:00:00+05:30,1359.51416015625,24673098,24092.69921875,0.02861873765675349,0.008149234824183171
2026-04-28 00:00:00+05:30,1382.5078125,41027699,23995.69921875,0.016913139279922884,-0.004026115924964935
2026-04-29 00:00:00+05:30,1418.83984375,30542143,24177.650390625,0.026279801764230504,0.007582657634449097
2026-04-30 00:00:00+05:30,1424.215087890625,30957881,23997.55078125,0.0037884784278527928,-0.007449012061355398
2026-05-04 00:00:00+05:30,1456.3663330078125,24035700,24119.30078125,0.022574711776720546,0.005073434414612388
2026-05-05 00:00:00+05:30,1456.864013671875,23543341,24032.80078125,0.0003417276634201105,-0.0035863394542201554
2026-05-06 00:00:00+05:30,1431.2823486328125,14221786,24330.94921875,-0.017559404857963812,0.01240589643353629
2026-05-07 00:00:00+05:30,1429.590087890625,19816903,24326.650390625,-0.0011823388612344221,-0.00017668148029703623
2026-05-08 00:00:00+05:30,1428.5947265625,8663105,24176.150390625,-0.0006962564559982454,-0.006186630612244115
2026-05-11 00:00:00+05:30,1381.81103515625,15261787,23815.849609375,-0.0327480499097329,-0.014903149402549887
2026-05-12 00:00:00+05:30,1357.722412109375,24357500,23379.55078125,-0.017432646312707356,-0.018319683541890175
2026-05-13 00:00:00+05:30,1352.54638671875,13797989,23412.599609375,-0.00381228544543466,0.0014135784059419176
2026-05-14 00:00:00+05:30,1355.5325927734375,17303059,23689.599609375,0.0022078400297471656,0.011831236369372666
2026-05-15 00:00:00+05:30,1330.24951171875,19976192,23643.5,-0.01865176919350786,-0.0019459851637491088
2026-05-18 00:00:00+05:30,1329.7518310546875,13022473,23649.94921875,-0.0003741258009706261,0.0002727692071817778
2026-05-19 00:00:00+05:30,1316.6124267578125,21665501,23618.0,-0.009881095096107906,-0.0013509212410769411
2026-05-20 00:00:00+05:30,1353.442138671875,13248515,23659.0,0.027973085446836077,0.0017359640951817301
2026-05-21 00:00:00+05:30,1343.388671875,17150630,23654.69921875,-0.007428072844503308,-0.00018178203854768427
2026-05-22 00:00:00+05:30,1348.26611328125,7105813,23719.30078125,0.0036307001155833074,0.002731024474358801
2026-05-25 00:00:00+05:30,1360.7086181640625,6750071,24031.69921875,0.009228523034322533,0.01317064277657587
2026-05-26 00:00:00+05:30,1350.0579833984375,13769747,23913.69921875,-0.00782727074955647,-0.004910181295375682
2026-05-27 00:00:00+05:30,1344.2845458984375,13215138,23907.150390625,-0.004276436694568342,-0.00027385257567613674
2026-05-29 00:00:00+05:30,1315.119384765625,42634247,23547.75,-0.021695675384946322,-0.015033175629577955
2026-06-01 00:00:00+05:30,1313.9249267578125,10700603,23382.599609375,-0.0009082506285353897,-0.007013425513053284
2026-06-02 00:00:00+05:30,1308.5498046875,23302785,23483.55078125,-0.004090889791988239,0.00431736306319519
2026-06-03 00:00:00+05:30,1307.15625,20012293,23405.599609375,-0.001064961136754583,-0.0033193946094914883
2026-06-04 00:00:00+05:30,1297.699951171875,23474327,23416.55078125,-0.007234252850892964,0.00046788683297016576
2026-06-05 00:00:00+05:30,1291.0,17785223,23366.69921875,-0.005162943225685335,-0.0021289028843615165
2026-06-08 00:00:00+05:30,1263.300048828125,16494759,23123.0,-0.021456197654434517,-0.010429338627102713
2026-06-09 00:00:00+05:30,1269.199951171875,23620214,23242.099609375,0.0046702304406802675,0.005150698844224255
2026-06-10 00:00:00+05:30,1258.800048828125,21012796,23214.94921875,-0.00819406141179535,-0.0011681556778996294
2026-06-11 00:00:00+05:30,1263.0,13117486,23161.599609375,0.003336472043979466,-0.0022980713363744965
2026-06-12 00:00:00+05:30,1293.0,11988785,23622.900390625,0.02375296912114022,0.019916620139797336
2026-06-15 00:00:00+05:30,1307.0,18633321,23853.900390625,0.010827532869296164,0.009778646829145199
2026-06-16 00:00:00+05:30,1328.800048828125,18513223,23989.150390625,0.0166794558746175,0.005669932287180934
2026-06-17 00:00:00+05:30,1332.699951171875,10029170,24085.69921875,0.002934905328449755,0.004024687267071059
2026-06-18 00:00:00+05:30,1328.0999755859375,15494549,24168.0,-0.003451621335989863,0.0034169978003351087
2026-06-19 00:00:00+05:30,1309.5,24887034,24013.099609375,-0.014004951380058195,-0.006409317718677587
2026-06-22 00:00:00+05:30,1326.5,12931213,24102.900390625,0.012982054219167649,0.0037396580495980825
2026-06-23 00:00:00+05:30,1309.5,15400184,23824.099609375,-0.012815680361854542,-0.011567105067506356
2026-06-24 00:00:00+05:30,1313.5999755859375,11030917,24021.650390625,0.0031309473737590743,0.008292056551520766
2026-06-25 00:00:00+05:30,1318.0999755859375,12694362,24056.0,0.00342570042907675,0.0014299437722400388
2026-06-29 00:00:00+05:30,1301.0,13757656,23946.25,-0.01297320074551711,-0.004562271366810755
2026-06-30 00:00:00+05:30,1293.9000244140625,15695263,23865.75,-0.005457321741689114,-0.0033616954637991636
2026-07-01 00:00:00+05:30,1308.0,7001401,24005.849609375,0.010897268196839782,0.0058703208311072785
2026-07-02 00:00:00+05:30,1303.5,17795024,24175.69921875,-0.0034403669724770714,0.007075342557701703
2026-07-03 00:00:00+05:30,1304.0,7839550,24270.849609375,0.0003835826620637306,0.003935786500487426
2026-07-06 00:00:00+05:30,1321.300048828125,7610709,24430.349609375,0.013266908610525263,0.006571669412775316
2026-07-07 00:00:00+05:30,1308.4000244140625,14335554,24398.69921875,-0.009763130203093273,-0.0012955357222089736
2026-07-08 00:00:00+05:30,1275.9000244140625,19960868,23882.05078125,-0.024839498160781792,-0.02117524515827318
2026-07-09 00:00:00+05:30,1279.800048828125,14651963,23962.80078125,0.0030566849591946443,0.0033812004144717633
2026-07-10 00:00:00+05:30,1307.800048828125,8412537,24206.900390625,0.02187841766816523,0.01018660596494203
2026-07-13 00:00:00+05:30,1296.9000244140625,9488352,24211.0,-0.008334626095043873,0.0001693570555851842
2026-07-14 00:00:00+05:30,1293.0,13511284,24052.05078125,-0.0030071897144303694,-0.006565165369047166
2026-07-15 00:00:00+05:30,1295.5,9577965,24078.5,0.0019334880123742515,0.0010996658451518648
2026-07-16 00:00:00+05:30,1296.5999755859375,15631046,24072.75,0.0008490741689983761,-0.00023880225097083763
2026-07-17 00:00:00+05:30,1327.199951171875,18302218,24334.30078125,0.023600166714571547,0.010865014643113069
2026-07-20 00:00:00+05:30,1323.0999755859375,14305844,24238.5,-0.0030891920861791933,-0.003936861885253551
2026-07-21 00:00:00+05:30,1303.699951171875,12753410,24187.69921875,-0.014662553678508772,-0.002095871495760848
2026-07-22 00:00:00+05:30,1288.5999755859375,10840383,23996.25,-0.011582400975289064,-0.0079151479856997
2026-07-23 00:00:00+05:30,1272.199951171875,12580741,23869.599609375,-0.01272700971968066,-0.0052779242850445884
2026-07-24 00:00:00+05:30,1278.0,9817000,23767.44921875,0.004559070154642297,-0.004279518395644999
2026-07-27 00:00:00+05:30,1280.0,7163132,23995.94921875,0.0015649452269170805,0.009613989195766948
2026-07-28 00:00:00+05:30,1267.699951171875,9312184,23985.349609375,-0.009609413146972612,-0.0004417249460887396
2026-07-29 00:00:00+05:30,1275.9000244140625,9448307,24250.19921875,0.006468465376690435,0.011042140877174367
2026-07-30 00:00:00+05:30,1292.9000244140625,12158451,24317.150390625,0.01332392795258941,0.0027608503860552247
2026-07-31 00:00:00+05:30,1307.800048828125,8624996,24383.599609375,0.011524498517056836,0.0027326071386892803
2026-08-03 00:00:00+05:30,1319.0,7508023,24774.30078125,0.008563962955889792,0.01602311299947612
2026-08-04 00:00:00+05:30,1290.9000244140625,10759546,24614.900390625,-0.021303999686078434,-0.006434102501316152
2026-08-05 00:00:00+05:30,1280.0,24820782,24624.650390625,-0.00844374018740146,0.00039610154196334513
2026-08-06 00:00:00+05:30,1325.0,20342297,24636.0,0.03515625,0.0004609043862535689
2026-08-07 00:00:00+05:30,1334.800048828125,9885638,24570.650390625,0.00739626326650944,-0.0026526063230638552
2026-08-10 00:00:00+05:30,1327.300048828125,8207102,24583.80078125,-0.005618819093230143,0.0005352072662276885
2026-08-11 00:00:00+05:30,1323.9000244140625,9953124,24471.69921875,-0.002561609499724171,-0.00455997685213505
2026-08-12 00:00:00+05:30,1329.0,7901012,24435.94921875,0.003852236189960445,-0.0014608711753293369
2026-08-13 00:00:00+05:30,1317.0,9397301,24395.849609375,-0.009029345372460473,-0.0016410088683697088
2026-08-14 00:00:00+05:30,1310.0,10497358,24366.0,-0.005315110098709219,-0.001223552770366676
2026-08-17 00:00:00+05:30,1316.0,13383867,24287.650390625,0.004580152671755711,-0.003215530221415075
2026-08-18 00:00:00+05:30,1322.0,10180567,24154.900390625,0.004559270516717229,-0.00546574073098649
2026-08-19 00:00:00+05:30,1311.0,7489365,24078.30078125,-0.008320726172465931,-0.003171182995427735
2026-08-20 00:00:00+05:30,1313.199951171875,5546227,24231.849609375,0.0016780710693173884,0.006377062464663963
2026-08-21 00:00:00+05:30,1316.0,5434871,24252.0,0.0021322334238791374,0.000831566345525836
2026-08-24 00:00:00+05:30,1309.800048828125,7277167,24219.05078125,-0.004711209097169489,-0.0013586186190829297
2026-08-25 00:00:00+05:30,1317.0,7115355,24334.55078125,0.0054969849621830935,0.004768973030496282
2026-08-26 00:00:00+05:30,1298.0,5744474,24207.75,-0.014426727410782103,-0.00521073030646213
2026-08-27 00:00:00+05:30,1282.199951171875,11271497,24090.849609375,-0.012172610807492323,-0.00482904816122931
2026-08-28 00:00:00+05:30,1287.0,6830228,24175.650390625,0.0037436039704557,0.0035200411203846205
2026-08-31 00:00:00+05:30,1277.0,34871137,24080.400390625,-0.007770007770007803,-0.003939914685270995
2026-09-01 00:00:00+05:30,1309.0,12617528,24055.80078125,0.025058731401722767,-0.0010215614763854353
2026-09-02 00:00:00+05:30,1313.0999755859375,13497841,23914.44921875,0.003132143304765078,-0.005875986577431824
2026-09-03 00:00:00+05:30,1302.5,9721454,23873.44921875,-0.008072481747787408,-0.0017144446700387839
2026-09-04 00:00:00+05:30,1322.0,13031534,23897.69921875,0.01497120921305184,0.0010157727849795517
2026-09-07 00:00:00+05:30,1309.5,10210522,23779.150390625,-0.009455370650529482,-0.004960679563327464
2026-09-08 00:00:00+05:30,1294.9000244140625,9799528,23635.099609375,-0.011149274979715518,-0.00605786072604142
2026-09-09 00:00:00+05:30,1279.0,12152819,23431.5,-0.01227895908122889,-0.008614290302979777
2026-09-10 00:00:00+05:30,1274.0,9296079,23477.80078125,-0.003909304143862369,0.0019760058574995742
2026-09-11 00:00:00+05:30,1257.5,8777736,23398.099609375,-0.01295133437990581,-0.0033947460674703667
2026-09-15 00:00:00+05:30,1235.300048828125,13754376,23118.599609375,-0.017654036717196786,-0.011945414570677881
2026-09-16 00:00:00+05:30,1240.0,10023997,23217.599609375,0.003804704109203083,0.004282266299549198
2026-09-17 00:00:00+05:30,1243.9000244140625,7752895,23270.599609375,0.0031451809790825624,0.0022827510548764085
2026-09-18 00:00:00+05:30,1226.4000244140625,15122715,23346.400390625,-0.014068654760452604,0.0032573626173113546
2026-09-21 00:00:00+05:30,1247.4000244140625,10007218,23414.30078125,0.01712328733035795,0.002908387995104622
2026-09-22 00:00:00+05:30,1240.4000244140625,10684376,23329.0,-0.005611672168507553,-0.00364310606782281
2026-09-23 00:00:00+05:30,1248.0,8352048,23446.80078125,0.006127035985449503,0.0050495426829269
2026-09-24 00:00:00+05:30,1219.199951171875,13923795,23063.099609375,-0.023076962202023266,-0.016364755919359375
2026-09-25 00:00:00+05:30,1226.0,13138735,23140.5,0.005577468094211113,0.003356027244210358
